engine,prompt,arm,citation_field,url,domain,linkedin_url_type,utm_source
ai_mode,What do recruiters actually think of one page resumes?,main,citations,https://www.linkedin.com/posts/jehakjerrylee_do-not-have-more-than-one-page-on-your-resume-activity-7433919005901443073-6ql9,linkedin.com,posts,
ai_mode,What do recruiters actually think of one page resumes?,main,citations,https://www.linkedin.com/posts/shelleypiedmont_your-resume-should-only-be-one-page-i-have-activity-7295792595014746112-plCJ,linkedin.com,posts,
ai_mode,What do recruiters actually think of one page resumes?,main,citations,https://www.youtube.com/shorts/EzRf2tOs9U8,youtube.com,,
ai_mode,What do recruiters actually think of one page resumes?,main,citations,https://www.linkedin.com/posts/davidfano_the-one-page-resume-rule-is-a-lie-stop-activity-7303052510586437634-VVLk,linkedin.com,posts,
ai_mode,What do recruiters actually think of one page resumes?,main,links_attached,https://www.linkedin.com/posts/shelleypiedmont_your-resume-should-only-be-one-page-i-have-activity-7295792595014746112-plCJ,linkedin.com,posts,
ai_mode,What do recruiters actually think of one page resumes?,main,links_attached,https://www.linkedin.com/posts/jehakjerrylee_do-not-have-more-than-one-page-on-your-resume-activity-7433919005901443073-6ql9,linkedin.com,posts,
ai_mode,What do recruiters actually think of one page resumes?,main,links_attached,https://www.linkedin.com/posts/jehakjerrylee_do-not-have-more-than-one-page-on-your-resume-activity-7433919005901443073-6ql9,linkedin.com,posts,
ai_mode,What do recruiters actually think of one page resumes?,main,links_attached,https://www.linkedin.com/posts/jehakjerrylee_do-not-have-more-than-one-page-on-your-resume-activity-7433919005901443073-6ql9,linkedin.com,posts,
ai_mode,Do hiring managers care about cover letters anymore?,main,citations,https://www.reddit.com/r/jobsearchhacks/comments/1qi03iz/are_cover_letters_necessary_in_2026/,reddit.com,,
ai_mode,Do hiring managers care about cover letters anymore?,main,citations,https://www.linkedin.com/posts/jason-boske-70941989_ive-been-thinking-a-lot-about-the-role-of-activity-7462507153333866496-6YjI,linkedin.com,posts,
ai_mode,Do hiring managers care about cover letters anymore?,main,citations,https://www.forbes.com/sites/carolinecenizalevine/2026/06/14/do-cover-letters-still-matter-6-recruiters-weigh-in/,forbes.com,,
ai_mode,Do hiring managers care about cover letters anymore?,main,citations,https://www.linkedin.com/pulse/do-cover-letters-still-matter-2026-we-surveyed-both-sides-kurtuy--llvre,linkedin.com,pulse,
ai_mode,Do hiring managers care about cover letters anymore?,main,citations,https://blog.workboxstaffing.com/do-hiring-managers-still-read-cover-letters,blog.workboxstaffing.com,,
ai_mode,Do hiring managers care about cover letters anymore?,main,citations,https://www.linkedin.com/posts/madelinemann_this-cover-letter-formula-actually-gets-interviews-activity-7427738636202344449-uvBa,linkedin.com,posts,
ai_mode,Do hiring managers care about cover letters anymore?,main,citations,https://www.reddit.com/r/LifeProTips/comments/1rim5bk/lpt_when_job_hunting_pay_attention_to_roles_that/,reddit.com,,
ai_mode,Do hiring managers care about cover letters anymore?,main,citations,https://www.instagram.com/p/DZf2RAvE0J_/,instagram.com,,
ai_mode,Do hiring managers care about cover letters anymore?,main,citations,https://www.instagram.com/p/DaiRCmrHZK9/,instagram.com,,
ai_mode,Do hiring managers care about cover letters anymore?,main,citations,https://medium.com/pen-with-paper/cover-letters-arent-dead-they-are-just-evolving-48cb826e97b6,medium.com,,
ai_mode,Do hiring managers care about cover letters anymore?,main,citations,https://www.jobscan.co/blog/should-you-include-cover-letter/,jobscan.co,,
ai_mode,Do hiring managers care about cover letters anymore?,main,citations,https://resumeworded.com/blog/are-cover-letters-still-necessary/,resumeworded.com,,
ai_mode,Do hiring managers care about cover letters anymore?,main,citations,https://www.pridestaff.com/blog/when-and-when-not-to-include-a-cover-letter/,pridestaff.com,,
ai_mode,Do hiring managers care about cover letters anymore?,main,citations,https://www.beamjobs.com/cover-letter-help/are-cover-letters-necessary,beamjobs.com,,
ai_mode,Do hiring managers care about cover letters anymore?,main,citations,https://resume.io/blog/cover-letter-length,resume.io,,
ai_mode,Do hiring managers care about cover letters anymore?,main,citations,https://careersteering.com/executive-cover-letters-are-not-dead/,careersteering.com,,
ai_mode,Do hiring managers care about cover letters anymore?,main,links_attached,https://www.forbes.com/sites/carolinecenizalevine/2026/06/14/do-cover-letters-still-matter-6-recruiters-weigh-in/,forbes.com,,
ai_mode,Do hiring managers care about cover letters anymore?,main,links_attached,https://www.linkedin.com/posts/jason-boske-70941989_ive-been-thinking-a-lot-about-the-role-of-activity-7462507153333866496-6YjI,linkedin.com,posts,
ai_mode,Do hiring managers care about cover letters anymore?,main,links_attached,https://www.forbes.com/sites/carolinecenizalevine/2026/06/14/do-cover-letters-still-matter-6-recruiters-weigh-in/,forbes.com,,
ai_mode,Do hiring managers care about cover letters anymore?,main,links_attached,https://www.reddit.com/r/jobsearchhacks/comments/1qi03iz/are_cover_letters_necessary_in_2026/,reddit.com,,
ai_mode,Do hiring managers care about cover letters anymore?,main,links_attached,https://www.linkedin.com/posts/jason-boske-70941989_ive-been-thinking-a-lot-about-the-role-of-activity-7462507153333866496-6YjI,linkedin.com,posts,
ai_mode,Do hiring managers care about cover letters anymore?,main,links_attached,https://www.reddit.com/r/jobsearchhacks/comments/1qi03iz/are_cover_letters_necessary_in_2026/,reddit.com,,
ai_mode,Do hiring managers actually look at personal websites and portfolios?,main,citations,https://www.reddit.com/r/cscareerquestions/comments/1btmeqx/are_recruiters_even_looking_at_my_github_or/,reddit.com,,
ai_mode,Do hiring managers actually look at personal websites and portfolios?,main,citations,https://www.reddit.com/r/cscareerquestions/comments/v94vm7/do_you_guys_have_personal_websitesportfolios_you/,reddit.com,,
ai_mode,Do hiring managers actually look at personal websites and portfolios?,main,citations,https://www.linkedin.com/posts/jamesgunaca_i-recently-surveyed-hiring-managers-about-activity-7341420059203883008-Wjh5,linkedin.com,posts,
ai_mode,Do hiring managers actually look at personal websites and portfolios?,main,citations,https://presentum.io/design/hiring-explained/evaluating-portfolio-and-resume,presentum.io,,
ai_mode,Do hiring managers actually look at personal websites and portfolios?,main,citations,https://blog.opendoorscareers.com/p/how-recruiters-and-hiring-managers-actually-look-at-your-portfolio,blog.opendoorscareers.com,,
ai_mode,Do hiring managers actually look at personal websites and portfolios?,main,citations,https://www.reddit.com/r/fashiondesigner/comments/1pp1fdg/i_need_help_with_my_fashion_portfolio/,reddit.com,,
ai_mode,Do hiring managers actually look at personal websites and portfolios?,main,citations,https://www.reddit.com/r/jobs/comments/167rq6g/do_companies_still_care_about_job_hopping/,reddit.com,,
ai_mode,Do hiring managers actually look at personal websites and portfolios?,main,citations,https://www.linkedin.com/pulse/resume-vs-portfolio-which-one-carries-more-weight-todays-cunha-gxsqf,linkedin.com,pulse,
ai_mode,Do hiring managers actually look at personal websites and portfolios?,main,citations,https://www.reddit.com/r/ProductManagement/comments/1g0gck7/some_tips_from_a_hiring_manager_apm_to_spm/,reddit.com,,
ai_mode,Do hiring managers actually look at personal websites and portfolios?,main,citations,https://www.reddit.com/r/Accounting/comments/1ulan6l/do_not_claim_that_you_know_vlookup_and_xlookup_in/,reddit.com,,
ai_mode,Do hiring managers actually look at personal websites and portfolios?,main,citations,https://www.linkedin.com/posts/yauhanmehta_you-spent-hours-on-your-linkedin-updated-activity-7457413954156556288-HW-e,linkedin.com,posts,
ai_mode,Do hiring managers actually look at personal websites and portfolios?,main,citations,https://www.studentjob.co.uk/blog/6901-a-personal-website-won-t-get-you-hired-but-not-having-one-might-cost-you-an-interview,studentjob.co.uk,,
ai_mode,Do hiring managers actually look at personal websites and portfolios?,main,citations,https://thisisanitsupportgroup.com/blog/build-it-portfolio-that-gets-you-hired-2026/,thisisanitsupportgroup.com,,
ai_mode,Do hiring managers actually look at personal websites and portfolios?,main,citations,https://medium.com/@siropinas/how-to-create-a-strong-product-design-portfolio-in-2025-and-get-hired-part-1-16889999c255,medium.com,,
ai_mode,Do hiring managers actually look at personal websites and portfolios?,main,citations,https://blog.designcrowd.com/article/2304/portfolio-vs-resume,blog.designcrowd.com,,
ai_mode,Do hiring managers actually look at personal websites and portfolios?,main,citations,https://www.instagram.com/reel/DaSsDGbi2rh/,instagram.com,,
ai_mode,Do hiring managers actually look at personal websites and portfolios?,main,citations,https://www.linkedin.com/pulse/building-portfolio-gets-you-hired-even-before-feel-ready-odeh-ymcmf,linkedin.com,pulse,
ai_mode,Do hiring managers actually look at personal websites and portfolios?,main,citations,https://www.linkedin.com/posts/alexzapadenko_lots-of-posts-lately-about-how-design-hiring-activity-7386859313191063553-2YYk,linkedin.com,posts,
ai_mode,Do hiring managers actually look at personal websites and portfolios?,main,citations,https://creativepool.com/magazine/features/pitch-ready-portfolios-7-fixes-that-make-your-portfolio-stand-out.34343,creativepool.com,,
ai_mode,Do hiring managers actually look at personal websites and portfolios?,main,links_attached,https://www.reddit.com/r/cscareerquestions/comments/1btmeqx/are_recruiters_even_looking_at_my_github_or/,reddit.com,,
ai_mode,Do hiring managers actually look at personal websites and portfolios?,main,links_attached,https://www.reddit.com/r/cscareerquestions/comments/1btmeqx/are_recruiters_even_looking_at_my_github_or/,reddit.com,,
ai_mode,Do hiring managers actually look at personal websites and portfolios?,main,links_attached,https://www.reddit.com/r/cscareerquestions/comments/1btmeqx/are_recruiters_even_looking_at_my_github_or/,reddit.com,,
ai_mode,Do hiring managers actually look at personal websites and portfolios?,main,links_attached,https://www.reddit.com/r/cscareerquestions/comments/1btmeqx/are_recruiters_even_looking_at_my_github_or/,reddit.com,,
ai_mode,Do hiring managers actually look at personal websites and portfolios?,main,links_attached,https://presentum.io/design/hiring-explained/evaluating-portfolio-and-resume,presentum.io,,
ai_mode,Do hiring managers actually look at personal websites and portfolios?,main,links_attached,https://www.reddit.com/r/cscareerquestions/comments/1btmeqx/are_recruiters_even_looking_at_my_github_or/,reddit.com,,
ai_mode,Do hiring managers actually look at personal websites and portfolios?,main,links_attached,https://blog.opendoorscareers.com/p/how-recruiters-and-hiring-managers-actually-look-at-your-portfolio,blog.opendoorscareers.com,,
ai_mode,What does a Six Sigma green belt certification involve?,main,citations,https://pecb.com/en/whitepaper/six-sigma-green-belt,pecb.com,,
ai_mode,What does a Six Sigma green belt certification involve?,main,citations,https://www.lean6sigmapro.com/knowledge-base/six-sigma-faq,lean6sigmapro.com,,
ai_mode,What does a Six Sigma green belt certification involve?,main,citations,https://pharmuni.com/glossary/six-sigma-belt-colors/,pharmuni.com,,
ai_mode,What does a Six Sigma green belt certification involve?,main,citations,https://www.isixsigma.com/ask-certification-training/black-belt-vs-green-belt-in-six-sigma-whats-the-difference/,isixsigma.com,,
ai_mode,What does a Six Sigma green belt certification involve?,main,citations,https://www.active.com/online-me/exercise/camps/09-08-six-sigma-green-belt-certificate-2026,active.com,,
ai_mode,What does a Six Sigma green belt certification involve?,main,citations,https://www.knowledgehut.com/quality-management/lean-six-sigma-green-belt-certification-training,knowledgehut.com,,
ai_mode,What does a Six Sigma green belt certification involve?,main,citations,https://www.nobleprog.co.bw/cc/sixsigmagreendmaic,nobleprog.co.bw,,
ai_mode,What does a Six Sigma green belt certification involve?,main,citations,https://www.6sigma.us/human-resources/six-sigma-in-hr/,6sigma.us,,
ai_mode,What does a Six Sigma green belt certification involve?,main,citations,https://www.sixsigmaonline.org/six-sigma-for-product-development/,sixsigmaonline.org,,
ai_mode,What does a Six Sigma green belt certification involve?,main,citations,https://matterway.io/blogsai/my-lean-six-sigma-revelation-delving-into-root-cause-analysis,matterway.io,,
ai_mode,What does a Six Sigma green belt certification involve?,main,citations,https://www.uakron.edu/learn/cpe/six-sigma.dot,uakron.edu,,
ai_mode,What does a Six Sigma green belt certification involve?,main,citations,https://edudelphi.com/six-sigma-green-belt/,edudelphi.com,,
ai_mode,What does a Six Sigma green belt certification involve?,main,citations,https://www.examcollection.com/Lean-Six-Sigma-Yellow-Belt-training.html,examcollection.com,,
ai_mode,What does a Six Sigma green belt certification involve?,main,citations,https://www.examcollection.com/CSSGB.html,examcollection.com,,
ai_mode,What does a Six Sigma green belt certification involve?,main,citations,https://www.kcg.com.sg/lean-six-sigma-green-belt-certification-training/,kcg.com.sg,,
ai_mode,What does a Six Sigma green belt certification involve?,main,citations,https://airacad.com/what-are-six-sigma-ranks/,airacad.com,,
ai_mode,What does a Six Sigma green belt certification involve?,main,citations,https://www.4pmti.com/learn/six-sigma-green-belt-certificate/,4pmti.com,,
ai_mode,What does a Six Sigma green belt certification involve?,main,citations,https://nextgenlearning.org.uk/the-complete-guide-to-six-sigma-green-belt-training/,nextgenlearning.org.uk,,
ai_mode,What does a Six Sigma green belt certification involve?,main,citations,https://education.the-center.org/explore/six-sigma-green-belt-0,education.the-center.org,,
ai_mode,What does a Six Sigma green belt certification involve?,main,citations,https://www.pyzdekinstitute.com/product/lean-six-sigma-green-belt-training-and-certification,pyzdekinstitute.com,,
ai_mode,What does a Six Sigma green belt certification involve?,main,citations,https://www.linkedin.com/learning/six-sigma-green-belt,linkedin.com,learning,
ai_mode,What does a Six Sigma green belt certification involve?,main,citations,https://www.simplilearn.com/reasons-to-do-six-sigma-certification-article,simplilearn.com,,
ai_mode,What does a Six Sigma green belt certification involve?,main,citations,https://sixsigmadsi.com/is-a-six-sigma-green-belt-worth-it/,sixsigmadsi.com,,
ai_mode,What does a Six Sigma green belt certification involve?,main,citations,https://www.simpliaxis.com/elearning/lean-six-sigma-green-belt-basics-online-course,simpliaxis.com,,
ai_mode,What does a Six Sigma green belt certification involve?,main,citations,https://sixsigmastudyguide.com/can-i-get-certified-in-six-sigma/,sixsigmastudyguide.com,,
ai_mode,What does a Six Sigma green belt certification involve?,main,citations,https://www.theknowledgeacademy.com/aw/courses/six-sigma-training/,theknowledgeacademy.com,,
ai_mode,What does a Six Sigma green belt certification involve?,main,citations,https://www.knowledgehut.com/blog/quality/what-is-six-sigma-green-belt-certification,knowledgehut.com,,
ai_mode,What does a Six Sigma green belt certification involve?,main,citations,https://kaizen.com/training/lean-six-sigma-certification-training/lean-six-sigma-green-belt/,kaizen.com,,
ai_mode,What does a Six Sigma green belt certification involve?,main,citations,https://www.emerald.com/tqm/article/18/3/263/376572,emerald.com,,
ai_mode,How do hiring managers really view career breaks in 2026?,main,citations,https://www.kraftcv.com/blog/career-gaps-resume-2026-guide,kraftcv.com,,
ai_mode,How do hiring managers really view career breaks in 2026?,main,citations,https://www.youtube.com/watch?v=3O1AnlNWb30&t=5,youtube.com,,
ai_mode,How do hiring managers really view career breaks in 2026?,main,citations,https://www.instagram.com/p/DW0lER6Cf9p/,instagram.com,,
ai_mode,How do hiring managers really view career breaks in 2026?,main,citations,https://www.forbes.com/sites/markmurphy/2026/06/30/4-things-managers-keep-getting-wrong-about-gen-z-workplace-preferences/,forbes.com,,
ai_mode,How do hiring managers really view career breaks in 2026?,main,citations,https://www.myperfectresume.com/career-center/careers/basics/boomerang-jobs,myperfectresume.com,,
ai_mode,How do hiring managers really view career breaks in 2026?,main,links_attached,https://www.youtube.com/watch?v=3O1AnlNWb30&t=5,youtube.com,,
ai_mode,How do hiring managers really view career breaks in 2026?,main,links_attached,https://www.kraftcv.com/blog/career-gaps-resume-2026-guide,kraftcv.com,,
ai_mode,How do hiring managers really view career breaks in 2026?,main,links_attached,https://www.kraftcv.com/blog/career-gaps-resume-2026-guide,kraftcv.com,,
ai_mode,How do hiring managers really view career breaks in 2026?,main,links_attached,https://www.kraftcv.com/blog/career-gaps-resume-2026-guide,kraftcv.com,,
ai_mode,How do hiring managers really view career breaks in 2026?,main,links_attached,https://www.youtube.com/watch?v=3O1AnlNWb30&t=5,youtube.com,,
ai_mode,How do hiring managers really view career breaks in 2026?,main,links_attached,https://www.kraftcv.com/blog/career-gaps-resume-2026-guide,kraftcv.com,,
ai_mode,How do hiring managers really view career breaks in 2026?,main,links_attached,https://www.kraftcv.com/blog/career-gaps-resume-2026-guide,kraftcv.com,,
ai_mode,How do hiring managers really view career breaks in 2026?,main,links_attached,https://www.youtube.com/watch?v=3O1AnlNWb30&t=5,youtube.com,,
ai_mode,How do hiring managers really view career breaks in 2026?,main,links_attached,https://www.kraftcv.com/blog/career-gaps-resume-2026-guide,kraftcv.com,,
ai_mode,Is relocating for a promotion usually worth it?,main,citations,https://www.linkedin.com/pulse/why-your-next-job-should-promotion-redefining-career-di-bartolo-uk28f,linkedin.com,pulse,
ai_mode,Is relocating for a promotion usually worth it?,main,citations,https://gradsingapore.com/graduate-careers-advice/early-career/moving-up-getting-promoted,gradsingapore.com,,
ai_mode,Is relocating for a promotion usually worth it?,main,citations,https://www.mod24.com/blog/how-relocation-boosts-long-term-career-growth,mod24.com,,
ai_mode,Is relocating for a promotion usually worth it?,main,citations,https://au.jora.com/blog/moving-jobs-for-higher-salary/,au.jora.com,,
ai_mode,Is relocating for a promotion usually worth it?,main,citations,https://blog.theinterviewguys.com/the-promotion-prediction-formula/,blog.theinterviewguys.com,,
ai_mode,Is relocating for a promotion usually worth it?,main,citations,https://www.localyze.com/blog/international-relocation-packages,localyze.com,,
ai_mode,Is relocating for a promotion usually worth it?,main,citations,https://www.reddit.com/r/workingmoms/comments/1ctfh6n/whats_your_job_relocation_experience/,reddit.com,,
ai_mode,Is relocating for a promotion usually worth it?,main,citations,https://www.movesolutions.com/blog/top-benefits-of-office-relocation-for-growing-businesses/,movesolutions.com,,
ai_mode,Is relocating for a promotion usually worth it?,main,citations,https://renaix.com/jobseekers/should-i-relocate/,renaix.com,,
ai_mode,Is relocating for a promotion usually worth it?,main,citations,https://americanfamilymover.com/how-to-make-the-right-choice-for-your-family-moving/,americanfamilymover.com,,
ai_mode,Is relocating for a promotion usually worth it?,main,citations,https://assurancemortgage.com/top-reasons-people-move/,assurancemortgage.com,,
ai_mode,Is relocating for a promotion usually worth it?,main,citations,https://peoplemanagingpeople.com/global-hr/employee-relocation/,peoplemanagingpeople.com,,
ai_mode,Is relocating for a promotion usually worth it?,main,citations,https://www.perchpeek.com/post/how-to-build-a-cost-efficient-relocation-policy,perchpeek.com,,
ai_mode,Is relocating for a promotion usually worth it?,main,citations,https://www.caprelo.com/insights-resources/policy-development/employee-relocation-guide-policies-packages-and-best-practices/,caprelo.com,,
ai_mode,Is relocating for a promotion usually worth it?,main,citations,https://www.developmentadv.com/the-impact-of-employee-relocation-on-retention-challenges-and-solutions/,developmentadv.com,,
ai_mode,Is relocating for a promotion usually worth it?,main,citations,https://impactgrouphr.com/blog/relocation/,impactgrouphr.com,,
ai_mode,Is relocating for a promotion usually worth it?,main,citations,https://www.reddit.com/r/SameGrassButGreener/comments/1ci4mer/has_anyone_used_col_calculators_when_moving_cities/,reddit.com,,
ai_mode,Is relocating for a promotion usually worth it?,main,citations,https://colonialvanlines.com/blog/job-relocation/,colonialvanlines.com,,
ai_mode,Is relocating for a promotion usually worth it?,main,citations,https://hortoninternational.com/four-best-practices-for-relocating-employees-internationally/,hortoninternational.com,,
ai_mode,Is relocating for a promotion usually worth it?,main,citations,https://aleksmoving.ca/employee-relocation-ontario-smooth-transitions/,aleksmoving.ca,,
ai_mode,Is relocating for a promotion usually worth it?,main,citations,https://arcrelocation.com/relocation-policy/,arcrelocation.com,,
ai_mode,How are sales commissions typically structured for SaaS account executives?,main,links_attached,https://www.google.com/goto?url=CAESawHrOzAVUN1gClhGjJ1VnN9gtEU_GcddjrupAZDiduAc5dJyouoJMVAKDBnrOgFdQ3VyOCBsbf_Uz3RFt65DFGvVntMjwJF4QkGTUBEL3kG_0UQuev0hOhvqVgYCggo_8Seq-rWMK9OQcLyV,google.com,,
ai_mode,How are sales commissions typically structured for SaaS account executives?,main,links_attached,https://www.google.com/goto?url=CAESWwHrOzAVa8HXuiOqqMV_2WlMO0ieZYIAsQl3j87Jpwr5ucd_r5CHKShbyVmlairbhVl3nSsIn_-gVbhzYE6fIoUo3dgE08Fkplv7lxmelfT3Ce7u4CZzAqJlyPo,google.com,,
ai_mode,What do employees say about AI tools being pushed at work?,main,citations,https://www.cnbc.com/2026/08/23/ai-backlash-workers-job-losses.html,cnbc.com,,
ai_mode,What do employees say about AI tools being pushed at work?,main,citations,https://www.beautiful.ai/blog/2026-ai-workplace-impact-report,beautiful.ai,,
ai_mode,What do employees say about AI tools being pushed at work?,main,citations,https://www.ets.org/insights-and-perspectives/workforce-feels-about-AI-disruption.html,ets.org,,
ai_mode,What do employees say about AI tools being pushed at work?,main,links_attached,https://www.ets.org/insights-and-perspectives/workforce-feels-about-AI-disruption.html,ets.org,,
ai_mode,What do employees say about AI tools being pushed at work?,main,links_attached,https://www.beautiful.ai/blog/2026-ai-workplace-impact-report,beautiful.ai,,
ai_mode,What do employees say about AI tools being pushed at work?,main,links_attached,https://www.ets.org/insights-and-perspectives/workforce-feels-about-AI-disruption.html,ets.org,,
ai_mode,What do employees say about AI tools being pushed at work?,main,links_attached,https://www.cnbc.com/2026/08/23/ai-backlash-workers-job-losses.html,cnbc.com,,
ai_mode,What do employees say about AI tools being pushed at work?,main,links_attached,https://www.cnbc.com/2026/08/23/ai-backlash-workers-job-losses.html,cnbc.com,,
ai_mode,How do H1B transfers work when switching employers?,main,citations,https://www.reddit.com/r/h1b/comments/1deo9fx/how_hard_is_it_to_change_jobs_on_h1b/,reddit.com,,
ai_mode,How do H1B transfers work when switching employers?,main,citations,https://www.murthy.com/2017/04/20/h1bs-cannot-be-transferred-misconceptions-around-h1b-employment-change/,murthy.com,,
ai_mode,How do H1B transfers work when switching employers?,main,citations,https://global.temple.edu/isss/faculty-staff-and-researchers/international-employees/h-1b-applicants/changing-employers-while-holding-h-1b-status,global.temple.edu,,
ai_mode,How do H1B transfers work when switching employers?,main,citations,https://www.dewit.law/changing-employers-on-h1b/,dewit.law,,
ai_mode,How do H1B transfers work when switching employers?,main,citations,https://immigrationhelpla.com/h1b-visa-transfer/,immigrationhelpla.com,,
ai_mode,How do H1B transfers work when switching employers?,main,links_attached,https://www.murthy.com/2017/04/20/h1bs-cannot-be-transferred-misconceptions-around-h1b-employment-change/,murthy.com,,
ai_mode,How do H1B transfers work when switching employers?,main,links_attached,https://www.dewit.law/changing-employers-on-h1b/,dewit.law,,
ai_mode,How do H1B transfers work when switching employers?,main,links_attached,https://global.temple.edu/isss/faculty-staff-and-researchers/international-employees/h-1b-applicants/changing-employers-while-holding-h-1b-status,global.temple.edu,,
ai_mode,How do H1B transfers work when switching employers?,main,links_attached,https://www.murthy.com/2017/04/20/h1bs-cannot-be-transferred-misconceptions-around-h1b-employment-change/,murthy.com,,
ai_mode,What is a realistic offer timeline after a final interview?,main,citations,https://www.ajobthing.com/resources/blog/how-long-after-an-interview-should-hr-make-a-job-offer,ajobthing.com,,
ai_mode,What is a realistic offer timeline after a final interview?,main,citations,https://www.reddit.com/r/interviews/comments/1jo8grn/for_those_who_received_a_job_offer_how_long_did/,reddit.com,,
ai_mode,What is a realistic offer timeline after a final interview?,main,citations,https://www.linkedin.com/top-content/communication/tips-for-conducting-interviews/how-to-conduct-same-day-interview-debriefs/,linkedin.com,other,
ai_mode,What is a realistic offer timeline after a final interview?,main,citations,https://www.reddit.com/r/interviews/comments/1ktq537/feeling_a_bit_bummed_completed_final_round/,reddit.com,,
ai_mode,What is a realistic offer timeline after a final interview?,main,citations,https://hireo.ro/blog/reduce-time-to-hire-guide,hireo.ro,,
ai_mode,What is a realistic offer timeline after a final interview?,main,citations,https://www.senseicopilot.com/blog/best-excuses-for-job-offer-delay,senseicopilot.com,,
ai_mode,What is a realistic offer timeline after a final interview?,main,citations,https://www.facebook.com/skillabservices/videos/top-3-reasons-your-offer-letter-is-delayed-a-delay-does-not-always-mean-rejectio/1347570987135412/,facebook.com,,
ai_mode,What is a realistic offer timeline after a final interview?,main,citations,https://www.indeed.com/career-advice/finding-a-job/hiring-process,indeed.com,,
ai_mode,What is a realistic offer timeline after a final interview?,main,citations,https://careercenter.risd.edu/interview-timeline,careercenter.risd.edu,,
ai_mode,What is a realistic offer timeline after a final interview?,main,citations,https://careers.conehealth.com/us/en/our-hiring-process,careers.conehealth.com,,
ai_mode,What is a realistic offer timeline after a final interview?,main,citations,https://successworks.wisc.edu/accepting-and-negotiating-your-offer/,successworks.wisc.edu,,
ai_mode,What is a realistic offer timeline after a final interview?,main,citations,https://uk.indeed.com/career-advice/finding-a-job/hiring-process,uk.indeed.com,,
ai_mode,What is a realistic offer timeline after a final interview?,main,citations,https://www.reddit.com/r/AskGermany/comments/1qrwz2b/what_do_they_mean_when_they_say_ill_let_you_know/,reddit.com,,
ai_mode,What do remote workers say helps most against burnout?,main,citations,https://topworkplaces.com/work-from-home-burnout-prevention/,topworkplaces.com,,
ai_mode,What do remote workers say helps most against burnout?,main,citations,https://pmc.ncbi.nlm.nih.gov/articles/PMC10267312/,pmc.ncbi.nlm.nih.gov,,
ai_mode,What do remote workers say helps most against burnout?,main,citations,https://density.io/resources/remote-work-burnout,density.io,,
ai_mode,What do remote workers say helps most against burnout?,main,citations,https://www.blunt-therapy.com/mental-health-of-lone-workers/,blunt-therapy.com,,
ai_mode,What do remote workers say helps most against burnout?,main,citations,https://www.linkedin.com/pulse/why-working-from-home-may-good-your-mental-health-you-janvie-amido,linkedin.com,pulse,
ai_mode,What do remote workers say helps most against burnout?,main,citations,https://www.virtualvocations.com/blog/employer-tips-advice/relaxation-improve-remote-productivity/,virtualvocations.com,,
ai_mode,What do remote workers say helps most against burnout?,main,citations,https://marymount.edu/blog/addressing-counselor-burnout-through-research-based-strategies/,marymount.edu,,
ai_mode,What do remote workers say helps most against burnout?,main,citations,https://pmc.ncbi.nlm.nih.gov/articles/PMC12607162/,pmc.ncbi.nlm.nih.gov,,
ai_mode,What do remote workers say helps most against burnout?,main,citations,https://workplaceinsight.net/remote-workers-struggle-most-to-switch-off-from-work/,workplaceinsight.net,,
ai_mode,What do remote workers say helps most against burnout?,main,citations,https://www.cbsnews.com/news/work-from-home-how-to-disconnect/,cbsnews.com,,
ai_mode,What do remote workers say helps most against burnout?,main,citations,https://findmytherapist.com/resources/self-care/3-mental-health-benefits-of-a-fake-commute/,findmytherapist.com,,
ai_mode,What do remote workers say helps most against burnout?,main,citations,https://www.remoteweek.io/blog/work-from-home-time-management,remoteweek.io,,
ai_mode,What do remote workers say helps most against burnout?,main,citations,https://zoetalentsolutions.com/work-life-balance-while-working-from-home/,zoetalentsolutions.com,,
ai_mode,What do remote workers say helps most against burnout?,main,citations,https://work.life/blog/workplace-burnout-uk-younger-workers-2025/,work.life,,
ai_mode,What do remote workers say helps most against burnout?,main,citations,https://www.helpwire.app/blog/challenges-of-working-from-home/,helpwire.app,,
ai_mode,What do remote workers say helps most against burnout?,main,citations,https://employmenthero.com/my/blog/remote-working-guide/,employmenthero.com,,
ai_mode,What do remote workers say helps most against burnout?,main,citations,https://kuubiik.com/blog/understanding-remote-work-fatigue/,kuubiik.com,,
ai_mode,What do remote workers say helps most against burnout?,main,citations,https://drakewellbeinghub.com.au/wellbeing-blog/the-link-between-movement-mental-health-and-workplace-productivity,drakewellbeinghub.com.au,,
ai_mode,What do remote workers say helps most against burnout?,main,citations,https://www.euromatech.com/articles/daily-habits-that-improve-resilience-at-work/,euromatech.com,,
ai_mode,What do remote workers say helps most against burnout?,main,citations,https://qz.com/ways-to-structure-work-from-home-day,qz.com,,
ai_mode,What do remote workers say helps most against burnout?,main,citations,https://blog.kenjo.io/18-working-from-home-productivity-hacks,blog.kenjo.io,,
ai_mode,What do remote workers say helps most against burnout?,main,citations,https://thinkremote.com/communication-challenges/,thinkremote.com,,
ai_mode,What do remote workers say helps most against burnout?,main,links_attached,https://density.io/resources/remote-work-burnout,density.io,,
ai_mode,What do remote workers say helps most against burnout?,main,links_attached,https://density.io/resources/remote-work-burnout,density.io,,
ai_mode,What do remote workers say helps most against burnout?,main,links_attached,https://topworkplaces.com/work-from-home-burnout-prevention/,topworkplaces.com,,
ai_mode,What do remote workers say helps most against burnout?,main,links_attached,https://pmc.ncbi.nlm.nih.gov/articles/PMC10267312/,pmc.ncbi.nlm.nih.gov,,
ai_mode,What do interviewers say are instant red flags in candidates?,main,citations,https://www.reddit.com/r/interviews/comments/1rzo7vu/as_a_hiring_manager_what_are_the_red_flags_when/,reddit.com,,
ai_mode,What do interviewers say are instant red flags in candidates?,main,citations,https://www.reddit.com/r/managers/comments/1pe5whl/what_are_the_red_flags_in_interviewees_to_look/,reddit.com,,
ai_mode,What do interviewers say are instant red flags in candidates?,main,citations,https://www.reddit.com/r/AskReddit/comments/1v1m7gw/hiring_managers_of_reddit_what_are_the_top_red/,reddit.com,,
ai_mode,What do interviewers say are instant red flags in candidates?,main,citations,https://recruitee.com/blog/interview-red-flags,recruitee.com,,
ai_mode,What do interviewers say are instant red flags in candidates?,main,citations,https://spencerjamesgroup.com/blog/red-flags-to-watch-for-when-interviewing-insurance-candidates,spencerjamesgroup.com,,
ai_mode,What do interviewers say are instant red flags in candidates?,main,citations,https://www.effectivehiring.com/blog/nightmare-hires-what-scary-interview-red-flags-to-watch-for,effectivehiring.com,,
ai_mode,What do interviewers say are instant red flags in candidates?,main,citations,https://www.careersingovernment.com/tools/gov-talk/career-advice/red-flags-to-look-for-when-hiring-remote-employees/,careersingovernment.com,,
ai_mode,What do interviewers say are instant red flags in candidates?,main,citations,https://www.linkedin.com/posts/nathanhirsch_10-early-red-flags-of-bad-hires-and-how-activity-7484577323523121152-RoJ0,linkedin.com,posts,
ai_mode,What do interviewers say are instant red flags in candidates?,main,citations,https://www.cnbc.com/2026/01/19/top-3-red-flags-job-seekers-should-watch-out-for-in-interviews-says-career-expert.html,cnbc.com,,
ai_mode,What do interviewers say are instant red flags in candidates?,main,links_attached,https://www.reddit.com/r/managers/comments/1pe5whl/what_are_the_red_flags_in_interviewees_to_look/,reddit.com,,
ai_mode,What do interviewers say are instant red flags in candidates?,main,links_attached,https://www.reddit.com/r/interviews/comments/1rzo7vu/as_a_hiring_manager_what_are_the_red_flags_when/,reddit.com,,
ai_mode,What do interviewers say are instant red flags in candidates?,main,links_attached,https://www.reddit.com/r/interviews/comments/1rzo7vu/as_a_hiring_manager_what_are_the_red_flags_when/,reddit.com,,
ai_mode,What do interviewers say are instant red flags in candidates?,main,links_attached,https://www.reddit.com/r/interviews/comments/1rzo7vu/as_a_hiring_manager_what_are_the_red_flags_when/,reddit.com,,
ai_mode,What do interviewers say are instant red flags in candidates?,main,links_attached,https://www.reddit.com/r/interviews/comments/1rzo7vu/as_a_hiring_manager_what_are_the_red_flags_when/,reddit.com,,
ai_mode,What do interviewers say are instant red flags in candidates?,main,links_attached,https://www.reddit.com/r/managers/comments/1pe5whl/what_are_the_red_flags_in_interviewees_to_look/,reddit.com,,
ai_mode,What do interviewers say are instant red flags in candidates?,main,links_attached,https://www.reddit.com/r/managers/comments/1pe5whl/what_are_the_red_flags_in_interviewees_to_look/,reddit.com,,
ai_mode,What do interviewers say are instant red flags in candidates?,main,links_attached,https://www.reddit.com/r/interviews/comments/1rzo7vu/as_a_hiring_manager_what_are_the_red_flags_when/,reddit.com,,
ai_mode,What is salary banding and how do companies set it?,main,citations,https://www.linkedin.com/pulse/what-salary-band-complete-guide-fair-compensation-salarydotcom-uo09e,linkedin.com,pulse,
ai_mode,What is salary banding and how do companies set it?,main,citations,https://www.incentiv.co/blog/what-are-salary-bands,incentiv.co,,
ai_mode,What is salary banding and how do companies set it?,main,citations,https://www.rippling.com/blog/salary-bands,rippling.com,,
ai_mode,What is salary banding and how do companies set it?,main,citations,https://www.personio.com/hr-lexicon/salary-bands/,personio.com,,
ai_mode,What is salary banding and how do companies set it?,main,citations,https://uk.indeed.com/career-advice/pay-salary/pay-bands,uk.indeed.com,,
ai_mode,What is salary banding and how do companies set it?,main,citations,https://www.aihr.com/hr-glossary/salary-bands/,aihr.com,,
ai_mode,What is salary banding and how do companies set it?,main,citations,https://www.outsolve.com/blog/what-is-a-salary-band-key-to-pay-equity-and-employee-retention,outsolve.com,,
ai_mode,What is salary banding and how do companies set it?,main,citations,https://figures.hr/post/pay-structure,figures.hr,,
ai_mode,What is salary banding and how do companies set it?,main,citations,https://www.compup.io/blogs/salary-bands-pay-banding-meaning,compup.io,,
ai_mode,What is salary banding and how do companies set it?,main,citations,https://ravio.com/blog/compensation-and-benefits-101-a-glossary-of-terms,ravio.com,,
ai_mode,What is salary banding and how do companies set it?,main,citations,https://www.peoplehum.com/glossary/salary-banding,peoplehum.com,,
ai_mode,What is salary banding and how do companies set it?,main,citations,https://www.candoriq.com/blog/managing-salary-band-structures-guide,candoriq.com,,
ai_mode,What is salary banding and how do companies set it?,main,citations,https://www.compport.com/blog/avoiding-common-pitfalls-mistakes-when-crafting-salary-bands,compport.com,,
ai_mode,What is salary banding and how do companies set it?,main,citations,https://orangehrm.com/resources/hr-dictionary/basic-salary,orangehrm.com,,
ai_mode,What is salary banding and how do companies set it?,main,citations,https://bradfordjacobs.com/blog/an-hr-professionals-handbook-to-salary-bands/,bradfordjacobs.com,,
ai_mode,What is salary banding and how do companies set it?,main,citations,https://workleap.com/blog/guide-to-building-pay-bands,workleap.com,,
ai_mode,What is salary banding and how do companies set it?,main,citations,https://gradar.com/blog/building-a-solid-compensation-framework-with-pay-bands,gradar.com,,
ai_mode,What is salary banding and how do companies set it?,main,citations,https://www.linkedin.com/top-content/corporate-social-responsibility/understanding-professional-roles/factors-influencing-compensation-in-professional-roles/,linkedin.com,other,
ai_mode,What is salary banding and how do companies set it?,main,citations,https://www.hrmorning.com/articles/pay-transparency-best-practices/,hrmorning.com,,
ai_mode,What is salary banding and how do companies set it?,main,citations,https://www.ziprecruiter.com/e/competitive-salary-what-does-competitive-salary-mean-in-a-job-posting,ziprecruiter.com,,
ai_mode,What is salary banding and how do companies set it?,main,citations,https://peoplemanagingpeople.com/tools/best-compensation-management-software/,peoplemanagingpeople.com,,
ai_mode,What is salary banding and how do companies set it?,main,citations,https://www.linkedin.com/pulse/compensation-benefits-analysis-tools-ensuring-pay-equity-cunha-ybxef,linkedin.com,pulse,
ai_mode,What is salary banding and how do companies set it?,main,citations,https://getstello.ai/how-to-establish-salary-ranges/,getstello.ai,,
ai_mode,What is salary banding and how do companies set it?,main,citations,https://namely.com/blog/a-crash-course-in-key-compensation-metrics/,namely.com,,
ai_mode,What is salary banding and how do companies set it?,main,citations,https://hr.university/shrm/performance-management/employee-compensation-metrics/,hr.university,,
ai_mode,What is salary banding and how do companies set it?,main,citations,https://hyring.com/free-hr-toolkit/frameworks/salary-benchmarking-framework,hyring.com,,
ai_mode,What is salary banding and how do companies set it?,main,citations,https://www.allvoices.co/glossary/wage-structure,allvoices.co,,
ai_mode,What is salary banding and how do companies set it?,main,citations,https://figures.hr/post/broadbanding-pay-structure,figures.hr,,
ai_mode,What is salary banding and how do companies set it?,main,citations,https://extensishr.com/resource/blogs/how-to-conduct-salary-survey/,extensishr.com,,
ai_mode,What is salary banding and how do companies set it?,main,citations,https://www.bettercomp.com/blog/building-salary-ranges-that-hold-up-under-transparency/,bettercomp.com,,
ai_mode,What is salary banding and how do companies set it?,main,citations,https://figures.hr/post/the-hr-managers-guide-to-salary-benchmarking,figures.hr,,
ai_mode,What is salary banding and how do companies set it?,main,citations,https://viewhr.co.uk/the-benefits-of-salary-benchmarking-in-the-workplace/,viewhr.co.uk,,
ai_mode,What is salary banding and how do companies set it?,main,citations,https://nationaltraining.edu.au/review-remuneration-policy/,nationaltraining.edu.au,,
ai_mode,What is salary banding and how do companies set it?,main,citations,https://www.bamboohr.com/blog/salary-bands-explained,bamboohr.com,,
ai_mode,What is the difference between a scrum master and a product owner?,main,citations,https://dcmlearning.ie/product-owner-resources/the-key-differences-between-a-scrum-master-and-product-owner.html,dcmlearning.ie,,
ai_mode,What is the difference between a scrum master and a product owner?,main,citations,https://www.mountaingoatsoftware.com/agile/scrummasters-should-not-also-be-product-owners,mountaingoatsoftware.com,,
ai_mode,What is the difference between a scrum master and a product owner?,main,citations,https://scaledagile.com/blog/scrum-master-vs-product-owner/,scaledagile.com,,
ai_mode,What is the difference between a scrum master and a product owner?,main,citations,https://www.youtube.com/watch?v=SzdLAxk4g7w&t=456,youtube.com,,
ai_mode,What is the difference between a scrum master and a product owner?,main,citations,https://www.geeksforgeeks.org/blogs/difference-between-scrum-master-and-product-owner/,geeksforgeeks.org,,
ai_mode,What is the difference between a scrum master and a product owner?,main,citations,https://www.youtube.com/watch?v=EUALxzRTfkw,youtube.com,,
ai_mode,What is the difference between a scrum master and a product owner?,main,citations,https://dcmlearning.ie/scrum-resources/the-key-differences-between-a-scrum-master-and-product-owner.html,dcmlearning.ie,,
ai_mode,What is the difference between a scrum master and a product owner?,main,citations,https://premieragile.com/scrum-master-vs-product-owner/,premieragile.com,,
ai_mode,What is the difference between a scrum master and a product owner?,main,citations,https://www.parabol.co/blog/scrum-master-vs-product-owner/,parabol.co,,
ai_mode,What is the difference between a scrum master and a product owner?,main,citations,https://www.youtube.com/watch?v=t84bWyGuA5M,youtube.com,,
ai_mode,What is the difference between a scrum master and a product owner?,main,citations,https://pm.stackexchange.com/questions/15731/in-scrum-is-a-scrum-master-position-higher-than-a-product-owner,pm.stackexchange.com,,
ai_mode,What is the difference between a scrum master and a product owner?,main,citations,https://medium.com/@StarAgileScrumZone/scrum-master-vs-product-owner-who-really-runs-the-agile-team-353e06004f54,medium.com,,
ai_mode,What is the difference between a scrum master and a product owner?,main,links_attached,https://scaledagile.com/blog/scrum-master-vs-product-owner/,scaledagile.com,,
ai_mode,What is the difference between a scrum master and a product owner?,main,links_attached,https://www.youtube.com/watch?v=SzdLAxk4g7w&t=456,youtube.com,,
ai_mode,What is the difference between a scrum master and a product owner?,main,links_attached,https://dcmlearning.ie/product-owner-resources/the-key-differences-between-a-scrum-master-and-product-owner.html,dcmlearning.ie,,
ai_mode,What is the difference between a scrum master and a product owner?,main,links_attached,https://www.mountaingoatsoftware.com/agile/scrummasters-should-not-also-be-product-owners,mountaingoatsoftware.com,,
ai_mode,What is the difference between a scrum master and a product owner?,main,links_attached,https://www.mountaingoatsoftware.com/agile/scrummasters-should-not-also-be-product-owners,mountaingoatsoftware.com,,
ai_mode,What is the difference between a scrum master and a product owner?,main,links_attached,https://scaledagile.com/blog/scrum-master-vs-product-owner/,scaledagile.com,,
ai_mode,What is the difference between a scrum master and a product owner?,main,links_attached,https://scaledagile.com/blog/scrum-master-vs-product-owner/,scaledagile.com,,
ai_mode,What is the difference between a scrum master and a product owner?,main,links_attached,https://medium.com/@StarAgileScrumZone/scrum-master-vs-product-owner-who-really-runs-the-agile-team-353e06004f54,medium.com,,
ai_mode,What do people say actually worked when negotiating a senior offer?,main,citations,https://www.reddit.com/r/ExperiencedDevs/comments/1avla4n/what_are_your_salary_negotiation_success_stories/,reddit.com,,
ai_mode,What do people say actually worked when negotiating a senior offer?,main,citations,https://www.teamblind.com/resources/tech-salary-negotiation-secrets-what-top-earners-actually-do,teamblind.com,,
ai_mode,What do people say actually worked when negotiating a senior offer?,main,links_attached,https://www.reddit.com/r/ExperiencedDevs/comments/1avla4n/what_are_your_salary_negotiation_success_stories/,reddit.com,,
ai_mode,What do people say actually worked when negotiating a senior offer?,main,links_attached,https://www.teamblind.com/resources/tech-salary-negotiation-secrets-what-top-earners-actually-do,teamblind.com,,
ai_mode,What do people say actually worked when negotiating a senior offer?,main,links_attached,https://www.reddit.com/r/ExperiencedDevs/comments/1avla4n/what_are_your_salary_negotiation_success_stories/,reddit.com,,
ai_mode,What do people say actually worked when negotiating a senior offer?,main,links_attached,https://www.reddit.com/r/ExperiencedDevs/comments/1avla4n/what_are_your_salary_negotiation_success_stories/,reddit.com,,
ai_mode,What do people say actually worked when negotiating a senior offer?,main,links_attached,https://www.reddit.com/r/ExperiencedDevs/comments/1avla4n/what_are_your_salary_negotiation_success_stories/,reddit.com,,
ai_mode,What do people say actually worked when negotiating a senior offer?,main,links_attached,https://www.levels.fyi/,levels.fyi,,
ai_mode,What do people say actually worked when negotiating a senior offer?,main,links_attached,https://www.reddit.com/r/ExperiencedDevs/comments/1avla4n/what_are_your_salary_negotiation_success_stories/,reddit.com,,
ai_mode,What do people say actually worked when negotiating a senior offer?,main,links_attached,https://www.reddit.com/r/ExperiencedDevs/comments/1avla4n/what_are_your_salary_negotiation_success_stories/,reddit.com,,
ai_mode,What background checks do employers actually run?,main,citations,https://www.youtube.com/watch?v=FT4r_DSvOL0&t=1,youtube.com,,
ai_mode,What background checks do employers actually run?,main,citations,https://www.youtube.com/watch?v=ZBvceFZiYQ4&t=340,youtube.com,,
ai_mode,What background checks do employers actually run?,main,citations,https://www.eeoc.gov/background-checks,eeoc.gov,,
ai_mode,What background checks do employers actually run?,main,citations,https://www.usesprout.com/blog/can-background-checks-show-employment-history,usesprout.com,,
ai_mode,What background checks do employers actually run?,main,citations,https://fadv.com/article/what-is-a-background-check/,fadv.com,,
ai_mode,What background checks do employers actually run?,main,citations,https://laborchex.com/an-introduction-to-background-screening-the-essentials/,laborchex.com,,
ai_mode,What background checks do employers actually run?,main,citations,https://verifiedfirst.com/blog/background-check-requirements-and-best-practices/,verifiedfirst.com,,
ai_mode,What background checks do employers actually run?,main,citations,https://www.inchecksolutions.com/blog/what-do-background-checks-reveal-identity-verification/,inchecksolutions.com,,
ai_mode,What background checks do employers actually run?,main,citations,https://www.inchecksolutions.com/blog/background-check-data/,inchecksolutions.com,,
ai_mode,What background checks do employers actually run?,main,citations,https://wfqa.com/what-is-included-in-a-background-check/,wfqa.com,,
ai_mode,What background checks do employers actually run?,main,citations,https://www.avvanz.com/blog/what-comes-up-on-a-background-verification-check-for-a-job,avvanz.com,,
ai_mode,What background checks do employers actually run?,main,citations,https://clearcheck.app/product/standard/,clearcheck.app,,
ai_mode,What background checks do employers actually run?,main,citations,https://www.choicescreening.com/blog/the-most-common-background-check,choicescreening.com,,
ai_mode,What background checks do employers actually run?,main,citations,https://gcheck.com/blog/comprehensive-guide-to-employment-background-checks/,gcheck.com,,
ai_mode,What background checks do employers actually run?,main,citations,https://checkr.com/blog/which-background-check-is-right-for-retail,checkr.com,,
ai_mode,What background checks do employers actually run?,main,citations,https://www.accurate.com/blog/background-screening-basics-what-you-need-to-know/,accurate.com,,
ai_mode,What background checks do employers actually run?,main,citations,https://www.avvanz.com/blog/how-companies-do-background-verification,avvanz.com,,
ai_mode,What background checks do employers actually run?,main,citations,https://myhrconcierge.com/2026/03/05/employers-guide-to-background-screening/,myhrconcierge.com,,
ai_mode,What background checks do employers actually run?,main,citations,https://iprospectcheck.com/ats-background-check/,iprospectcheck.com,,
ai_mode,What background checks do employers actually run?,main,citations,https://workforcegroup.com/what-should-be-in-a-background-check-report/,workforcegroup.com,,
ai_mode,What background checks do employers actually run?,main,citations,https://www.ferretly.com/blog/9-different-types-of-background-checks-for-employment,ferretly.com,,
ai_mode,What background checks do employers actually run?,main,citations,https://www.joinhomebase.com/blog/employee-background-check,joinhomebase.com,,
ai_mode,What background checks do employers actually run?,main,citations,https://quickbooks.intuit.com/r/hiring/how-to-do-background-checks-of-employees/,quickbooks.intuit.com,,
ai_mode,What background checks do employers actually run?,main,citations,https://yardstik.com/blog/employment-background-checks/,yardstik.com,,
ai_mode,What background checks do employers actually run?,main,citations,https://www.businessnewsdaily.com/hr/background-check-types,businessnewsdaily.com,,
ai_mode,What background checks do employers actually run?,main,citations,https://www.adp.com/resources/articles-and-insights/articles/b/background-screening.aspx,adp.com,,
ai_mode,What background checks do employers actually run?,main,citations,https://www.alliance2020.com/the-4-essential-components-of-a-background-check/,alliance2020.com,,
ai_mode,What background checks do employers actually run?,main,citations,https://www.scoutlogicscreening.com/blog/oklahoma-background-checks-guide/,scoutlogicscreening.com,,
ai_mode,What background checks do employers actually run?,main,citations,https://hr.okstate.edu/site-files/consultants/edu-mvr-requests.pdf,hr.okstate.edu,,
ai_mode,What background checks do employers actually run?,main,citations,https://disa.com/background-checks/background-screening-trends/,disa.com,,
ai_mode,What background checks do employers actually run?,main,citations,https://www.choicedna.com/types-of-employee-drug-tests/,choicedna.com,,
ai_mode,What background checks do employers actually run?,main,citations,https://sapphirecheck.com/background-checks-for-cannabis-companies/,sapphirecheck.com,,
ai_mode,What background checks do employers actually run?,main,citations,https://www.choicedna.com/5-panel-drug-test-everything-you-need-to-know/,choicedna.com,,
ai_mode,What background checks do employers actually run?,main,citations,https://money.com/what-does-an-employment-background-check-show/,money.com,,
ai_mode,What background checks do employers actually run?,main,citations,https://www.scoutlogicscreening.com/blog/pennsylvania-background-checks-guide/,scoutlogicscreening.com,,
ai_mode,What background checks do employers actually run?,main,citations,https://papertrails.com/blog/employee-background-checks,papertrails.com,,
ai_mode,What background checks do employers actually run?,main,citations,https://edgeinformation.com/2020/02/is-comprehensive-pre-employment-background-check-necessary/,edgeinformation.com,,
ai_mode,What background checks do employers actually run?,main,citations,https://recruit.unlock.org.uk/knowledgebase/level-criminal-record-check/,recruit.unlock.org.uk,,
ai_mode,What background checks do employers actually run?,main,links_attached,https://www.youtube.com/watch?v=FT4r_DSvOL0&t=1,youtube.com,,
ai_mode,What background checks do employers actually run?,main,links_attached,https://www.eeoc.gov/background-checks,eeoc.gov,,
ai_mode,What background checks do employers actually run?,main,links_attached,https://www.youtube.com/watch?v=FT4r_DSvOL0&t=1,youtube.com,,
ai_mode,What background checks do employers actually run?,main,links_attached,https://www.youtube.com/watch?v=FT4r_DSvOL0&t=1,youtube.com,,
ai_mode,What background checks do employers actually run?,main,links_attached,https://www.youtube.com/watch?v=ZBvceFZiYQ4&t=340,youtube.com,,
ai_mode,What background checks do employers actually run?,main,links_attached,https://www.youtube.com/watch?v=FT4r_DSvOL0&t=1,youtube.com,,
ai_mode,What do people regret about accepting their last job offer?,main,citations,https://www.hrdive.com/news/study-40-of-gen-z-regrets-accepting-a-job-offer/555081/,hrdive.com,,
ai_mode,What do people regret about accepting their last job offer?,main,citations,https://www.resume-now.com/job-resources/careers/career-regrets,resume-now.com,,
ai_mode,What do people regret about accepting their last job offer?,main,citations,https://www.cpapracticeadvisor.com/2026/02/16/new-data-reveals-which-career-mistakes-haunt-workers-the-most/178179/,cpapracticeadvisor.com,,
ai_mode,What do people regret about accepting their last job offer?,main,citations,https://www.facebook.com/sydneymorningherald/posts/opinion-if-your-employer-has-misled-you-about-the-nature-of-your-new-job-dont-be/1002262265275154/,facebook.com,,
ai_mode,What do people regret about accepting their last job offer?,main,citations,https://www.facebook.com/factsweird/posts/a-2025-monster-poll-of-about-1400-us-workers-found-that-79-said-they-had-been-ca/1513499133475051/,facebook.com,,
ai_mode,What do people regret about accepting their last job offer?,main,citations,https://www.ppsconsulting.com.au/how-to-manage-counter-offers/,ppsconsulting.com.au,,
ai_mode,What do people regret about accepting their last job offer?,main,citations,https://www.alifeafterlayoff.com/8-career-mistakes-i-regret-making/,alifeafterlayoff.com,,
ai_mode,What do people regret about accepting their last job offer?,main,citations,https://www.myshortlister.com/insights/the-great-regret,myshortlister.com,,
ai_mode,What do people regret about accepting their last job offer?,main,links_attached,https://www.hrdive.com/news/study-40-of-gen-z-regrets-accepting-a-job-offer/555081/,hrdive.com,,
ai_mode,What do people regret about accepting their last job offer?,main,links_attached,https://www.facebook.com/sydneymorningherald/posts/opinion-if-your-employer-has-misled-you-about-the-nature-of-your-new-job-dont-be/1002262265275154/,facebook.com,,
ai_mode,What do people regret about accepting their last job offer?,main,links_attached,https://www.cpapracticeadvisor.com/2026/02/16/new-data-reveals-which-career-mistakes-haunt-workers-the-most/178179/,cpapracticeadvisor.com,,
ai_mode,What do people regret about accepting their last job offer?,main,links_attached,https://www.cpapracticeadvisor.com/2026/02/16/new-data-reveals-which-career-mistakes-haunt-workers-the-most/178179/,cpapracticeadvisor.com,,
ai_mode,What do people regret about accepting their last job offer?,main,links_attached,https://www.hrdive.com/news/study-40-of-gen-z-regrets-accepting-a-job-offer/555081/,hrdive.com,,
ai_mode,What is a typical bonus percentage for mid level managers?,main,citations,https://www.oysterhr.com/library/what-is-a-good-bonus-percentage,oysterhr.com,,
ai_mode,What is a typical bonus percentage for mid level managers?,main,citations,https://getstello.ai/annual-performance-bonuses/,getstello.ai,,
ai_mode,What is a typical bonus percentage for mid level managers?,main,citations,https://www.linkedin.com/pulse/unpopular-opinion-20-bonus-table-stakes-one-wins-mark-skroch-scrqc,linkedin.com,pulse,
ai_mode,What is a typical bonus percentage for mid level managers?,main,citations,https://engagedly.com/blog/guide-to-performance-bonuses-real-world-examples/,engagedly.com,,
ai_mode,What is a typical bonus percentage for mid level managers?,main,citations,https://teamflect.com/blog/hr-basics/retention-bonus,teamflect.com,,
ai_mode,What is a typical bonus percentage for mid level managers?,main,citations,https://digitaldefynd.com/IQ/how-much-bonus-should-chro-get/,digitaldefynd.com,,
ai_mode,What is a typical bonus percentage for mid level managers?,main,citations,https://visionlink.co/blog/selecting-the-right-performance-measures-for-your-incentive-plan,visionlink.co,,
ai_mode,What is a typical bonus percentage for mid level managers?,main,citations,https://www.everstage.com/sales-compensation/total-target-compensation,everstage.com,,
ai_mode,What is a typical bonus percentage for mid level managers?,main,citations,https://www.business.com/articles/types-of-employee-compensation/,business.com,,
ai_mode,What is a typical bonus percentage for mid level managers?,main,links_attached,https://getstello.ai/annual-performance-bonuses/,getstello.ai,,
ai_mode,What is a typical bonus percentage for mid level managers?,main,links_attached,https://www.oysterhr.com/library/what-is-a-good-bonus-percentage,oysterhr.com,,
ai_mode,What is a typical bonus percentage for mid level managers?,main,links_attached,https://getstello.ai/annual-performance-bonuses/,getstello.ai,,
ai_mode,What is a typical bonus percentage for mid level managers?,main,links_attached,https://getstello.ai/annual-performance-bonuses/,getstello.ai,,
ai_mode,What do engineering managers think of take home coding tests?,main,links_attached,https://www.hackerrank.com/,hackerrank.com,,
ai_mode,Is job hopping every two years still frowned upon?,main,citations,https://www.linkedin.com/news/story/in-defence-of-job-hopping-7523108/,linkedin.com,other,
ai_mode,Is job hopping every two years still frowned upon?,main,citations,https://www.linkedin.com/posts/paulupton-leaderup_leaving-after-1-2-years-isnt-job-hopping-activity-7382378069233352704-twCB,linkedin.com,posts,
ai_mode,Is job hopping every two years still frowned upon?,main,citations,https://www.forbes.com/sites/karadennison/2026/04/14/the-job-hopping-trap-when-moving-up-may-mean-falling-behind/,forbes.com,,
ai_mode,Is job hopping every two years still frowned upon?,main,citations,https://fortune.com/2026/06/01/boomers-win-gen-z-loses-job-switching-labor-market-2026/,fortune.com,,
ai_mode,Is job hopping every two years still frowned upon?,main,citations,https://builtin.com/articles/how-long-should-you-stay-at-a-job,builtin.com,,
ai_mode,Is job hopping every two years still frowned upon?,main,citations,https://www.facebook.com/careercoachannapapalia/posts/hiring-managers-number-one-red-flag-are-job-hoppers-because-they-dont-want-to-go/10162272419918344/,facebook.com,,
ai_mode,Is job hopping every two years still frowned upon?,main,citations,https://overturepartners.com/it-staffing-resources/are-short-term-jobs-on-a-resume-still-a-red-flag,overturepartners.com,,
ai_mode,Is job hopping every two years still frowned upon?,main,citations,https://www.wikijob.co.uk/jobs-and-careers/career-planning/how-long-stay-in-job,wikijob.co.uk,,
ai_mode,Is job hopping every two years still frowned upon?,main,citations,https://www.reddit.com/r/careerguidance/comments/1n57c7y/why_is_job_hopping_still_viewed_negatively_in/,reddit.com,,
ai_mode,Is job hopping every two years still frowned upon?,main,citations,https://www.reddit.com/r/interviews/comments/1v4kfkt/companies_are_no_longer_interested_in_training/,reddit.com,,
ai_mode,Is job hopping every two years still frowned upon?,main,citations,https://www.reddit.com/r/careerguidance/comments/1saufje/why_do_so_many_employers_still_see_job_hopping_as/,reddit.com,,
ai_mode,Is job hopping every two years still frowned upon?,main,citations,https://www.recruitday.com/articles/what-tenure-really-says-about-candidate-and-what-it-doesnt,recruitday.com,,
ai_mode,Is job hopping every two years still frowned upon?,main,citations,https://www.reddit.com/r/askmanagers/comments/1tq786k/does_it_hurt_your_chances_of_being_hired_if_you/,reddit.com,,
ai_mode,Is job hopping every two years still frowned upon?,main,links_attached,https://www.forbes.com/sites/karadennison/2026/04/14/the-job-hopping-trap-when-moving-up-may-mean-falling-behind/,forbes.com,,
ai_mode,Is job hopping every two years still frowned upon?,main,links_attached,https://www.linkedin.com/posts/paulupton-leaderup_leaving-after-1-2-years-isnt-job-hopping-activity-7382378069233352704-twCB,linkedin.com,posts,
ai_mode,Is job hopping every two years still frowned upon?,main,links_attached,https://www.linkedin.com/news/story/in-defence-of-job-hopping-7523108/,linkedin.com,other,
ai_mode,Is job hopping every two years still frowned upon?,main,links_attached,https://fortune.com/2026/06/01/boomers-win-gen-z-loses-job-switching-labor-market-2026/,fortune.com,,
ai_mode,Is job hopping every two years still frowned upon?,main,links_attached,https://www.linkedin.com/news/story/in-defence-of-job-hopping-7523108/,linkedin.com,other,
ai_mode,How does lead scoring work in marketing automation?,main,links_attached,https://www.hubspot.com/products/marketing,hubspot.com,,
ai_mode,What do people wish they knew before accepting a director role?,main,citations,https://www.advisorpedia.com/growth/4-tips-to-jump-from-manager-to-director/,advisorpedia.com,,
ai_mode,What do people wish they knew before accepting a director role?,main,citations,https://www.reddit.com/r/CanadaPublicServants/comments/1berk0p/any_advice_for_those_interested_in_becoming/,reddit.com,,
ai_mode,What do people wish they knew before accepting a director role?,main,citations,https://www.reddit.com/r/careerguidance/comments/1v1i3ez/directorssenior_directors_is_80_hours_and_no_life/,reddit.com,,
ai_mode,What do people wish they knew before accepting a director role?,main,citations,https://www.linkedin.com/posts/paulupton-leaderup_jobsearch-negotiation-leadership-activity-7376217473462784000-79PZ,linkedin.com,posts,
ai_mode,What do consultants say about leaving consulting for industry?,main,citations,https://www.linkedin.com/pulse/why-best-people-leave-consulting-what-happens-next-jerome-panoff-it1qf,linkedin.com,pulse,
ai_mode,What do consultants say about leaving consulting for industry?,main,citations,https://www.reddit.com/r/consulting/comments/13geag5/why_leave_consulting_when_you_can_grow_faster/,reddit.com,,
ai_mode,What do consultants say about leaving consulting for industry?,main,citations,https://www.reddit.com/r/consulting/comments/18zehot/how_did_you_know_it_was_time_for_you_to_exit_the/,reddit.com,,
ai_mode,What do consultants say about leaving consulting for industry?,main,links_attached,https://www.linkedin.com/pulse/why-best-people-leave-consulting-what-happens-next-jerome-panoff-it1qf,linkedin.com,pulse,
ai_mode,What do consultants say about leaving consulting for industry?,main,links_attached,https://www.reddit.com/r/consulting/,reddit.com,,
ai_mode,What do consultants say about leaving consulting for industry?,main,links_attached,https://www.reddit.com/r/consulting/comments/18zehot/how_did_you_know_it_was_time_for_you_to_exit_the/,reddit.com,,
ai_mode,What do consultants say about leaving consulting for industry?,main,links_attached,https://www.linkedin.com/pulse/why-best-people-leave-consulting-what-happens-next-jerome-panoff-it1qf,linkedin.com,pulse,
ai_mode,What do consultants say about leaving consulting for industry?,main,links_attached,https://www.reddit.com/r/consulting/comments/13geag5/why_leave_consulting_when_you_can_grow_faster/,reddit.com,,
ai_mode,What does at will employment actually mean?,main,citations,https://www.ncsl.org/labor-and-employment/at-will-employment-overview,ncsl.org,,
ai_mode,What does at will employment actually mean?,main,citations,https://legal.thomsonreuters.com/en/insights/articles/what-is-at-will-employment,legal.thomsonreuters.com,,
ai_mode,What does at will employment actually mean?,main,citations,https://workwell-global.com/blog/what-does-at-will-employment-mean,workwell-global.com,,
ai_mode,What does at will employment actually mean?,main,citations,https://www.usa.gov/termination-for-employers,usa.gov,,
ai_mode,What does at will employment actually mean?,main,citations,https://www.maternlawgroup.com/blog/what-at-will-employment-really-means-in-california/,maternlawgroup.com,,
ai_mode,What does at will employment actually mean?,main,citations,https://www.thenoblelaw.com/blog/2026/april/what-does-at-will-mean-/,thenoblelaw.com,,
ai_mode,What does at will employment actually mean?,main,citations,https://hrcalifornia.calchamber.com/hr-library/discipline-termination/at-will-employment,hrcalifornia.calchamber.com,,
ai_mode,What does at will employment actually mean?,main,citations,https://www.bamboohr.com/resources/hr-glossary/at-will-employment,bamboohr.com,,
ai_mode,What does at will employment actually mean?,main,citations,https://www.justia.com/employment/hiring-employment-contracts/at-will-employment/,justia.com,,
ai_mode,What does at will employment actually mean?,main,citations,https://hbklawyers.com/resources/what-it-means-to-be-an-at-will-employee-in-california/,hbklawyers.com,,
ai_mode,What does at will employment actually mean?,main,citations,https://en.wikipedia.org/wiki/At-will_employment,en.wikipedia.org,,
ai_mode,What does at will employment actually mean?,main,citations,https://www.californialaborlawattorney.com/blog/what-is-at-will-employment-in-california-/,californialaborlawattorney.com,,
ai_mode,What does at will employment actually mean?,main,links_attached,https://www.ncsl.org/labor-and-employment/at-will-employment-overview,ncsl.org,,
ai_mode,What does at will employment actually mean?,main,links_attached,https://www.maternlawgroup.com/blog/what-at-will-employment-really-means-in-california/,maternlawgroup.com,,
ai_mode,What does at will employment actually mean?,main,links_attached,https://www.ncsl.org/labor-and-employment/at-will-employment-overview,ncsl.org,,
ai_mode,What does at will employment actually mean?,main,links_attached,https://legal.thomsonreuters.com/en/insights/articles/what-is-at-will-employment,legal.thomsonreuters.com,,
ai_mode,What does at will employment actually mean?,main,links_attached,https://legal.thomsonreuters.com/en/insights/articles/what-is-at-will-employment,legal.thomsonreuters.com,,
ai_mode,What does at will employment actually mean?,main,links_attached,https://www.usa.gov/termination-for-employers,usa.gov,,
ai_mode,What does at will employment actually mean?,main,links_attached,https://www.ncsl.org/labor-and-employment/at-will-employment-overview,ncsl.org,,
ai_mode,What does at will employment actually mean?,main,links_attached,https://www.ncsl.org/labor-and-employment/at-will-employment-overview,ncsl.org,,
ai_mode,What do marketers say about switching from Mailchimp to Klaviyo?,main,citations,https://www.reddit.com/r/Klaviyo/comments/1mhiyks/mailchimp_to_klaviyo_migrationintegration/,reddit.com,,
ai_mode,What do marketers say about switching from Mailchimp to Klaviyo?,main,citations,https://www.reddit.com/r/Klaviyo/comments/18d4xzy/pros_and_cons_moving_from_mailchimp_to_klaviyo/,reddit.com,,
ai_mode,What do marketers say about switching from Mailchimp to Klaviyo?,main,citations,https://www.youtube.com/watch?v=xIdeqodXZRA&t=468,youtube.com,,
ai_mode,What do marketers say about switching from Mailchimp to Klaviyo?,main,citations,https://www.youtube.com/watch?v=sQyPWxKYvEs&t=392,youtube.com,,
ai_mode,What do marketers say about switching from Mailchimp to Klaviyo?,main,citations,https://www.youtube.com/watch?v=caRZTH65woM,youtube.com,,
ai_mode,What do marketers say about switching from Mailchimp to Klaviyo?,main,citations,https://www.reddit.com/r/Klaviyo/comments/1avhutr/klaviyo_vs_mailchimp/,reddit.com,,
ai_mode,What do marketers say about switching from Mailchimp to Klaviyo?,main,links_attached,https://www.youtube.com/watch?v=xIdeqodXZRA&t=468,youtube.com,,
ai_mode,What do marketers say about switching from Mailchimp to Klaviyo?,main,links_attached,https://www.reddit.com/r/Klaviyo/comments/18d4xzy/pros_and_cons_moving_from_mailchimp_to_klaviyo/,reddit.com,,
ai_mode,What do marketers say about switching from Mailchimp to Klaviyo?,main,links_attached,https://www.reddit.com/r/Klaviyo/comments/1mhiyks/mailchimp_to_klaviyo_migrationintegration/,reddit.com,,
ai_mode,What do marketers say about switching from Mailchimp to Klaviyo?,main,links_attached,https://www.youtube.com/watch?v=xIdeqodXZRA&t=468,youtube.com,,
ai_mode,What do marketers say about switching from Mailchimp to Klaviyo?,main,links_attached,https://www.youtube.com/watch?v=caRZTH65woM,youtube.com,,
ai_mode,What do marketers say about switching from Mailchimp to Klaviyo?,main,links_attached,https://www.reddit.com/r/Klaviyo/comments/1mhiyks/mailchimp_to_klaviyo_migrationintegration/,reddit.com,,
ai_mode,What do marketers say about switching from Mailchimp to Klaviyo?,main,links_attached,https://www.reddit.com/r/Klaviyo/comments/1mhiyks/mailchimp_to_klaviyo_migrationintegration/,reddit.com,,
ai_mode,What do marketers say about switching from Mailchimp to Klaviyo?,main,links_attached,https://www.youtube.com/watch?v=xIdeqodXZRA&t=468,youtube.com,,
ai_mode,What do marketers say about switching from Mailchimp to Klaviyo?,main,links_attached,https://www.youtube.com/watch?v=xIdeqodXZRA&t=468,youtube.com,,
ai_mode,How do applicant tracking systems rank resumes?,main,citations,https://x0pa.com/glossary/automated-candidate-matching-scoring/,x0pa.com,,
ai_mode,How do applicant tracking systems rank resumes?,main,citations,https://www.mokahr.io/myblog/ats-candidate-ranking-job-criteria/,mokahr.io,,
ai_mode,How do applicant tracking systems rank resumes?,main,citations,https://resumeoptimizerpro.com/blog/how-ats-systems-rank-resumes,resumeoptimizerpro.com,,
ai_mode,How do applicant tracking systems rank resumes?,main,citations,https://www.hirezapp.com/blogs/ats-scoring-how-applicant-tracking-systems-rank-candidates,hirezapp.com,,
ai_mode,How do applicant tracking systems rank resumes?,main,citations,https://www.reddit.com/r/jobsearchhacks/comments/1r32a25/i_spent_8_months_testing_how_ats_systems_actually/,reddit.com,,
ai_mode,How do applicant tracking systems rank resumes?,main,links_attached,https://resumeoptimizerpro.com/blog/how-ats-systems-rank-resumes,resumeoptimizerpro.com,,
ai_mode,How do applicant tracking systems rank resumes?,main,links_attached,https://www.hirezapp.com/blogs/ats-scoring-how-applicant-tracking-systems-rank-candidates,hirezapp.com,,
ai_mode,How do applicant tracking systems rank resumes?,main,links_attached,https://x0pa.com/glossary/automated-candidate-matching-scoring/,x0pa.com,,
ai_mode,How do applicant tracking systems rank resumes?,main,links_attached,https://www.mokahr.io/myblog/ats-candidate-ranking-job-criteria/,mokahr.io,,
ai_mode,How do applicant tracking systems rank resumes?,main,links_attached,https://www.mokahr.io/myblog/ats-candidate-ranking-job-criteria/,mokahr.io,,
ai_mode,How do applicant tracking systems rank resumes?,main,links_attached,https://resumeoptimizerpro.com/blog/how-ats-systems-rank-resumes,resumeoptimizerpro.com,,
ai_mode,"Do signing bonuses usually come with strings attached, in people's experience?",main,citations,https://maillylaw.com/payback-of-retention-bonuses/,maillylaw.com,,
ai_mode,"Do signing bonuses usually come with strings attached, in people's experience?",main,citations,https://hyring.com/free-hr-toolkit/hr-glossary/signing-bonus,hyring.com,,
ai_mode,"Do signing bonuses usually come with strings attached, in people's experience?",main,citations,https://www.thepmrepo.com/articles/the-7-types-of-compensation-offered-to-product-managers,thepmrepo.com,,
ai_mode,"Do signing bonuses usually come with strings attached, in people's experience?",main,citations,https://www.reddit.com/r/careerguidance/comments/141r83r/accepting_a_sign_on_bonus_then_quit_within_the/,reddit.com,,
ai_mode,"Do signing bonuses usually come with strings attached, in people's experience?",main,citations,https://aaronhall.com/signing-bonuses-with-post-termination-clawback-rights/,aaronhall.com,,
ai_mode,"Do signing bonuses usually come with strings attached, in people's experience?",main,citations,https://www.lexology.com/library/detail.aspx?g=024c73b6-cd3d-4a85-b830-d1ba99acb24c,lexology.com,,
ai_mode,"Do signing bonuses usually come with strings attached, in people's experience?",main,citations,https://www.reddit.com/r/personalfinance/comments/14tgsfr/how_long_to_sit_on_a_reneged_signon_bonus/,reddit.com,,
ai_mode,"Do signing bonuses usually come with strings attached, in people's experience?",main,citations,https://uk.indeed.com/career-advice/pay-salary/how-do-bonuses-work,uk.indeed.com,,
ai_mode,"Do signing bonuses usually come with strings attached, in people's experience?",main,citations,https://walcheskeluzi.com/abcs-of-employment-law-discretionary-vs-non-discretionary-bonuses/,walcheskeluzi.com,,
ai_mode,"Do signing bonuses usually come with strings attached, in people's experience?",main,citations,https://shipex.com/trucking-sign-on-bonuses/,shipex.com,,
ai_mode,"Do signing bonuses usually come with strings attached, in people's experience?",main,citations,https://www.jdsalaw.com/blog/2023/11/the-pros-and-cons-of-recruitment-signing-bonuses/,jdsalaw.com,,
ai_mode,"Do signing bonuses usually come with strings attached, in people's experience?",main,citations,https://www.creditkarma.com/income/i/how-to-ask-for-a-signing-bonus,creditkarma.com,,
ai_mode,"Do signing bonuses usually come with strings attached, in people's experience?",main,citations,https://www.reddit.com/r/AskHR/comments/1rf8kmd/oh_quitting_and_receiving_bonus_questions/,reddit.com,,
ai_mode,"Do signing bonuses usually come with strings attached, in people's experience?",main,citations,https://themilitarywallet.com/enlistment-reenlistment-bonus-guide/,themilitarywallet.com,,
ai_mode,What does the Series 7 exam allow you to do?,main,citations,https://www.finra.org/registration-exams-ce/qualification-exams/series7,finra.org,,
ai_mode,What does the Series 7 exam allow you to do?,main,citations,https://www.finra.org/registration-exams-ce/qualification-exams/permitted-activities-registered-representatives,finra.org,,
ai_mode,What does the Series 7 exam allow you to do?,main,citations,https://www.kaplanfinancial.com/resources/getting-started/frequently-asked-questions-about-the-finra-series-7-exam,kaplanfinancial.com,,
ai_mode,What does the Series 7 exam allow you to do?,main,citations,https://en.wikipedia.org/wiki/Series_7_exam,en.wikipedia.org,,
ai_mode,What does the Series 7 exam allow you to do?,main,citations,https://bhseclaw.com/blog/finra-series-7-vs-series-79/,bhseclaw.com,,
ai_mode,What does the Series 7 exam allow you to do?,main,citations,https://www.abtrainingcenter.com/series-7-licensing,abtrainingcenter.com,,
ai_mode,What does the Series 7 exam allow you to do?,main,citations,https://securitiesce.com/compare-securities-exams/series-7-vs-series-65/?srsltid=AfmBOoq8SRPhQzySo2498GQCt5ABo-lXnfx4PWDDAku7jmrDlLdUHV8F,securitiesce.com,,
ai_mode,What does the Series 7 exam allow you to do?,main,citations,https://www.examcollection.com/Series-7.html,examcollection.com,,
ai_mode,What does the Series 7 exam allow you to do?,main,citations,https://www.investopedia.com/terms/s/series7.asp,investopedia.com,,
ai_mode,What does the Series 7 exam allow you to do?,main,citations,https://www.ironclad.law/series-7-license/,ironclad.law,,
ai_mode,What does the Series 7 exam allow you to do?,main,citations,https://justinsuranceco.com/life-insurance-license,justinsuranceco.com,,
ai_mode,What does the Series 7 exam allow you to do?,main,citations,https://www.comply.com/resource/series-7-exam-guide/,comply.com,,
ai_mode,What does the Series 7 exam allow you to do?,main,citations,https://www.abtrainingcenter.com/series-24,abtrainingcenter.com,,
ai_mode,What does the Series 7 exam allow you to do?,main,citations,https://study.com/academy/popular/what-is-the-series-7-license-exam.html,study.com,,
ai_mode,What does the Series 7 exam allow you to do?,main,citations,https://www.finra.org/registration-exams-ce/qualification-exams/sie-and-exam-restructuring-faq,finra.org,,
ai_mode,What does the Series 7 exam allow you to do?,main,citations,https://securitiesce.com/compare-securities-exams/series-6-vs-series-7/?srsltid=AfmBOoo3vcrzVA_96nlI3qkEi39uBvKUvSyxs3_9lgU_69FugohaBS6s,securitiesce.com,,
ai_mode,What does the Series 7 exam allow you to do?,main,links_attached,https://www.finra.org/registration-exams-ce/qualification-exams/series7,finra.org,,
ai_mode,What does the Series 7 exam allow you to do?,main,links_attached,https://www.finra.org/registration-exams-ce/qualification-exams/series7,finra.org,,
ai_mode,What does the Series 7 exam allow you to do?,main,links_attached,https://www.finra.org/registration-exams-ce/qualification-exams/permitted-activities-registered-representatives,finra.org,,
ai_mode,What does the Series 7 exam allow you to do?,main,links_attached,https://www.kaplanfinancial.com/resources/getting-started/frequently-asked-questions-about-the-finra-series-7-exam,kaplanfinancial.com,,
ai_mode,What does the Series 7 exam allow you to do?,main,links_attached,https://www.finra.org/registration-exams-ce/qualification-exams/series7,finra.org,,
ai_mode,What is it actually like to move from IC to engineering manager?,main,citations,https://spectrum.ieee.org/ic-or-manager,spectrum.ieee.org,,
ai_mode,What is it actually like to move from IC to engineering manager?,main,citations,https://blog.alexewerlof.com/p/staff-engineer-vs-engineering-manager,blog.alexewerlof.com,,
ai_mode,What is it actually like to move from IC to engineering manager?,main,citations,https://bitfieldconsulting.com/posts/career,bitfieldconsulting.com,,
ai_mode,What is it actually like to move from IC to engineering manager?,main,citations,https://www.reddit.com/r/ExperiencedDevs/comments/1ckzx7h/whats_the_path_from_dev_to_senior_leadership/,reddit.com,,
ai_mode,What is it actually like to move from IC to engineering manager?,main,citations,https://levelup.gitconnected.com/from-junior-to-cto-the-real-differences-between-engineering-levels-d16e1083bff2,levelup.gitconnected.com,,
ai_mode,What is it actually like to move from IC to engineering manager?,main,citations,https://www.linkedin.com/pulse/from-senior-engineer-engineering-leader-lessons-learned-umair-zahoor-fqi2f,linkedin.com,pulse,
ai_mode,What is it actually like to move from IC to engineering manager?,main,citations,https://waydev.co/engineering-manager-responsibilities/,waydev.co,,
ai_mode,What is it actually like to move from IC to engineering manager?,main,citations,https://www.builtinnyc.com/articles/nyc-engineering-managers-career-transition,builtinnyc.com,,
ai_mode,What is it actually like to move from IC to engineering manager?,main,citations,https://www.linkedin.com/posts/adam-richmond_are-you-an-engineering-manager-who-codes-activity-7406430353743085568-XdKs,linkedin.com,posts,
ai_mode,What is it actually like to move from IC to engineering manager?,main,citations,https://www.tryexponent.com/blog/transitioning-from-ic-to-management-tips-and-tricks-for-engineering-managers,tryexponent.com,,
ai_mode,What is it actually like to move from IC to engineering manager?,main,citations,https://builtin.com/software-engineering-perspectives/engineering-manager,builtin.com,,
ai_mode,How does COBRA coverage work between jobs?,main,citations,https://www.dol.gov/general/topic/health-plans/cobra,dol.gov,,
ai_mode,How does COBRA coverage work between jobs?,main,citations,https://www.dol.gov/agencies/ebsa/laws-and-regulations/laws/cobra,dol.gov,,
ai_mode,How does COBRA coverage work between jobs?,main,citations,https://www.dol.gov/agencies/ebsa/about-ebsa/our-activities/resource-center/faqs/cobra-continuation-health-coverage-workers,dol.gov,,
ai_mode,How does COBRA coverage work between jobs?,main,links_attached,https://www.dol.gov/general/topic/health-plans/cobra,dol.gov,,
ai_mode,How does COBRA coverage work between jobs?,main,links_attached,https://www.dol.gov/agencies/ebsa/laws-and-regulations/laws/cobra,dol.gov,,
ai_mode,How does COBRA coverage work between jobs?,main,links_attached,https://www.dol.gov/agencies/ebsa/laws-and-regulations/laws/cobra,dol.gov,,
ai_mode,How does COBRA coverage work between jobs?,main,links_attached,https://www.dol.gov/general/topic/health-plans/cobra,dol.gov,,
ai_mode,How does COBRA coverage work between jobs?,main,links_attached,https://www.dol.gov/agencies/ebsa/laws-and-regulations/laws/cobra,dol.gov,,
ai_mode,How does COBRA coverage work between jobs?,main,links_attached,https://www.healthcare.gov/,healthcare.gov,,
ai_mode,How does COBRA coverage work between jobs?,main,links_attached,https://www.dol.gov/general/topic/health-plans/cobra,dol.gov,,
ai_mode,What are the requirements for the PMP certification in 2026?,main,citations,https://www.pmi.org/certifications/project-management-pmp,pmi.org,,
ai_mode,What are the requirements for the PMP certification in 2026?,main,citations,https://www.pmi.org/certifications/project-management-pmp/new-exam,pmi.org,,
ai_mode,What are the requirements for the PMP certification in 2026?,main,citations,https://www.youtube.com/watch?v=D9tNlJY4XaU,youtube.com,,
ai_mode,What are the requirements for the PMP certification in 2026?,main,links_attached,https://www.pmi.org/certifications/project-management-pmp,pmi.org,,
ai_mode,What are the requirements for the PMP certification in 2026?,main,links_attached,https://www.pmi.org/certifications/project-management-pmp,pmi.org,,
ai_mode,What are the requirements for the PMP certification in 2026?,main,links_attached,https://www.pmi.org/certifications/project-management-pmp,pmi.org,,
ai_mode,What are the requirements for the PMP certification in 2026?,main,links_attached,https://www.youtube.com/watch?v=D9tNlJY4XaU,youtube.com,,
ai_mode,What are the requirements for the PMP certification in 2026?,main,links_attached,https://www.pmi.org/certifications/project-management-pmp/new-exam,pmi.org,,
ai_mode,What are the requirements for the PMP certification in 2026?,main,links_attached,https://www.pmi.org/certifications/project-management-pmp/new-exam,pmi.org,,
ai_mode,What are the requirements for the PMP certification in 2026?,main,links_attached,https://www.pmi.org/certifications/project-management-pmp,pmi.org,,
ai_mode,Do people who quit big tech for smaller companies regret it?,main,citations,https://www.reddit.com/r/cscareerquestions/comments/1bt5bh9/has_anyone_stepped_away_from_big_tech_and_not/,reddit.com,,
ai_mode,Do people who quit big tech for smaller companies regret it?,main,citations,https://www.reddit.com/r/cscareerquestions/comments/nj3bfh/those_who_left_a_top_company_to_work_at_a_smaller/,reddit.com,,
ai_mode,Do people who quit big tech for smaller companies regret it?,main,citations,https://www.reddit.com/r/cscareerquestions/comments/1ji30u4/big_tech_isnt_the_dream_anymore_its_a_trap/,reddit.com,,
ai_mode,Do people who quit big tech for smaller companies regret it?,main,citations,https://www.youtube.com/watch?v=Z5eBoUGjO6w&t=10,youtube.com,,
ai_mode,Do people who quit big tech for smaller companies regret it?,main,citations,https://techronicler.com/the-underappreciated-tech-stack-why-boring-systems-are-winning/,techronicler.com,,
ai_mode,Do people who quit big tech for smaller companies regret it?,main,links_attached,https://www.reddit.com/r/cscareerquestions/comments/nj3bfh/those_who_left_a_top_company_to_work_at_a_smaller/,reddit.com,,
ai_mode,Do people who quit big tech for smaller companies regret it?,main,links_attached,https://www.reddit.com/r/cscareerquestions/comments/nj3bfh/those_who_left_a_top_company_to_work_at_a_smaller/,reddit.com,,
ai_mode,Do people who quit big tech for smaller companies regret it?,main,links_attached,https://www.reddit.com/r/cscareerquestions/comments/1ji30u4/big_tech_isnt_the_dream_anymore_its_a_trap/,reddit.com,,
ai_mode,Do people who quit big tech for smaller companies regret it?,main,links_attached,https://www.reddit.com/r/cscareerquestions/comments/nj3bfh/those_who_left_a_top_company_to_work_at_a_smaller/,reddit.com,,
ai_mode,Do people who quit big tech for smaller companies regret it?,main,links_attached,https://www.reddit.com/r/cscareerquestions/comments/1bt5bh9/has_anyone_stepped_away_from_big_tech_and_not/,reddit.com,,
ai_mode,Do people who quit big tech for smaller companies regret it?,main,links_attached,https://www.reddit.com/r/cscareerquestions/comments/1bt5bh9/has_anyone_stepped_away_from_big_tech_and_not/,reddit.com,,
ai_mode,Is unlimited PTO actually a scam according to employees?,main,citations,https://www.reddit.com/r/careerguidance/comments/1jnwh37/unlimited_paid_time_off_real_benefit_or_a_scam/,reddit.com,,
ai_mode,Is unlimited PTO actually a scam according to employees?,main,citations,https://www.businessinsider.com/unlimited-pto-vacation-scam-time-off-managers-fight-burnout-culture-2023-1,businessinsider.com,,
ai_mode,Is unlimited PTO actually a scam according to employees?,main,citations,https://www.linkedin.com/pulse/unlimited-pto-scam-really-justin-hampton-ccp-t81ze,linkedin.com,pulse,
ai_mode,Is unlimited PTO actually a scam according to employees?,main,citations,https://comptool.com/is-unlimited-pto-a-scam-the-data-says-its-more-complicated/,comptool.com,,
ai_mode,Is unlimited PTO actually a scam according to employees?,main,citations,https://builtin.com/company-culture/unlimited-pto,builtin.com,,
ai_mode,Is unlimited PTO actually a scam according to employees?,main,citations,https://www.talenthr.io/blog/unlimited-paid-time-off/,talenthr.io,,
ai_mode,Is unlimited PTO actually a scam according to employees?,main,citations,https://www.instagram.com/reel/DIg2vG_xz-d/,instagram.com,,
ai_mode,Is unlimited PTO actually a scam according to employees?,main,citations,https://www.glassdoor.co.uk/Community/the-worklife-bowl/tell-me-about-mto-managed-time-off-aka-unlimited-pto-been-weighing-an-opportunity-but-potential-job-has-mto-and-im-seeing,glassdoor.co.uk,,
ai_mode,Is unlimited PTO actually a scam according to employees?,main,citations,https://www.proalt.com/the-pros-and-cons-of-unlimited-pto/,proalt.com,,
ai_mode,Is unlimited PTO actually a scam according to employees?,main,citations,https://mentorcruise.com/blog/top-20-companies-with-unlimited-pto-tech-giants-leading-the-way/,mentorcruise.com,,
ai_mode,Is unlimited PTO actually a scam according to employees?,main,citations,https://www.linkedin.com/posts/lizryan_q-hi-liz-unlimited-pto-is-not-actually-activity-7405316767121833984-pj2V,linkedin.com,posts,
ai_mode,Is unlimited PTO actually a scam according to employees?,main,citations,https://www.asuresoftware.com/benefits-and-drawbacks-offering-unlimited-paid-time-off-2/,asuresoftware.com,,
ai_mode,Is unlimited PTO actually a scam according to employees?,main,citations,https://www.culturemonkey.io/employee-engagement/unlimited-pto/,culturemonkey.io,,
ai_mode,Is unlimited PTO actually a scam according to employees?,main,citations,https://www.reddit.com/r/bayarea/comments/1lrsn6v/sf_tech_company_bolt_that_reversed_4day_workweek/,reddit.com,,
ai_mode,Is unlimited PTO actually a scam according to employees?,main,citations,https://www.reddit.com/r/WFH/comments/1kqtq04/unlimited_pto/,reddit.com,,
ai_mode,Is unlimited PTO actually a scam according to employees?,main,citations,https://www.instagram.com/p/DZXrUTYDdPJ/,instagram.com,,
ai_mode,Is unlimited PTO actually a scam according to employees?,main,citations,https://www.patriotsoftware.com/blog/payroll/paid-time-off-confusion-survey/,patriotsoftware.com,,
ai_mode,Is unlimited PTO actually a scam according to employees?,main,citations,https://medium.com/@troybreiland/unlimited-pto-is-a-trap-but-not-for-the-reason-you-think-2ce26a64f754,medium.com,,
ai_mode,Is unlimited PTO actually a scam according to employees?,main,citations,https://www.fastcompany.com/91329390/why-unlimited-pto-doesnt-work-unlimited-paid-time-off,fastcompany.com,,
ai_mode,Is unlimited PTO actually a scam according to employees?,main,links_attached,https://www.reddit.com/r/careerguidance/comments/1jnwh37/unlimited_paid_time_off_real_benefit_or_a_scam/,reddit.com,,
ai_mode,Is unlimited PTO actually a scam according to employees?,main,links_attached,https://www.reddit.com/r/careerguidance/comments/1jnwh37/unlimited_paid_time_off_real_benefit_or_a_scam/,reddit.com,,
ai_mode,Is unlimited PTO actually a scam according to employees?,main,links_attached,https://www.businessinsider.com/unlimited-pto-vacation-scam-time-off-managers-fight-burnout-culture-2023-1,businessinsider.com,,
ai_mode,Is unlimited PTO actually a scam according to employees?,main,links_attached,https://www.linkedin.com/pulse/unlimited-pto-scam-really-justin-hampton-ccp-t81ze,linkedin.com,pulse,
ai_mode,Is unlimited PTO actually a scam according to employees?,main,links_attached,https://www.businessinsider.com/unlimited-pto-vacation-scam-time-off-managers-fight-burnout-culture-2023-1,businessinsider.com,,
ai_mode,Is unlimited PTO actually a scam according to employees?,main,links_attached,https://www.reddit.com/r/careerguidance/comments/1jnwh37/unlimited_paid_time_off_real_benefit_or_a_scam/,reddit.com,,
ai_mode,Is unlimited PTO actually a scam according to employees?,main,links_attached,https://www.linkedin.com/pulse/unlimited-pto-scam-really-justin-hampton-ccp-t81ze,linkedin.com,pulse,
ai_mode,Is unlimited PTO actually a scam according to employees?,main,links_attached,https://www.businessinsider.com/unlimited-pto-vacation-scam-time-off-managers-fight-burnout-culture-2023-1,businessinsider.com,,
ai_mode,What do employees really think of return to office mandates?,main,citations,https://www.surveymonkey.com/learn/employee-feedback/remote-hybrid-work-statistics/,surveymonkey.com,,
ai_mode,What do employees really think of return to office mandates?,main,citations,https://archieapp.co/blog/return-to-office-statistics/,archieapp.co,,
ai_mode,What do employees really think of return to office mandates?,main,citations,https://www.washingtonpost.com/ripple/2026/07/28/office-attendance-backlash/,washingtonpost.com,,
ai_mode,What do employees really think of return to office mandates?,main,citations,https://fortune.com/2026/08/21/work-from-home-major-study-remote-workers-well-being-less-likely-to-quit-despite-ceos-like-musk-dimon-push-rto/,fortune.com,,
ai_mode,What do employees really think of return to office mandates?,main,links_attached,https://www.surveymonkey.com/learn/employee-feedback/remote-hybrid-work-statistics/,surveymonkey.com,,
ai_mode,What do employees really think of return to office mandates?,main,links_attached,https://fortune.com/2026/08/21/work-from-home-major-study-remote-workers-well-being-less-likely-to-quit-despite-ceos-like-musk-dimon-push-rto/,fortune.com,,
ai_mode,What do employees really think of return to office mandates?,main,links_attached,https://archieapp.co/blog/return-to-office-statistics/,archieapp.co,,
ai_mode,What do employees really think of return to office mandates?,main,links_attached,https://archieapp.co/blog/return-to-office-statistics/,archieapp.co,,
ai_mode,What do employees really think of return to office mandates?,main,links_attached,https://www.washingtonpost.com/ripple/2026/07/28/office-attendance-backlash/,washingtonpost.com,,
ai_mode,How does 401k vesting work when you change jobs?,main,citations,https://www.equifax.com/personal/education/personal-finance/articles/-/learn/401k-vesting-changing-jobs/,equifax.com,,
ai_mode,How does 401k vesting work when you change jobs?,main,citations,https://firstbusiness.bank/resource-center/what-to-do-about-401k-when-changing-jobs/,firstbusiness.bank,,
ai_mode,How does 401k vesting work when you change jobs?,main,citations,https://investor.vanguard.com/investor-resources-education/article/what-happens-401k-when-you-quit,investor.vanguard.com,,
ai_mode,How does 401k vesting work when you change jobs?,main,citations,https://www.reddit.com/r/personalfinance/comments/1cr3ois/what_happens_to_your_401k_if_you_switch_jobs/,reddit.com,,
ai_mode,How does 401k vesting work when you change jobs?,main,links_attached,https://www.equifax.com/personal/education/personal-finance/articles/-/learn/401k-vesting-changing-jobs/,equifax.com,,
ai_mode,How does 401k vesting work when you change jobs?,main,links_attached,https://investor.vanguard.com/investor-resources-education/article/what-happens-401k-when-you-quit,investor.vanguard.com,,
ai_mode,How does 401k vesting work when you change jobs?,main,links_attached,https://www.equifax.com/personal/education/personal-finance/articles/-/learn/401k-vesting-changing-jobs/,equifax.com,,
ai_mode,How does 401k vesting work when you change jobs?,main,links_attached,https://www.fidelity.com/learning-center/smart-money/what-happens-to-your-401k-when-you-leave-a-job,fidelity.com,,
ai_mode,How does 401k vesting work when you change jobs?,main,links_attached,https://www.reddit.com/r/personalfinance/comments/1cr3ois/what_happens_to_your_401k_if_you_switch_jobs/,reddit.com,,
ai_mode,How do SSO and SCIM provisioning work in enterprise software?,main,links_attached,https://www.microsoft.com/en-us/security/business/identity-access/microsoft-entra-id,microsoft.com,,
ai_mode,How do SSO and SCIM provisioning work in enterprise software?,main,links_attached,https://www.okta.com/,okta.com,,
ai_mode,How do SSO and SCIM provisioning work in enterprise software?,main,links_attached,https://www.pingidentity.com/,pingidentity.com,,
ai_mode,What is the difference between ARR and bookings?,main,citations,https://www.gsquaredcfo.com/blog/how-is-bookings-different-from-arr-the-saas-sales-cycle-explained,gsquaredcfo.com,,
ai_mode,What is the difference between ARR and bookings?,main,citations,https://qubit.capital/blog/bookings-vs-revenue,qubit.capital,,
ai_mode,What is the difference between ARR and bookings?,main,citations,https://www.hubifi.com/blog/bookings-to-revenue-ratio,hubifi.com,,
ai_mode,What is the difference between ARR and bookings?,main,citations,https://www.letsbloom.com/blog/annual-recurring-revenue/,letsbloom.com,,
ai_mode,What is the difference between ARR and bookings?,main,citations,https://www.hubifi.com/blog/bookings-vs-billings-vs-revenue-guide,hubifi.com,,
ai_mode,What is the difference between ARR and bookings?,main,citations,https://www.subscriptionflow.com/2025/01/bookings-vs-arr/,subscriptionflow.com,,
ai_mode,What is the difference between ARR and bookings?,main,citations,https://www.drivetrain.ai/strategic-finance-glossary/contracted-annual-recurring-revenue,drivetrain.ai,,
ai_mode,What is the difference between ARR and bookings?,main,citations,https://www.drivetrain.ai/strategic-finance-glossary/bookings-vs-billings-vs-revenue,drivetrain.ai,,
ai_mode,What is the difference between ARR and bookings?,main,citations,https://www.gsquaredcfo.com/blog/carr-vs.-arr-vs.-revenue-key-distinctions,gsquaredcfo.com,,
ai_mode,What is the difference between ARR and bookings?,main,citations,https://www.withgrid.com/growth/arr,withgrid.com,,
ai_mode,What is the difference between ARR and bookings?,main,citations,https://www.checkout.com/blog/what-is-arr,checkout.com,,
ai_mode,What is the difference between ARR and bookings?,main,citations,https://www.golimelight.com/glossary/annual-recurring-revenue,golimelight.com,,
ai_mode,What is the difference between ARR and bookings?,main,citations,https://www.gilion.com/basics/carr-vs-arr,gilion.com,,
ai_mode,What is the difference between ARR and bookings?,main,citations,https://www.paddle.com/resources/acv-vs-arr,paddle.com,,
ai_mode,What is the difference between ARR and bookings?,main,citations,https://www.drivetrain.ai/strategic-finance-glossary/bookings,drivetrain.ai,,
ai_mode,What is the difference between ARR and bookings?,main,citations,https://www.tabs.com/blog/booked-business-guide,tabs.com,,
ai_mode,What is the difference between ARR and bookings?,main,citations,https://corporatefinanceinstitute.com/resources/valuation/bookings-vs-arr/,corporatefinanceinstitute.com,,
ai_mode,What is the difference between ARR and bookings?,main,citations,https://www.tabs.com/blog/bookings-vs-billings-guide,tabs.com,,
ai_mode,What is the difference between ARR and bookings?,main,citations,https://www.data-mania.com/blog/mrr-vs-arr-which-metric-to-use/,data-mania.com,,
ai_mode,What is the difference between ARR and bookings?,main,citations,https://www.alexanderjarvis.com/arr/,alexanderjarvis.com,,
ai_mode,What is the difference between ARR and bookings?,main,citations,https://dodopayments.com/blogs/mrr-vs-arr,dodopayments.com,,
ai_mode,What is the difference between ARR and bookings?,main,citations,https://www.linkedin.com/pulse/how-calculate-arr-saas-companies-step-by-step-guide-true-rev-aixsc,linkedin.com,pulse,
ai_mode,What is the difference between ARR and bookings?,main,citations,https://lesbarclays.substack.com/p/how-ai-startups-hallucinate-their,lesbarclays.substack.com,,
ai_mode,What is the difference between ARR and bookings?,main,citations,https://www.linkedin.com/posts/timothypage1_bookings-vs-arr-vs-gaap-revenue-key-financial-activity-7317891550686953474-bcUJ,linkedin.com,posts,
ai_mode,What is the difference between ARR and bookings?,main,citations,https://app.termgrid.com/primers/a-beginners-guide-to-arr-loans/,app.termgrid.com,,
ai_mode,What is the difference between ARR and bookings?,main,citations,https://sendbird.com/blog/annual-recurring-revenue,sendbird.com,,
ai_mode,What is the difference between ARR and bookings?,main,citations,https://saleshive.com/glossary/annual-recurring-revenue-arr,saleshive.com,,
ai_mode,What is the difference between ARR and bookings?,main,citations,https://www.withorb.com/blog/arr-meaning,withorb.com,,
ai_mode,What is the difference between ARR and bookings?,main,citations,https://www.chargebee.com/resources/glossaries/what-are-bookings/,chargebee.com,,
ai_mode,What is the difference between ARR and bookings?,main,citations,https://turnstile.ai/blog/bookings-vs-billings-vs-revenue,turnstile.ai,,
ai_mode,What is the difference between ARR and bookings?,main,citations,https://medium.com/@uri-onplan/bookings-vs-billings-vs-revenue-whats-the-difference-1265316d13df,medium.com,,
ai_mode,What is the difference between ARR and bookings?,main,citations,https://ordwaylabs.com/blog/cloud-usage-based-pricing-report-arr/,ordwaylabs.com,,
ai_mode,"What equity is realistic at a Series B startup, according to people who negotiated it?",main,citations,https://www.reddit.com/r/UXDesign/comments/1rgb99i/what_equity_are_series_b_startups_giving_out/,reddit.com,,
ai_mode,"What equity is realistic at a Series B startup, according to people who negotiated it?",main,citations,https://www.thestartuplawblog.com/startup-employee-equity-negotiation/,thestartuplawblog.com,,
ai_mode,"What equity is realistic at a Series B startup, according to people who negotiated it?",main,citations,https://www.reddit.com/r/cscareerquestions/comments/v6yxds/people_who_have_worked_for_startups_at_series_b/,reddit.com,,
ai_mode,"What equity is realistic at a Series B startup, according to people who negotiated it?",main,citations,https://news.ycombinator.com/item?id=4414138,news.ycombinator.com,,
ai_mode,"What equity is realistic at a Series B startup, according to people who negotiated it?",main,links_attached,https://www.reddit.com/r/cscareerquestions,reddit.com,,
ai_mode,"What equity is realistic at a Series B startup, according to people who negotiated it?",main,links_attached,https://www.thestartuplawblog.com/startup-employee-equity-negotiation/,thestartuplawblog.com,,
ai_mode,"What equity is realistic at a Series B startup, according to people who negotiated it?",main,links_attached,https://www.reddit.com/r/cscareerquestions/comments/v6yxds/people_who_have_worked_for_startups_at_series_b/,reddit.com,,
ai_mode,"What equity is realistic at a Series B startup, according to people who negotiated it?",main,links_attached,https://www.thestartuplawblog.com/startup-employee-equity-negotiation/,thestartuplawblog.com,,
ai_mode,"What equity is realistic at a Series B startup, according to people who negotiated it?",main,links_attached,https://www.reddit.com/r/cscareerquestions/comments/v6yxds/people_who_have_worked_for_startups_at_series_b/,reddit.com,,
ai_mode,How does a 30 60 90 day plan work for a new role?,main,citations,https://www.tmi.org/blogs/the-complete-guide-to-creating-effective-30-60-90-day-plans-for-new-employees,tmi.org,,
ai_mode,How does a 30 60 90 day plan work for a new role?,main,citations,https://www.roberthalf.com/us/en/insights/career-development/30-60-90-day-plan-for-a-new-job,roberthalf.com,,
ai_mode,How does a 30 60 90 day plan work for a new role?,main,citations,https://www.themuse.com/advice/30-60-90-day-plan-instructions-template-example,themuse.com,,
ai_mode,How does a 30 60 90 day plan work for a new role?,main,citations,https://acorn.works/blog/30-60-90-day-executive-plan,acorn.works,,
ai_mode,How does a 30 60 90 day plan work for a new role?,main,citations,https://www.dalecarnegie.com/blog/creating-a-30-60-90-day-plan/,dalecarnegie.com,,
ai_mode,How does a 30 60 90 day plan work for a new role?,main,citations,https://www.glitter.io/glossary/30-60-90-day-plan,glitter.io,,
ai_mode,How does a 30 60 90 day plan work for a new role?,main,citations,https://www.wonsulting.com/job-search-hub/the-30-60-90-day-plan-how-to-prepare-and-present-your-plan-in-a-final-interview,wonsulting.com,,
ai_mode,How does a 30 60 90 day plan work for a new role?,main,citations,https://applybuddy.co.uk/the-30-60-90-day-plan-your-secret-weapon-for-new-job-success/,applybuddy.co.uk,,
ai_mode,How does a 30 60 90 day plan work for a new role?,main,citations,https://recruiter.daily.dev/resources/onboarding-new-hires-technical-roles-30-60-90-day-plan/,recruiter.daily.dev,,
ai_mode,How does a 30 60 90 day plan work for a new role?,main,citations,https://www.myculture.ai/blog/30-60-90-day-plan-template,myculture.ai,,
ai_mode,How does a 30 60 90 day plan work for a new role?,main,citations,https://hyring.com/free-hr-toolkit/hr-glossary/30-60-90-day-plan,hyring.com,,
ai_mode,How does a 30 60 90 day plan work for a new role?,main,citations,https://www.indeed.com/career-advice/starting-new-job/30-60-90-day-plan,indeed.com,,
ai_mode,How does a 30 60 90 day plan work for a new role?,main,citations,https://gogpac.com/knowledge-center/30-60-90-day-plan-for-new-hires/,gogpac.com,,
ai_mode,How does a 30 60 90 day plan work for a new role?,main,citations,https://www.cornerstoneondemand.com/resources/article/onboarding-best-practices/,cornerstoneondemand.com,,
ai_mode,How does a 30 60 90 day plan work for a new role?,main,citations,https://salarybox.in/30-60-90-day-onboarding-plan-template-new-hires/,salarybox.in,,
ai_mode,How does a 30 60 90 day plan work for a new role?,main,citations,https://resources.workable.com/tutorial/30-60-90-day-onboarding-plan,resources.workable.com,,
ai_mode,How does a 30 60 90 day plan work for a new role?,main,citations,https://joinassembly.com/blog/30-60-90-day-plan-the-key-to-effortless-onboarding,joinassembly.com,,
ai_mode,How does a 30 60 90 day plan work for a new role?,main,citations,https://lerero.com/30-60-90-day-plan-template-learning-development/,lerero.com,,
ai_mode,What is a structured interview and why do companies use them?,main,citations,https://vidcruiter.com/interview/structured/,vidcruiter.com,,
ai_mode,What is a structured interview and why do companies use them?,main,citations,https://harver.com/blog/hr-defined-what-is-a-structured-interview/,harver.com,,
ai_mode,What is a structured interview and why do companies use them?,main,citations,https://in.indeed.com/career-advice/interviewing/structured-interview-guide,in.indeed.com,,
ai_mode,What is a structured interview and why do companies use them?,main,citations,https://wonderlic.com/blog/employee-selection/structured-interview-how-why-wonderlic-blog/,wonderlic.com,,
ai_mode,What is a structured interview and why do companies use them?,main,citations,https://www.barraiser.com/blogs/art-of-crafting-good-interview-questions,barraiser.com,,
ai_mode,What is a structured interview and why do companies use them?,main,citations,https://x0pa.com/glossary/structured-interview/,x0pa.com,,
ai_mode,What is a structured interview and why do companies use them?,main,citations,https://vidcruiter.com/interview/structured/how-to-conduct/,vidcruiter.com,,
ai_mode,What is a structured interview and why do companies use them?,main,citations,https://builtin.com/recruiting/structured-interviews,builtin.com,,
ai_mode,What is a structured interview and why do companies use them?,main,citations,https://www.greenhouse.com/resources/glossary/what-is-a-structured-interview,greenhouse.com,,
ai_mode,What is a structured interview and why do companies use them?,main,citations,https://www.cangrade.com/blog/talent-acquisition/6-benefits-of-a-structured-interview-process/,cangrade.com,,
ai_mode,What is a structured interview and why do companies use them?,main,citations,https://justrecruitment.co.uk/2026/04/22/what-are-structured-interviews-and-why-do-they-lead-to-better-hiring/,justrecruitment.co.uk,,
ai_mode,What is a structured interview and why do companies use them?,main,citations,https://www.hrcloud.com/resources/interview-questions/structured-interview-questions,hrcloud.com,,
ai_mode,What is a structured interview and why do companies use them?,main,citations,https://www.intervue.io/blog/secrets-to-build-high-performing-tech-team-with-rubric-based-hiring-step-by-step-guide-to-start-rubric-based-hiring,intervue.io,,
ai_mode,What is a structured interview and why do companies use them?,main,citations,https://indeedflex.com/blog/uncategorised/the-importance-of-behavioral-interviewing-in-talent-acquisition/,indeedflex.com,,
ai_mode,What is a structured interview and why do companies use them?,main,citations,https://www.pin.com/blog/behavioral-interview-questions/,pin.com,,
ai_mode,What is a structured interview and why do companies use them?,main,citations,https://harriertalentsolutions.com/knowledge/the-power-of-structered-interviews,harriertalentsolutions.com,,
ai_mode,What is a structured interview and why do companies use them?,main,citations,https://testlify.com/structured-vs-unstructured-interviews/,testlify.com,,
ai_mode,What is a structured interview and why do companies use them?,main,citations,https://vervoe.com/what-is-a-structured-interview/,vervoe.com,,
ai_mode,What is a structured interview and why do companies use them?,main,citations,https://www.criteriacorp.com/blog/5-biggest-benefits-of-a-structured-interview,criteriacorp.com,,
ai_mode,What is a structured interview and why do companies use them?,main,citations,https://www.mokahr.io/myblog/structured-interview/,mokahr.io,,
ai_mode,What is a structured interview and why do companies use them?,main,citations,https://ca.indeed.com/hire/c/info/conducting-structured-interviews,ca.indeed.com,,
ai_mode,What is a structured interview and why do companies use them?,main,citations,https://www.ajobthing.com/resources/blog/structured-interviews-hiring,ajobthing.com,,
ai_mode,What is a structured interview and why do companies use them?,main,citations,https://resources.workable.com/tutorial/structured-interview-questions-guide,resources.workable.com,,
ai_mode,What is a structured interview and why do companies use them?,main,citations,https://rotacloud.com/blog/structured-vs-unstructured-interviews/,rotacloud.com,,
ai_mode,What is the average merit increase budget for 2026?,main,citations,https://www.imercer.com/articleinsights/2026-increase-budgets,imercer.com,,
ai_mode,What is the average merit increase budget for 2026?,main,citations,https://www.imercer.com/articleinsights/2026-actual-increase-budgets-us,imercer.com,,
ai_mode,What is the average merit increase budget for 2026?,main,citations,https://www.mercer.com/en-us/insights/total-rewards/navigating-the-fog-charting-your-2026-compensation-planning-strategy/,mercer.com,,
ai_mode,What is the average merit increase budget for 2026?,main,citations,https://www.hrdive.com/news/2026-raises-to-hold-steady-compensation/759671/,hrdive.com,,
ai_mode,What is the average merit increase budget for 2026?,main,citations,https://www.mercer.com/en-us/insights/total-rewards/developing-your-2026-compensation-planning-strategy/,mercer.com,,
ai_mode,What is the average merit increase budget for 2026?,main,citations,https://worldatwork.org/publications/workspan-daily/worldatwork-employers-2027-pay-budget-projections-point-to-stability,worldatwork.org,,
ai_mode,What is the average merit increase budget for 2026?,main,links_attached,https://www.imercer.com/articleinsights/2026-increase-budgets,imercer.com,,
ai_mode,What is the average merit increase budget for 2026?,main,links_attached,https://www.mercer.com/en-us/insights/total-rewards/navigating-the-fog-charting-your-2026-compensation-planning-strategy/,mercer.com,,
ai_mode,What is the average merit increase budget for 2026?,main,links_attached,https://www.mercer.com/en-us/insights/total-rewards/navigating-the-fog-charting-your-2026-compensation-planning-strategy/,mercer.com,,
ai_mode,What is the average merit increase budget for 2026?,main,links_attached,https://www.imercer.com/articleinsights/2026-increase-budgets,imercer.com,,
ai_mode,What is the average merit increase budget for 2026?,main,links_attached,https://www.imercer.com/articleinsights/2026-increase-budgets,imercer.com,,
ai_mode,What is the average merit increase budget for 2026?,main,links_attached,https://www.imercer.com/articleinsights/2026-increase-budgets,imercer.com,,
ai_mode,What is the average merit increase budget for 2026?,main,links_attached,https://www.google.com/aclk?sa=L&ai=DChsSEwjMi_GK_ruWAxViTUgAHdxlAHYYACICCAIQABoCY2U&co=1&ase=2&gclid=EAIaIQobChMIzIvxiv67lgMVYk1IAB3cZQB2EAUYASAAEgJDrvD_BwE&cid=CAASugHkaI1HwY9DYxon8aAOmBqX4b5WK54qqUHWpyZEI3yO7huDe-A0CFXo5c67v7jrKCH7uOfWsoKVYtW89_YW0ly2MBSexCuNuWYtAWEBXNClgW2DDnykLJMshDcABFAYXrtXi9zszE6eFdDs6MoTgsz5rj7LIx-JpwK8UWenoAHKC8OBpeRgqdWEl1IEGN_yeySdSiiRpQNz-ZKqJePdAlwf-W8t1cf3fd-JaGKu7kxgO8raEq30oPChkdU&cce=2&category=acrcp_v1_32&sig=AOD64_0GWnTb336KCp_---XdybVUfLAk7w&adurl&ved=2ahUKEwiso6SJ_ruWAxWrlZUCHUZ5FVwQwdQPeggIAggBCCAQAg,google.com,,
ai_mode,What are realistic product manager salaries in 2026?,main,citations,https://www.levels.fyi/t/product-manager,levels.fyi,,
ai_mode,What are realistic product manager salaries in 2026?,main,citations,https://www.levels.fyi/companies/google/salaries/product-manager,levels.fyi,,
ai_mode,What are realistic product manager salaries in 2026?,main,citations,"https://www.glassdoor.com/Salaries/product-manager-salary-SRCH_KO0,15.htm",glassdoor.com,,
ai_mode,What are realistic product manager salaries in 2026?,main,citations,https://www.levels.fyi/t/product-manager/locations/united-states,levels.fyi,,
ai_mode,What are realistic product manager salaries in 2026?,main,citations,https://www.coursera.org/articles/product-manager-salary,coursera.org,,
ai_mode,What are realistic product manager salaries in 2026?,main,citations,https://producthq.org/career/product-marketing-manager/product-marketing-manager-salary/,producthq.org,,
ai_mode,What are realistic product manager salaries in 2026?,main,citations,https://www.levels.fyi/companies/reef/salaries/product-manager,levels.fyi,,
ai_mode,What are realistic product manager salaries in 2026?,main,citations,https://www.womentech.net/en-us/how-to/impact-experience-product-manager-compensation,womentech.net,,
ai_mode,What are realistic product manager salaries in 2026?,main,citations,https://www.kore1.com/product-owner-salary-guide/,kore1.com,,
ai_mode,What are realistic product manager salaries in 2026?,main,citations,https://www.tealhq.com/career-paths/technical-product-manager,tealhq.com,,
ai_mode,What are realistic product manager salaries in 2026?,main,citations,https://www.productplan.com/learn/product-manager-salary,productplan.com,,
ai_mode,What are realistic product manager salaries in 2026?,main,citations,https://www.tealhq.com/career-paths/product-manager,tealhq.com,,
ai_mode,What are realistic product manager salaries in 2026?,main,citations,https://www.acte.in/product-manager-salary-in-india-guide,acte.in,,
ai_mode,What are realistic product manager salaries in 2026?,main,links_attached,https://www.levels.fyi/t/product-manager/locations/united-states,levels.fyi,,
ai_mode,What are realistic product manager salaries in 2026?,main,links_attached,https://www.levels.fyi/t/product-manager/locations/united-states,levels.fyi,,
ai_mode,What are realistic product manager salaries in 2026?,main,links_attached,https://www.levels.fyi/companies/google/salaries/product-manager,levels.fyi,,
ai_mode,What are realistic product manager salaries in 2026?,main,links_attached,"https://www.glassdoor.com/Salaries/product-manager-salary-SRCH_KO0,15.htm",glassdoor.com,,
ai_mode,What are realistic product manager salaries in 2026?,main,links_attached,https://www.levels.fyi/t/product-manager,levels.fyi,,
ai_mode,What do agencies say about reporting in GA4 for clients?,main,citations,https://www.clicdata.com/blog/ga4-reporting-dashboard-for-agencies/,clicdata.com,,
ai_mode,What do agencies say about reporting in GA4 for clients?,main,citations,https://usefathom.com/learn/google-analytics-for-agencies,usefathom.com,,
ai_mode,What do agencies say about reporting in GA4 for clients?,main,citations,https://www.youtube.com/watch?v=E4nnYJQJfPw,youtube.com,,
ai_mode,What do agencies say about reporting in GA4 for clients?,main,citations,https://www.youtube.com/watch?v=bF1I753Jtis&t=163,youtube.com,,
ai_mode,What do agencies say about reporting in GA4 for clients?,main,citations,https://www.bluehost.com/blog/google-analytics-4/,bluehost.com,,
ai_mode,What do agencies say about reporting in GA4 for clients?,main,citations,https://www.invespcro.com/blog/google-analytics-4/,invespcro.com,,
ai_mode,What do agencies say about reporting in GA4 for clients?,main,citations,https://www.twipla.com/en/compare-with-other-tools/alternative-to-google-analytics-4-smarter-privacy-compliant-analytics,twipla.com,,
ai_mode,What do agencies say about reporting in GA4 for clients?,main,citations,https://whatagraph.com/google-analytics-4-reporting-tool,whatagraph.com,,
ai_mode,What do agencies say about reporting in GA4 for clients?,main,citations,https://agencyanalytics.com/blog/google-analytics-4-guide,agencyanalytics.com,,
ai_mode,What do agencies say about reporting in GA4 for clients?,main,citations,https://www.cloudways.com/blog/client-reporting/,cloudways.com,,
ai_mode,What do agencies say about reporting in GA4 for clients?,main,citations,https://www.ebeyonds.com/blog/how-to-set-up-google-analytics-4.html,ebeyonds.com,,
ai_mode,What do agencies say about reporting in GA4 for clients?,main,citations,https://www.heap.io/topics/google-analytics-mobile-apps-limitations-challenges,heap.io,,
ai_mode,What do agencies say about reporting in GA4 for clients?,main,citations,https://agencyanalytics.com/blog/ga4-reporting,agencyanalytics.com,,
ai_mode,What do agencies say about reporting in GA4 for clients?,main,citations,https://www.consultwebs.com/lawyer-seo/google-analytics-4/,consultwebs.com,,
ai_mode,What do agencies say about reporting in GA4 for clients?,main,citations,https://www.americaneagle.com/insights/blog/post/a-deep-dive-into-google-analytics-4,americaneagle.com,,
ai_mode,What do agencies say about reporting in GA4 for clients?,main,citations,https://business.flaviar.com/articles/unlocking-growth-insights-helpful-google-analytics-4-features-for-direct-to-consumer-alcohol-brands,business.flaviar.com,,
ai_mode,What do agencies say about reporting in GA4 for clients?,main,citations,https://www.genroe.com/blog/the-9-call-centre-reports-every-marketing-manager-must-have/7728,genroe.com,,
ai_mode,What do agencies say about reporting in GA4 for clients?,main,citations,https://unifida.co.uk/uncategorized/attribution-model-google-analytics/,unifida.co.uk,,
ai_mode,What do agencies say about reporting in GA4 for clients?,main,citations,https://www.ruleranalytics.com/blog/click-attribution/google-analytics-attribution/,ruleranalytics.com,,
ai_mode,What do agencies say about reporting in GA4 for clients?,main,citations,https://measureschool.com/unassigned-traffic-in-google-analytics-4/,measureschool.com,,
ai_mode,What do agencies say about reporting in GA4 for clients?,main,citations,https://www.crobenchmark.com/blog/ga4-utm-parameters-guide,crobenchmark.com,,
ai_mode,What do agencies say about reporting in GA4 for clients?,main,links_attached,https://www.clicdata.com/blog/ga4-reporting-dashboard-for-agencies/,clicdata.com,,
ai_mode,What do agencies say about reporting in GA4 for clients?,main,links_attached,https://www.clicdata.com/blog/ga4-reporting-dashboard-for-agencies/,clicdata.com,,
ai_mode,What do agencies say about reporting in GA4 for clients?,main,links_attached,https://www.youtube.com/watch?v=bF1I753Jtis&t=163,youtube.com,,
ai_mode,What do agencies say about reporting in GA4 for clients?,main,links_attached,https://www.clicdata.com/blog/ga4-reporting-dashboard-for-agencies/,clicdata.com,,
ai_mode,What do agencies say about reporting in GA4 for clients?,main,links_attached,https://www.youtube.com/watch?v=E4nnYJQJfPw,youtube.com,,
ai_mode,What do agencies say about reporting in GA4 for clients?,main,links_attached,https://usefathom.com/learn/google-analytics-for-agencies,usefathom.com,,
ai_mode,What do agencies say about reporting in GA4 for clients?,main,links_attached,https://usefathom.com/learn/google-analytics-for-agencies,usefathom.com,,
ai_mode,What skills do data engineering roles require in 2026?,main,citations,https://www.youtube.com/watch?v=VbnP4Q5WeyY,youtube.com,,
ai_mode,What skills do data engineering roles require in 2026?,main,citations,https://www.youtube.com/watch?v=iiV_O4Uqj9Q,youtube.com,,
ai_mode,What skills do data engineering roles require in 2026?,main,citations,https://www.youtube.com/watch?v=f1biHhDyoS4&t=89,youtube.com,,
ai_mode,What skills do data engineering roles require in 2026?,main,citations,https://medium.com/@manik.ruet08/data-engineering-in-2026-what-skills-will-still-matter-2fea5cd96e55,medium.com,,
ai_mode,What skills do data engineering roles require in 2026?,main,links_attached,https://www.youtube.com/watch?v=iiV_O4Uqj9Q,youtube.com,,
ai_mode,What skills do data engineering roles require in 2026?,main,links_attached,https://www.youtube.com/watch?v=iiV_O4Uqj9Q,youtube.com,,
ai_mode,What skills do data engineering roles require in 2026?,main,links_attached,https://www.youtube.com/watch?v=VbnP4Q5WeyY,youtube.com,,
ai_mode,What skills do data engineering roles require in 2026?,main,links_attached,https://www.youtube.com/watch?v=iiV_O4Uqj9Q,youtube.com,,
ai_mode,What skills do data engineering roles require in 2026?,main,links_attached,https://www.youtube.com/watch?v=VbnP4Q5WeyY,youtube.com,,
ai_mode,What skills do data engineering roles require in 2026?,main,links_attached,https://www.youtube.com/watch?v=VbnP4Q5WeyY,youtube.com,,
ai_mode,What skills do data engineering roles require in 2026?,main,links_attached,https://www.youtube.com/watch?v=VbnP4Q5WeyY,youtube.com,,
ai_mode,What skills do data engineering roles require in 2026?,main,links_attached,https://www.youtube.com/watch?v=iiV_O4Uqj9Q,youtube.com,,
ai_mode,How do non compete agreements work in California?,main,citations,https://www.paulweiss.com/insights/client-memos/california-non-compete-laws-take-effect,paulweiss.com,,
ai_mode,How do non compete agreements work in California?,main,citations,https://www.goodwinlaw.com/en/insights/publications/2024/01/alerts-practices-tsemnc-new-laws-reinforce-californias-hostility-to-non-competes-with-notice,goodwinlaw.com,,
ai_mode,How do non compete agreements work in California?,main,citations,https://hrwatchdog.calchamber.com/2024/02/ab-1076-non-compete-notice-deadline-is-february-14/,hrwatchdog.calchamber.com,,
ai_mode,How do non compete agreements work in California?,main,citations,https://www.pbw-law.com/employment-litigation-involving-non-compete-agreements/,pbw-law.com,,
ai_mode,How do non compete agreements work in California?,main,links_attached,https://www.paulweiss.com/insights/client-memos/california-non-compete-laws-take-effect,paulweiss.com,,
ai_mode,How do non compete agreements work in California?,main,links_attached,https://hrwatchdog.calchamber.com/2024/02/ab-1076-non-compete-notice-deadline-is-february-14/,hrwatchdog.calchamber.com,,
ai_mode,How do non compete agreements work in California?,main,links_attached,https://www.goodwinlaw.com/en/insights/publications/2024/01/alerts-practices-tsemnc-new-laws-reinforce-californias-hostility-to-non-competes-with-notice,goodwinlaw.com,,
ai_mode,How do non compete agreements work in California?,main,links_attached,https://www.goodwinlaw.com/en/insights/publications/2024/01/alerts-practices-tsemnc-new-laws-reinforce-californias-hostility-to-non-competes-with-notice,goodwinlaw.com,,
ai_mode,How do non compete agreements work in California?,main,links_attached,https://hrwatchdog.calchamber.com/2024/02/ab-1076-non-compete-notice-deadline-is-february-14/,hrwatchdog.calchamber.com,,
ai_mode,What do people regret most about switching careers in their 30s?,main,citations,https://www.instagram.com/reel/DWkvPJIpmQU/,instagram.com,,
ai_mode,What do people regret most about switching careers in their 30s?,main,citations,https://finance.yahoo.com/news/23-americans-regret-job-change-100600385.html,finance.yahoo.com,,
ai_mode,What do people regret most about switching careers in their 30s?,main,citations,https://www.reddit.com/r/careerguidance/comments/1rt7gqz/career_switchers_in_your_30s_did_you_regret_it_or/,reddit.com,,
ai_mode,What do people regret most about switching careers in their 30s?,main,citations,https://www.forbes.com/sites/tracybrower/2025/02/20/why-your-30s-are-a-great-time-to-change-careers/,forbes.com,,
ai_mode,What do people regret most about switching careers in their 30s?,main,citations,https://cmdrecruitment.com/guide-to-a-career-change-at-30,cmdrecruitment.com,,
ai_mode,What do people regret most about switching careers in their 30s?,main,citations,https://pathwise.io/best-age-for-career-change/,pathwise.io,,
ai_mode,What do people regret most about switching careers in their 30s?,main,citations,https://www.reddit.com/r/careerguidance/comments/1t2bwyt/if_you_were_17_again_what_career_path_would_you/,reddit.com,,
ai_mode,What do people regret most about switching careers in their 30s?,main,links_attached,https://www.instagram.com/reel/DWkvPJIpmQU/,instagram.com,,
ai_mode,What do people regret most about switching careers in their 30s?,main,links_attached,https://www.reddit.com/r/careerguidance/comments/1rt7gqz/career_switchers_in_your_30s_did_you_regret_it_or/,reddit.com,,
ai_mode,What do people regret most about switching careers in their 30s?,main,links_attached,https://www.reddit.com/r/careerguidance/comments/1rt7gqz/career_switchers_in_your_30s_did_you_regret_it_or/,reddit.com,,
ai_mode,What do people regret most about switching careers in their 30s?,main,links_attached,https://www.reddit.com/r/careerguidance/comments/1rt7gqz/career_switchers_in_your_30s_did_you_regret_it_or/,reddit.com,,
ai_mode,What do people regret most about switching careers in their 30s?,main,links_attached,https://www.instagram.com/reel/DWkvPJIpmQU/,instagram.com,,
ai_mode,What do people regret most about switching careers in their 30s?,main,links_attached,https://finance.yahoo.com/news/23-americans-regret-job-change-100600385.html,finance.yahoo.com,,
ai_mode,How does usage based pricing work for SaaS tools?,main,links_attached,https://www.google.com/goto?url=CAESjAEB6zswFfMMjGIYOyOK6VKRtRjUmJmEKhq5YOMxN3g7xOKKyoLivPFT07rW2SQm1gYDkviF7XNAUWMCKKGyUz4AkgUIbhpm2JgLUd7at0if8Oz7Cjkjey65ZWQjtCzycWSl_lfJl777FjPEBs0Ej5XJwuZBMfhTuIEJQBuBGCtwgj6YGq9VCeKgVD1WBw,google.com,,
ai_mode,How does usage based pricing work for SaaS tools?,main,links_attached,https://www.google.com/goto?url=CAESjAEB6zswFfMMjGIYOyOK6VKRtRjUmJmEKhq5YOMxN3g7xOKKyoLivPFT07rW2SQm1gYDkviF7XNAUWMCKKGyUz4AkgUIbhpm2JgLUd7at0if8Oz7Cjkjey65ZWQjtCzycWSl_lfJl777FjPEBs0Ej5XJwuZBMfhTuIEJQBuBGCtwgj6YGq9VCeKgVD1WBw,google.com,,
ai_mode,How does usage based pricing work for SaaS tools?,main,links_attached,https://www.google.com/goto?url=CAESjAEB6zswFfMMjGIYOyOK6VKRtRjUmJmEKhq5YOMxN3g7xOKKyoLivPFT07rW2SQm1gYDkviF7XNAUWMCKKGyUz4AkgUIbhpm2JgLUd7at0if8Oz7Cjkjey65ZWQjtCzycWSl_lfJl777FjPEBs0Ej5XJwuZBMfhTuIEJQBuBGCtwgj6YGq9VCeKgVD1WBw,google.com,,
ai_mode,How does usage based pricing work for SaaS tools?,main,links_attached,https://www.google.com/goto?url=CAESjAEB6zswFfMMjGIYOyOK6VKRtRjUmJmEKhq5YOMxN3g7xOKKyoLivPFT07rW2SQm1gYDkviF7XNAUWMCKKGyUz4AkgUIbhpm2JgLUd7at0if8Oz7Cjkjey65ZWQjtCzycWSl_lfJl777FjPEBs0Ej5XJwuZBMfhTuIEJQBuBGCtwgj6YGq9VCeKgVD1WBw,google.com,,
ai_mode,How does usage based pricing work for SaaS tools?,main,links_attached,https://www.google.com/goto?url=CAESTgHrOzAVj7zjC7Rb3r_zvmTFjdQcvFy2zloaYHN35SI7S5sCeCGHsd4zHTXNdM4zF3S4_CL3x6PfdfAdmufMSajxqRO7fbtvrXAlcILxZw,google.com,,
ai_mode,How does usage based pricing work for SaaS tools?,main,links_attached,https://www.google.com/goto?url=CAESjAEB6zswFfMMjGIYOyOK6VKRtRjUmJmEKhq5YOMxN3g7xOKKyoLivPFT07rW2SQm1gYDkviF7XNAUWMCKKGyUz4AkgUIbhpm2JgLUd7at0if8Oz7Cjkjey65ZWQjtCzycWSl_lfJl777FjPEBs0Ej5XJwuZBMfhTuIEJQBuBGCtwgj6YGq9VCeKgVD1WBw,google.com,,
ai_mode,How does usage based pricing work for SaaS tools?,main,links_attached,https://www.google.com/aclk?sa=L&ai=DChsSEwjX3rqK_ruWAxWPkYMHHRfIGgUYACICCAIQABoCZWY&co=1&ase=2&gclid=EAIaIQobChMI1966iv67lgMVj5GDBx0XyBoFEAUYASAAEgJOV_D_BwE&cid=CAASugHkaDJgVmJc2_bF1XC8FDmyDOKWDwyUXJQDP8O_H6OhbtaiQM0ciE8plj9lp6Dsf-0xQjM3g80mdSMawDINliWAkx7KXEvbgNFVU3ljYHHSYuijCPucWXz3xtmMChXACHUhPJFYPHAptYxjEaUCrHyxdjClDpKMCKDve5PrlW1Xg_UCzUqQoVScxTBLxTsHWpSgNowCznyfhbfPR-8sXw-6BYq94dM378rr3dcf0MYYwZwyHAc2GFAUokI&cce=2&category=acrcp_v1_32&sig=AOD64_2pRBVkKd09ZnWj8PKLq-mnOxd7ew&adurl&ved=2ahUKEwisgoeJ_ruWAxXPRP4FHeCLAK0QwdQPeggIAggBCCQQAg,google.com,,
ai_mode,What questions are employers legally not allowed to ask in an interview?,main,citations,https://www.eeoc.gov/employers/small-business/what-shouldnt-i-ask-when-hiring,eeoc.gov,,
ai_mode,What questions are employers legally not allowed to ask in an interview?,main,citations,https://www.eeoc.gov/employers/small-business/4-what-cant-i-ask-when-hiring,eeoc.gov,,
ai_mode,What questions are employers legally not allowed to ask in an interview?,main,citations,https://ocs.yale.edu/channels/illegal-interview-questions/,ocs.yale.edu,,
ai_mode,What questions are employers legally not allowed to ask in an interview?,main,citations,https://www.geneseo.edu/career-design/illegal-interview-questions/,geneseo.edu,,
ai_mode,What questions are employers legally not allowed to ask in an interview?,main,citations,https://www.workwisecompliance.com/seven-types-of-illegal-interview-questions-you-should-never-ask,workwisecompliance.com,,
ai_mode,What questions are employers legally not allowed to ask in an interview?,main,citations,https://www.resumebuilder.com/career-center/questions-you-do-not-have-to-answer-in-an-interview/,resumebuilder.com,,
ai_mode,What questions are employers legally not allowed to ask in an interview?,main,citations,https://www.manatal.com/blog/illegal-interview-questions,manatal.com,,
ai_mode,What questions are employers legally not allowed to ask in an interview?,main,citations,https://www.redbanklegal.com/practice-areas/employment-discrimination-attorney/hiring-discrimination/,redbanklegal.com,,
ai_mode,What questions are employers legally not allowed to ask in an interview?,main,citations,https://allsorter.com/recruitment-hub/recruitment-compliance,allsorter.com,,
ai_mode,What questions are employers legally not allowed to ask in an interview?,main,citations,https://www.workwisecompliance.com/blog/seven-types-of-illegal-interview-questions-you-should-never-ask.html,workwisecompliance.com,,
ai_mode,What questions are employers legally not allowed to ask in an interview?,main,citations,https://www.hrmorning.com/articles/illegal-interview-questions-job-applicants/,hrmorning.com,,
ai_mode,What questions are employers legally not allowed to ask in an interview?,main,citations,https://www.proalt.com/understanding-illegal-interview-questions/,proalt.com,,
ai_mode,What questions are employers legally not allowed to ask in an interview?,main,citations,https://www.testgorilla.com/blog/illegal-interview-questions/,testgorilla.com,,
ai_mode,What questions are employers legally not allowed to ask in an interview?,main,citations,https://www.preemploymentassessments.com/illegal-interview-questions/,preemploymentassessments.com,,
ai_mode,What questions are employers legally not allowed to ask in an interview?,main,citations,https://www.dhlaw.com.au/interview-questions-you-cant-ask/,dhlaw.com.au,,
ai_mode,What questions are employers legally not allowed to ask in an interview?,main,citations,https://www.uwb.edu/career-services/resources/interviews/illegal-questions,uwb.edu,,
ai_mode,What questions are employers legally not allowed to ask in an interview?,main,citations,https://tpghrservices.com/best-hr-services/talent-acquisition/2023-prohibited-interview-questions-you-arent-allowed-to-ask,tpghrservices.com,,
ai_mode,What questions are employers legally not allowed to ask in an interview?,main,citations,https://usm.maine.edu/career-employment-hub/wp-content/uploads/sites/241/2024/03/MASTER_A-Guide-to-Lawful-and-Unlawful-Interview-Questions.pdf,usm.maine.edu,,
ai_mode,What questions are employers legally not allowed to ask in an interview?,main,links_attached,https://www.eeoc.gov/employers/small-business/what-shouldnt-i-ask-when-hiring,eeoc.gov,,
ai_mode,What questions are employers legally not allowed to ask in an interview?,main,links_attached,https://ocs.yale.edu/channels/illegal-interview-questions/,ocs.yale.edu,,
ai_mode,What questions are employers legally not allowed to ask in an interview?,main,links_attached,https://ocs.yale.edu/channels/illegal-interview-questions/,ocs.yale.edu,,
ai_mode,What questions are employers legally not allowed to ask in an interview?,main,links_attached,https://www.eeoc.gov/employers/small-business/what-shouldnt-i-ask-when-hiring,eeoc.gov,,
ai_mode,What questions are employers legally not allowed to ask in an interview?,main,links_attached,https://www.eeoc.gov/employers/small-business/what-shouldnt-i-ask-when-hiring,eeoc.gov,,
ai_mode,What questions are employers legally not allowed to ask in an interview?,main,links_attached,https://www.eeoc.gov/employers/small-business/4-what-cant-i-ask-when-hiring,eeoc.gov,,
ai_mode,What questions are employers legally not allowed to ask in an interview?,main,links_attached,https://www.eeoc.gov/employers/small-business/what-shouldnt-i-ask-when-hiring,eeoc.gov,,
ai_mode,What questions are employers legally not allowed to ask in an interview?,main,links_attached,https://www.eeoc.gov/employers/small-business/what-shouldnt-i-ask-when-hiring,eeoc.gov,,
ai_mode,What questions are employers legally not allowed to ask in an interview?,main,links_attached,https://www.eeoc.gov/employers/small-business/what-shouldnt-i-ask-when-hiring,eeoc.gov,,
ai_mode,Do recruiting teams like Greenhouse or Lever better?,main,citations,https://www.peoplepilot.io/blog/greenhouse-vs-lever-2026,peoplepilot.io,,
ai_mode,Do recruiting teams like Greenhouse or Lever better?,main,citations,https://ustechautomations.com/resources/blog/automate-greenhouse-vs-lever-for-recruiting-firms-2026,ustechautomations.com,,
ai_mode,Do recruiting teams like Greenhouse or Lever better?,main,citations,https://www.hiretruffle.com/blog/greenhouse-vs-lever,hiretruffle.com,,
ai_mode,Do recruiting teams like Greenhouse or Lever better?,main,links_attached,https://www.peoplepilot.io/blog/greenhouse-vs-lever-2026,peoplepilot.io,,
ai_mode,Do recruiting teams like Greenhouse or Lever better?,main,links_attached,https://ustechautomations.com/resources/blog/automate-greenhouse-vs-lever-for-recruiting-firms-2026,ustechautomations.com,,
ai_mode,Do recruiting teams like Greenhouse or Lever better?,main,links_attached,https://www.peoplepilot.io/blog/greenhouse-vs-lever-2026,peoplepilot.io,,
ai_mode,Is it a bad idea to go back to a former employer?,main,citations,https://gogpac.com/knowledge-center/getting-a-job-where-you-used-to-work,gogpac.com,,
ai_mode,Is it a bad idea to go back to a former employer?,main,citations,https://online.usc.edu/news/what-is-boomerang-employee-pros-cons-returning-former-employer/,online.usc.edu,,
ai_mode,Is it a bad idea to go back to a former employer?,main,citations,https://resumeworded.com/blog/is-it-embarrassing-to-go-back-to-your-old-job/,resumeworded.com,,
ai_mode,Is it a bad idea to go back to a former employer?,main,citations,https://www.reddit.com/r/managers/comments/1pt26vs/have_you_ever_seen_a_counter_offer_work_out/,reddit.com,,
ai_mode,Is it a bad idea to go back to a former employer?,main,citations,https://www.techclass.com/resources/learning-and-development-articles/reboarding-employees-how-to-welcome-back-former-team-members,techclass.com,,
ai_mode,Is it a bad idea to go back to a former employer?,main,citations,https://transnationalstaffing.com/employees/thinking-of-going-back-what-to-know-before-returning-to-a-former-employer/,transnationalstaffing.com,,
ai_mode,Is it a bad idea to go back to a former employer?,main,citations,https://aclion.com/pros-cons-of-rehiring-a-former-employee/,aclion.com,,
ai_mode,Is it a bad idea to go back to a former employer?,main,citations,https://gusto.com/resources/glossary/bommerang-employee,gusto.com,,
ai_mode,Is it a bad idea to go back to a former employer?,main,citations,https://www.visier.com/blog/retain-retrain-rehire-employees/,visier.com,,
ai_mode,Is it a bad idea to go back to a former employer?,main,citations,https://masisstaffing.com/the-boomerang-employee-effect-why-more-workers-are-returning-to-former-employers/,masisstaffing.com,,
ai_mode,Is it a bad idea to go back to a former employer?,main,citations,https://www.linkedin.com/pulse/boomerang-should-you-go-back-ex-employer-fw6oc,linkedin.com,pulse,
ai_mode,Is it a bad idea to go back to a former employer?,main,citations,https://www.altiussearchgroup.com/post/exploring-the-pros-and-cons-of-rehiring-former-employees,altiussearchgroup.com,,
ai_mode,Is it a bad idea to go back to a former employer?,main,citations,https://search.proquest.com/openview/cea3a081ff790d836b551630678ff0e2/1.pdf?pq-origsite=gscholar&cbl=44644,search.proquest.com,,
ai_mode,Is it a bad idea to go back to a former employer?,main,citations,https://www.letsroam.com/team-building/resources/rehiring-former-employees/?srsltid=AfmBOooPSc-TIDrorH_-0zn8uPjAHFzjujzKA_UTmM2bFndLbwE8uuhk,letsroam.com,,
ai_mode,Is it a bad idea to go back to a former employer?,main,citations,https://www.brookstreet.co.uk/blog/2017/07/its-make-or-break-rehiring-an-ex-employee,brookstreet.co.uk,,
ai_mode,Is it a bad idea to go back to a former employer?,main,citations,https://www.atsinc.com/blog/careers/returning-to-former-employer-pros-cons-how-to,atsinc.com,,
ai_mode,Is it a bad idea to go back to a former employer?,main,citations,https://www.insperity.com/blog/the-good-the-bad-and-the-maybe-should-you-rehire-former-employees/,insperity.com,,
ai_mode,Is it a bad idea to go back to a former employer?,main,citations,https://www.linkedin.com/pulse/re-joining-previous-employer-pros-cons-strategies-success-sheikh-qaqje,linkedin.com,pulse,
ai_mode,What is a 409A valuation and why does it matter for stock options?,main,citations,https://carta.com/learn/startups/equity-management/409a-valuation/,carta.com,,
ai_mode,What is a 409A valuation and why does it matter for stock options?,main,citations,https://a16z.com/16-things-to-know-about-the-409a-valuation/,a16z.com,,
ai_mode,What is a 409A valuation and why does it matter for stock options?,main,citations,https://www.jpmorgan.com/insights/business-planning/409a-valuations-a-guide-for-startups,jpmorgan.com,,
ai_mode,What is a 409A valuation and why does it matter for stock options?,main,citations,https://www.morganstanley.com/atwork/articles/409a-valuation-faq,morganstanley.com,,
ai_mode,What is a 409A valuation and why does it matter for stock options?,main,citations,https://www.naspp.com/blog/409a-valuations-startups,naspp.com,,
ai_mode,What is a 409A valuation and why does it matter for stock options?,main,links_attached,https://www.jpmorgan.com/insights/business-planning/409a-valuations-a-guide-for-startups,jpmorgan.com,,
ai_mode,What is a 409A valuation and why does it matter for stock options?,main,links_attached,https://carta.com/learn/startups/equity-management/409a-valuation/,carta.com,,
ai_mode,What is a 409A valuation and why does it matter for stock options?,main,links_attached,https://www.naspp.com/blog/409a-valuations-startups,naspp.com,,
ai_mode,What is a 409A valuation and why does it matter for stock options?,main,links_attached,https://carta.com/learn/startups/equity-management/409a-valuation/,carta.com,,
ai_mode,What is a 409A valuation and why does it matter for stock options?,main,links_attached,https://a16z.com/16-things-to-know-about-the-409a-valuation/,a16z.com,,
ai_mode,What is a 409A valuation and why does it matter for stock options?,main,links_attached,https://carta.com/learn/startups/equity-management/409a-valuation/,carta.com,,
ai_mode,What is a 409A valuation and why does it matter for stock options?,main,links_attached,https://carta.com/learn/startups/equity-management/409a-valuation/,carta.com,,
ai_mode,What is a 409A valuation and why does it matter for stock options?,main,links_attached,https://www.jpmorgan.com/insights/business-planning/409a-valuations-a-guide-for-startups,jpmorgan.com,,
ai_mode,What do executives say about negotiating severance terms up front?,main,citations,https://www.linkedin.com/posts/saraperelliminetti_heres-the-step-by-step-process-we-used-to-activity-7427696837098393600-5QRQ,linkedin.com,posts,
ai_mode,What do executives say about negotiating severance terms up front?,main,citations,https://www.nisarlaw.com/blog/2025/december/severance-negotiation-guide/,nisarlaw.com,,
ai_mode,What do executives say about negotiating severance terms up front?,main,citations,https://www.wsj.com/lifestyle/careers/severance-pay-what-it-is-and-why-you-should-negotiate-a-package-before-accepting-a-job-11608152200,wsj.com,,
ai_mode,What do executives say about negotiating severance terms up front?,main,citations,https://careerminds.com/blog/negotiating-severance-outplacement-support,careerminds.com,,
ai_mode,What do executives say about negotiating severance terms up front?,main,citations,https://www.briefcasecoach.com/importance-of-executive-exit-negotiation-before-day-one/,briefcasecoach.com,,
ai_mode,What do executives say about negotiating severance terms up front?,main,citations,https://www.meridiancp.com/insights/executive-severance-arrangements-2/,meridiancp.com,,
ai_mode,What do executives say about negotiating severance terms up front?,main,citations,https://gbirnlaw.com/blog/severance-good-reason-important-weapon-executive-compensation-attorney/,gbirnlaw.com,,
ai_mode,What do executives say about negotiating severance terms up front?,main,citations,https://www.floreslegalpllc.com/austin-executive-employment-agreement-lawyer/,floreslegalpllc.com,,
ai_mode,What do executives say about negotiating severance terms up front?,main,citations,https://www.executiveemploymentattorney.com/articles-section/executive-severance-package/,executiveemploymentattorney.com,,
ai_mode,What do executives say about negotiating severance terms up front?,main,citations,https://www.mclellanlawgroup.com/severance-negotiation-benefits,mclellanlawgroup.com,,
ai_mode,What do executives say about negotiating severance terms up front?,main,citations,https://aaronhall.com/stock-option-termination-clauses-fired-employees/,aaronhall.com,,
ai_mode,What do executives say about negotiating severance terms up front?,main,citations,https://lifemoney.ca/blog/severance-package-negotiation-checklist-for-tech-layoffs-in-2026-what-to-ask-for-beyond-the-money,lifemoney.ca,,
ai_mode,What do executives say about negotiating severance terms up front?,main,citations,https://www.lhh.com/en-us/insights/how-much-severance-should-companies-pay,lhh.com,,
ai_mode,What do executives say about negotiating severance terms up front?,main,links_attached,https://www.linkedin.com/posts/saraperelliminetti_heres-the-step-by-step-process-we-used-to-activity-7427696837098393600-5QRQ,linkedin.com,posts,
ai_mode,What do executives say about negotiating severance terms up front?,main,links_attached,https://www.linkedin.com/posts/saraperelliminetti_heres-the-step-by-step-process-we-used-to-activity-7427696837098393600-5QRQ,linkedin.com,posts,
ai_mode,What do executives say about negotiating severance terms up front?,main,links_attached,https://www.nisarlaw.com/blog/2025/december/severance-negotiation-guide/,nisarlaw.com,,
ai_mode,What do executives say about negotiating severance terms up front?,main,links_attached,https://www.linkedin.com/posts/saraperelliminetti_heres-the-step-by-step-process-we-used-to-activity-7427696837098393600-5QRQ,linkedin.com,posts,
ai_mode,What happens to unvested RSUs when you get laid off?,main,citations,https://www.equityftw.com/articles/what-happens-to-rsus-if-youre-laid-off,equityftw.com,,
ai_mode,What happens to unvested RSUs when you get laid off?,main,citations,https://www.astor.app/blog/rsus-when-laid-off,astor.app,,
ai_mode,What happens to unvested RSUs when you get laid off?,main,citations,https://schmidtfm.com/blog/what-happens-to-rsus-when-you-leave-a-company,schmidtfm.com,,
ai_mode,What happens to unvested RSUs when you get laid off?,main,citations,https://darrowwealthmanagement.com/blog/what-happens-to-stock-options-if-i-leave-the-company/,darrowwealthmanagement.com,,
ai_mode,What happens to unvested RSUs when you get laid off?,main,citations,https://www.benefits.ml.com/education/education-articles/articles/?title=yourequityawards-whenlifehappens&site_id=BOLEDU,benefits.ml.com,,
ai_mode,What happens to unvested RSUs when you get laid off?,main,citations,https://www.lambenefits.com/document/211,lambenefits.com,,
ai_mode,What happens to unvested RSUs when you get laid off?,main,links_attached,https://www.equityftw.com/articles/what-happens-to-rsus-if-youre-laid-off,equityftw.com,,
ai_mode,What happens to unvested RSUs when you get laid off?,main,links_attached,https://www.astor.app/blog/rsus-when-laid-off,astor.app,,
ai_mode,What happens to unvested RSUs when you get laid off?,main,links_attached,https://www.astor.app/blog/rsus-when-laid-off,astor.app,,
ai_mode,What happens to unvested RSUs when you get laid off?,main,links_attached,https://www.astor.app/blog/rsus-when-laid-off,astor.app,,
ai_mode,What happens to unvested RSUs when you get laid off?,main,links_attached,https://www.equityftw.com/articles/what-happens-to-rsus-if-youre-laid-off,equityftw.com,,
ai_mode,What do RevOps people think of Clay for outbound prospecting?,main,citations,https://www.youtube.com/watch?v=B80mvrmBcRY,youtube.com,,
ai_mode,What do RevOps people think of Clay for outbound prospecting?,main,citations,https://ziellab.com/post/clay-implementation-in-revops-how-ai-is-transforming-gtm-strategy-in-2025,ziellab.com,,
ai_mode,What do RevOps people think of Clay for outbound prospecting?,main,citations,https://www.youtube.com/watch?v=-n6wZIV2e70&t=159,youtube.com,,
ai_mode,What do RevOps people think of Clay for outbound prospecting?,main,citations,https://blog.revpartners.io/en/revops-articles/what-is-clay-outbound-and-how-does-it-work,blog.revpartners.io,,
ai_mode,What do RevOps people think of Clay for outbound prospecting?,main,citations,https://www.coffee.ai/articles/clay-outbound-sales-data-review,coffee.ai,,
ai_mode,What do RevOps people think of Clay for outbound prospecting?,main,citations,https://www.salesforge.ai/blog/clay-review,salesforge.ai,,
ai_mode,What do RevOps people think of Clay for outbound prospecting?,main,citations,https://skaled.com/insights/clay-review/,skaled.com,,
ai_mode,What do RevOps people think of Clay for outbound prospecting?,main,citations,https://thedigitalbloom.com/learn/clay-platform-review/,thedigitalbloom.com,,
ai_mode,What do RevOps people think of Clay for outbound prospecting?,main,citations,https://www.novoslo.com/blog/best-prospecting-tools,novoslo.com,,
ai_mode,What do RevOps people think of Clay for outbound prospecting?,main,citations,https://www.fullfunnel.co/blog/must-have-outbound-prospecting-tools-for-scale,fullfunnel.co,,
ai_mode,What do RevOps people think of Clay for outbound prospecting?,main,links_attached,https://www.youtube.com/watch?v=-n6wZIV2e70&t=159,youtube.com,,
ai_mode,What do RevOps people think of Clay for outbound prospecting?,main,links_attached,https://ziellab.com/post/clay-implementation-in-revops-how-ai-is-transforming-gtm-strategy-in-2025,ziellab.com,,
ai_mode,What do RevOps people think of Clay for outbound prospecting?,main,links_attached,https://www.youtube.com/watch?v=B80mvrmBcRY,youtube.com,,
ai_mode,What do RevOps people think of Clay for outbound prospecting?,main,links_attached,https://ziellab.com/post/clay-implementation-in-revops-how-ai-is-transforming-gtm-strategy-in-2025,ziellab.com,,
ai_mode,What do RevOps people think of Clay for outbound prospecting?,main,links_attached,https://www.youtube.com/watch?v=B80mvrmBcRY,youtube.com,,
ai_mode,What do RevOps people think of Clay for outbound prospecting?,main,links_attached,https://www.youtube.com/watch?v=B80mvrmBcRY,youtube.com,,
ai_mode,What do RevOps people think of Clay for outbound prospecting?,main,links_attached,https://www.youtube.com/watch?v=B80mvrmBcRY,youtube.com,,
ai_mode,Do support teams prefer Zendesk or Intercom in practice?,main,citations,https://www.zendesk.com/service/comparison/zendesk-vs-intercom/,zendesk.com,,
ai_mode,Do support teams prefer Zendesk or Intercom in practice?,main,citations,https://www.reddit.com/r/automation/comments/1ncdps6/zendesk_vs_intercom/,reddit.com,,
ai_mode,Do support teams prefer Zendesk or Intercom in practice?,main,citations,https://emailanalytics.com/zendesk-alternatives/,emailanalytics.com,,
ai_mode,Do support teams prefer Zendesk or Intercom in practice?,main,citations,https://front.com/blog/saas-customer-support,front.com,,
ai_mode,Do support teams prefer Zendesk or Intercom in practice?,main,citations,https://www.bolddesk.com/blogs/happyfox-alternatives,bolddesk.com,,
ai_mode,Do support teams prefer Zendesk or Intercom in practice?,main,citations,https://www.myrepublicdigital.com/blog/best-alternative-to-intercom-customer-support/,myrepublicdigital.com,,
ai_mode,Do support teams prefer Zendesk or Intercom in practice?,main,citations,https://capacity.com/blog/freshdesk-vs-zendesk/,capacity.com,,
ai_mode,Do support teams prefer Zendesk or Intercom in practice?,main,citations,https://callhounds.com/call-center-solutions-blogs/zendesk-vs-freshdesk-2026-which-help-desk-fits-your-team/,callhounds.com,,
ai_mode,Do support teams prefer Zendesk or Intercom in practice?,main,citations,https://blog.happyfox.com/multi-channel-vs-omni-channel-support-difference-between-the-two-approaches/,blog.happyfox.com,,
ai_mode,Do support teams prefer Zendesk or Intercom in practice?,main,citations,https://gigabpo.com/ecommerce-customer-service-best-practices/,gigabpo.com,,
ai_mode,Do support teams prefer Zendesk or Intercom in practice?,main,citations,https://www.eesel.ai/blog/zendesk-omnichannel,eesel.ai,,
ai_mode,Do support teams prefer Zendesk or Intercom in practice?,main,citations,https://hiverhq.com/blog/zendesk-reviews,hiverhq.com,,
ai_mode,Do support teams prefer Zendesk or Intercom in practice?,main,citations,https://www.zosuccess.com/blog/zoho-desk-vs-freshdesk-vs-zendesk/,zosuccess.com,,
ai_mode,Do support teams prefer Zendesk or Intercom in practice?,main,citations,https://www.sparrowdesk.com/blogs/freshdesk-vs-zendesk,sparrowdesk.com,,
ai_mode,Do support teams prefer Zendesk or Intercom in practice?,main,citations,https://produktly.com/intercom-product-tours-alternative,produktly.com,,
ai_mode,Do support teams prefer Zendesk or Intercom in practice?,main,citations,https://www.kovaion.com/blog/top-5-ai-powered-helpdesk-software-for-businesses-to-boost-efficiency-in-2025/,kovaion.com,,
ai_mode,Do support teams prefer Zendesk or Intercom in practice?,main,citations,https://blog.octopods.io/intercom-guide/,blog.octopods.io,,
ai_mode,Do support teams prefer Zendesk or Intercom in practice?,main,citations,https://sintra.ai/blog/zendesk-alternative,sintra.ai,,
ai_mode,Do support teams prefer Zendesk or Intercom in practice?,main,citations,https://www.socialintents.com/blog/drift-vs-intercom/,socialintents.com,,
ai_mode,Do support teams prefer Zendesk or Intercom in practice?,main,citations,https://clonepartner.com/blog/zendesk-vs-freshdesk-vs-intercom-operations-lead-guide/,clonepartner.com,,
ai_mode,Do support teams prefer Zendesk or Intercom in practice?,main,citations,https://swifteq.com/post/zendesk-vs-intercom,swifteq.com,,
ai_mode,Do support teams prefer Zendesk or Intercom in practice?,main,links_attached,https://www.reddit.com/r/automation/comments/1ncdps6/zendesk_vs_intercom/,reddit.com,,
ai_mode,Do support teams prefer Zendesk or Intercom in practice?,main,links_attached,https://www.zendesk.com/service/comparison/zendesk-vs-intercom/,zendesk.com,,
ai_mode,Do support teams prefer Zendesk or Intercom in practice?,main,links_attached,https://www.zendesk.com/service/comparison/zendesk-vs-intercom/,zendesk.com,,
ai_mode,What is an ideal customer profile in B2B sales?,main,citations,https://rightleftagency.com/blog/ideal-customer-profile/,rightleftagency.com,,
ai_mode,What is an ideal customer profile in B2B sales?,main,citations,https://www.sellizer.com/blog/ideal-customer-profile-a-key-to-b2b-sales-success,sellizer.com,,
ai_mode,What is an ideal customer profile in B2B sales?,main,citations,https://www.cognism.com/blog/ideal-customer-profile,cognism.com,,
ai_mode,What is an ideal customer profile in B2B sales?,main,citations,https://fluentsupport.com/ideal-customer-profile/,fluentsupport.com,,
ai_mode,What is an ideal customer profile in B2B sales?,main,citations,https://viamrkting.com/ideal-customer-profile-icp-for-b2b-marketing/,viamrkting.com,,
ai_mode,What is an ideal customer profile in B2B sales?,main,citations,https://flockjay.com/blog/what-is-an-ideal-customer-profile-icp,flockjay.com,,
ai_mode,What is an ideal customer profile in B2B sales?,main,citations,https://bullseyestrategy.com/blog/b2b-ideal-customer-profile/,bullseyestrategy.com,,
ai_mode,What is an ideal customer profile in B2B sales?,main,citations,https://slashexperts.com/post/icp-ideal-customer-profile-explained/,slashexperts.com,,
ai_mode,What is an ideal customer profile in B2B sales?,main,citations,https://pipeline.zoominfo.com/sales/b2b-sales-prospecting,pipeline.zoominfo.com,,
ai_mode,What is an ideal customer profile in B2B sales?,main,citations,https://www.shopify.com/id/blog/ideal-customer-profile,shopify.com,,
ai_mode,What is an ideal customer profile in B2B sales?,main,citations,https://getrafiki.ai/glossary,getrafiki.ai,,
ai_mode,What is an ideal customer profile in B2B sales?,main,citations,https://overthinkgroup.com/b2b-product-seo/,overthinkgroup.com,,
ai_mode,What is an ideal customer profile in B2B sales?,main,citations,https://www.velaris.io/glossary/what-is-an-ideal-customer-profile,velaris.io,,
ai_mode,What is an ideal customer profile in B2B sales?,main,citations,https://www.lusha.com/blog/find-high-intent-buyers/,lusha.com,,
ai_mode,What is an ideal customer profile in B2B sales?,main,citations,https://www.leadgenius.com/resources/how-to-build-an-icp,leadgenius.com,,
ai_mode,What is an ideal customer profile in B2B sales?,main,citations,https://www.linkedin.com/pulse/what-ideal-customer-profile-icp-why-should-you-care-michael-gerard-dloze,linkedin.com,pulse,
ai_mode,What is an ideal customer profile in B2B sales?,main,citations,https://flamelearning.com/selling-or-helping-to-buy/,flamelearning.com,,
ai_mode,What is an ideal customer profile in B2B sales?,main,citations,https://belkins.io/blog/qualified-appointment-setting,belkins.io,,
ai_mode,What is an ideal customer profile in B2B sales?,main,citations,https://www.listkit.io/blog/how-to-create-an-ideal-customer-profile-icp,listkit.io,,
ai_mode,What is an ideal customer profile in B2B sales?,main,citations,https://www.revic.ai/blog/what-is-icp-in-sales,revic.ai,,
ai_mode,What is an ideal customer profile in B2B sales?,main,citations,https://pipeline.zoominfo.com/sales/storytelling-in-sales,pipeline.zoominfo.com,,
ai_mode,What is an ideal customer profile in B2B sales?,main,citations,https://fatgraphs.com/blogs/saas-icp-development/,fatgraphs.com,,
ai_mode,What is an ideal customer profile in B2B sales?,main,citations,https://www.vainu.com/blog/ideal-customer-profile-2018/,vainu.com,,
ai_mode,What is an ideal customer profile in B2B sales?,main,citations,https://medium.com/@savoytrfl/find-your-perfect-fit-identifying-your-ideal-customer-720c58ba9644,medium.com,,
ai_mode,What is an ideal customer profile in B2B sales?,main,citations,https://resources.majorisdigital.co/how-to-create-an-ideal-customer-profile-for-b2b-saas-company,resources.majorisdigital.co,,
ai_mode,What is an ideal customer profile in B2B sales?,main,citations,https://www.walnut.io/blog/sales-tips/how-to-create-icp-for-b2b-companies/,walnut.io,,
ai_mode,What is an ideal customer profile in B2B sales?,main,citations,https://www.custify.com/blog/customer-service-experience/,custify.com,,
ai_mode,What do finance teams complain about most in NetSuite?,main,citations,https://www.reddit.com/r/Netsuite/comments/1tjv3nq/is_netsuite_just_clunky_or_am_i_missing_something/,reddit.com,,
ai_mode,What do finance teams complain about most in NetSuite?,main,citations,https://www.reddit.com/r/Netsuite/comments/1ddovaz/question_for_the_sub_whats_your_biggest_pain_on/,reddit.com,,
ai_mode,What do finance teams complain about most in NetSuite?,main,citations,https://www.reddit.com/r/Netsuite/comments/1sbhc4x/whats_your_biggest_netsuite_pain_point_these_days/,reddit.com,,
ai_mode,What do finance teams complain about most in NetSuite?,main,links_attached,https://www.reddit.com/r/Netsuite/comments/1tjv3nq/is_netsuite_just_clunky_or_am_i_missing_something/,reddit.com,,
ai_mode,What do finance teams complain about most in NetSuite?,main,links_attached,https://www.reddit.com/r/Netsuite/comments/1ddovaz/question_for_the_sub_whats_your_biggest_pain_on/,reddit.com,,
ai_mode,What do finance teams complain about most in NetSuite?,main,links_attached,https://www.reddit.com/r/Netsuite/comments/1sbhc4x/whats_your_biggest_netsuite_pain_point_these_days/,reddit.com,,
ai_mode,What do finance teams complain about most in NetSuite?,main,links_attached,https://www.reddit.com/r/Netsuite/comments/1sbhc4x/whats_your_biggest_netsuite_pain_point_these_days/,reddit.com,,
ai_mode,What do finance teams complain about most in NetSuite?,main,links_attached,https://www.reddit.com/r/Netsuite/comments/1ddovaz/question_for_the_sub_whats_your_biggest_pain_on/,reddit.com,,
ai_mode,How do pay transparency laws affect job postings?,main,citations,https://www.jacksonlewis.com/insights/navigating-2026-pay-transparency-laws-and-employer-obligations,jacksonlewis.com,,
ai_mode,How do pay transparency laws affect job postings?,main,citations,https://icomppayroll.com/the-impact-of-pay-transparency-laws-on-job-postings/,icomppayroll.com,,
ai_mode,How do pay transparency laws affect job postings?,main,citations,https://www.adp.com/resources/articles-and-insights/articles/p/pay-transparency.aspx,adp.com,,
ai_mode,How do pay transparency laws affect job postings?,main,citations,https://www.kellyservices.com/insights/pay-transparency-laws,kellyservices.com,,
ai_mode,How do pay transparency laws affect job postings?,main,citations,https://www.govdocs.com/pay-transparency-laws/,govdocs.com,,
ai_mode,How do pay transparency laws affect job postings?,main,citations,https://www.lexology.com/library/detail.aspx?g=14ad649d-6aab-4d20-9423-0163030e6b5f,lexology.com,,
ai_mode,How do pay transparency laws affect job postings?,main,citations,https://quickbooks.intuit.com/r/pennsylvania/pennsylvania-pay-transparency-equity-laws-guide/,quickbooks.intuit.com,,
ai_mode,How do pay transparency laws affect job postings?,main,citations,https://www.sixfifty.com/blog/how-to-update-job-postings-for-pay-transparency-laws/,sixfifty.com,,
ai_mode,How do pay transparency laws affect job postings?,main,citations,https://www.miricklaw.com/navigating-pay-transparency-laws-what-employers-need-to-know/,miricklaw.com,,
ai_mode,How do pay transparency laws affect job postings?,main,citations,https://lifthcm.com/article/pay-transparency-laws-by-state-2026,lifthcm.com,,
ai_mode,How do pay transparency laws affect job postings?,main,citations,https://www.fmjlaw.com/new-minnesota-law-requires-wage-and-benefit-disclosure-in-job-postings/,fmjlaw.com,,
ai_mode,How do pay transparency laws affect job postings?,main,citations,https://lifthcm.com/article/pay-transparency-laws-employer-guide,lifthcm.com,,
ai_mode,How do pay transparency laws affect job postings?,main,citations,https://www.stambaughness.com/blog/compensation-remote-building-equitable-pay-bands/,stambaughness.com,,
ai_mode,How do pay transparency laws affect job postings?,main,citations,https://www.payscale.com/compensation-trends/pay-transparency-laws-for-employers-compliance-is-cheaper-than-the-trust-tax,payscale.com,,
ai_mode,How do pay transparency laws affect job postings?,main,citations,https://www.govdocs.com/key-areas-to-keep-your-minimum-wage-compliance-accurate/,govdocs.com,,
ai_mode,How do pay transparency laws affect job postings?,main,links_attached,https://www.jacksonlewis.com/insights/navigating-2026-pay-transparency-laws-and-employer-obligations,jacksonlewis.com,,
ai_mode,How do pay transparency laws affect job postings?,main,links_attached,https://www.jacksonlewis.com/insights/navigating-2026-pay-transparency-laws-and-employer-obligations,jacksonlewis.com,,
ai_mode,How do pay transparency laws affect job postings?,main,links_attached,https://www.jacksonlewis.com/insights/navigating-2026-pay-transparency-laws-and-employer-obligations,jacksonlewis.com,,
ai_mode,How do pay transparency laws affect job postings?,main,links_attached,https://www.kellyservices.com/insights/pay-transparency-laws,kellyservices.com,,
ai_mode,How do pay transparency laws affect job postings?,main,links_attached,https://icomppayroll.com/the-impact-of-pay-transparency-laws-on-job-postings/,icomppayroll.com,,
ai_mode,How do pay transparency laws affect job postings?,main,links_attached,https://icomppayroll.com/the-impact-of-pay-transparency-laws-on-job-postings/,icomppayroll.com,,
ai_mode,How do pay transparency laws affect job postings?,main,links_attached,https://www.govdocs.com/pay-transparency-laws/,govdocs.com,,
ai_mode,How do pay transparency laws affect job postings?,main,links_attached,https://www.kellyservices.com/insights/pay-transparency-laws,kellyservices.com,,
ai_mode,What do sales teams actually think of HubSpot vs Salesforce?,main,citations,https://www.reddit.com/r/CRMSoftware/comments/1u831qi/hubspot_crm_vs_salesforce_crm_which_one_do_you/,reddit.com,,
ai_mode,What do sales teams actually think of HubSpot vs Salesforce?,main,citations,https://www.reddit.com/r/sales/comments/1uowxg5/unbiased_analysis_of_hubspot_vs_salesforce/,reddit.com,,
ai_mode,What do sales teams actually think of HubSpot vs Salesforce?,main,citations,https://www.reddit.com/r/DigitalMarketing/comments/1sl0eef/hubspot_crm_vs_salesforce_for_small_teams/,reddit.com,,
ai_mode,What do sales teams actually think of HubSpot vs Salesforce?,main,citations,https://www.reddit.com/r/MarketingAutomation/comments/1vte35t/hubspot_vs_salesforce_i_know_this_gets_asked_a/,reddit.com,,
ai_mode,What do sales teams actually think of HubSpot vs Salesforce?,main,links_attached,https://www.reddit.com/r/sales/,reddit.com,,
ai_mode,What do sales teams actually think of HubSpot vs Salesforce?,main,links_attached,https://www.reddit.com/r/sales/comments/1uowxg5/unbiased_analysis_of_hubspot_vs_salesforce/,reddit.com,,
ai_mode,What do sales teams actually think of HubSpot vs Salesforce?,main,links_attached,https://www.reddit.com/r/sales/comments/1uowxg5/unbiased_analysis_of_hubspot_vs_salesforce/,reddit.com,,
ai_mode,What do sales teams actually think of HubSpot vs Salesforce?,main,links_attached,https://www.reddit.com/r/sales/comments/1uowxg5/unbiased_analysis_of_hubspot_vs_salesforce/,reddit.com,,
ai_mode,What do sales teams actually think of HubSpot vs Salesforce?,main,links_attached,https://www.reddit.com/r/CRMSoftware/comments/1u831qi/hubspot_crm_vs_salesforce_crm_which_one_do_you/,reddit.com,,
ai_mode,What do sales teams actually think of HubSpot vs Salesforce?,main,links_attached,https://www.reddit.com/r/sales/comments/1uowxg5/unbiased_analysis_of_hubspot_vs_salesforce/,reddit.com,,
ai_mode,How long does it take to get a CPA license?,main,citations,https://www.becker.com/cpa-review/how-to-become-a-cpa,becker.com,,
ai_mode,How long does it take to get a CPA license?,main,citations,https://www.charlotteobserver.com/careers-education/how-long-it-takes-to-become-a-cpa/,charlotteobserver.com,,
ai_mode,How long does it take to get a CPA license?,main,citations,https://www.intuit.com/blog/life-at-intuit/intuit-experts/how-to-become-a-cpa-in-illinois/,intuit.com,,
ai_mode,How long does it take to get a CPA license?,main,citations,https://www2.myfloridalicense.com/certified-public-accounting/licensure/,www2.myfloridalicense.com,,
ai_mode,How long does it take to get a CPA license?,main,citations,https://www.accountingedu.org/pennsylvania-cpa/,accountingedu.org,,
ai_mode,How long does it take to get a CPA license?,main,citations,https://www.intuit.com/blog/life-at-intuit/intuit-experts/how-to-become-a-cpa-in-north-carolina/,intuit.com,,
ai_mode,How long does it take to get a CPA license?,main,citations,https://jescpa.learnworlds.com/blog/how-long-does-it-really-take-to-pass-the-us-cpa,jescpa.learnworlds.com,,
ai_mode,How long does it take to get a CPA license?,main,citations,https://www.accountingedu.org/massachusetts-cpa/,accountingedu.org,,
ai_mode,How long does it take to get a CPA license?,main,citations,https://testprepinsight.com/resources/how-long-to-become-cpa/,testprepinsight.com,,
ai_mode,How long does it take to get a CPA license?,main,citations,https://www.accountingedu.org/become-a-cpa/,accountingedu.org,,
ai_mode,How long does it take to get a CPA license?,main,citations,https://accounting.uworld.com/blog/cpa-review/how-long-does-it-take-to-become-a-cpa/,accounting.uworld.com,,
ai_mode,How long does it take to get a CPA license?,main,citations,https://www.cpaexam.com/how-to-become-a-cpa/,cpaexam.com,,
ai_mode,How long does it take to get a CPA license?,main,citations,https://vishalcpaprep.com/blogs/news/understanding-aicpa-cpa-license-requirements-by-state-cpas-across-state-lines?srsltid=AfmBOorpmfrQwGD6vzE7w0wnt157rj8SUdyWS5SJqCYA-I91c07bI22a,vishalcpaprep.com,,
ai_mode,How long does it take to get a CPA license?,main,links_attached,https://www.becker.com/cpa-review/how-to-become-a-cpa,becker.com,,
ai_mode,How long does it take to get a CPA license?,main,links_attached,https://www.charlotteobserver.com/careers-education/how-long-it-takes-to-become-a-cpa/,charlotteobserver.com,,
ai_mode,How long does it take to get a CPA license?,main,links_attached,https://www.becker.com/cpa-review/how-to-become-a-cpa,becker.com,,
ai_mode,How long does it take to get a CPA license?,main,links_attached,https://www.intuit.com/blog/life-at-intuit/intuit-experts/how-to-become-a-cpa-in-illinois/,intuit.com,,
ai_mode,How long does it take to get a CPA license?,main,links_attached,https://www.intuit.com/blog/life-at-intuit/intuit-experts/how-to-become-a-cpa-in-illinois/,intuit.com,,
ai_mode,How long does it take to get a CPA license?,main,links_attached,https://www.intuit.com/blog/life-at-intuit/intuit-experts/how-to-become-a-cpa-in-illinois/,intuit.com,,
ai_mode,Do referrals actually matter as much as people claim?,main,citations,https://www.pin.com/blog/employee-referral-programs/,pin.com,,
ai_mode,Do referrals actually matter as much as people claim?,main,citations,https://www.nu.edu/blog/67-hiring-statistics/,nu.edu,,
ai_mode,Do referrals actually matter as much as people claim?,main,citations,https://www.chanty.com/blog/employee-referral-statistics/,chanty.com,,
ai_mode,Do referrals actually matter as much as people claim?,main,links_attached,https://www.nu.edu/blog/67-hiring-statistics/,nu.edu,,
ai_mode,Do referrals actually matter as much as people claim?,main,links_attached,https://www.nu.edu/blog/67-hiring-statistics/,nu.edu,,
ai_mode,Do referrals actually matter as much as people claim?,main,links_attached,https://www.pin.com/blog/employee-referral-programs/,pin.com,,
ai_mode,Do referrals actually matter as much as people claim?,main,links_attached,https://www.pin.com/blog/employee-referral-programs/,pin.com,,
ai_mode,Do four day work weeks actually work for companies that tried them?,main,citations,https://www.apa.org/monitor/2025/01/rise-of-4-day-workweek,apa.org,,
ai_mode,Do four day work weeks actually work for companies that tried them?,main,citations,https://www.success.com/4-day-work-week-research-2026,success.com,,
ai_mode,Do four day work weeks actually work for companies that tried them?,main,citations,https://www.4dayweek.com/research,4dayweek.com,,
ai_mode,Do four day work weeks actually work for companies that tried them?,main,citations,https://www.makerstations.io/four-day-workweek-statistics/,makerstations.io,,
ai_mode,Do four day work weeks actually work for companies that tried them?,main,citations,https://en.wikipedia.org/wiki/Four-day_workweek,en.wikipedia.org,,
ai_mode,Do four day work weeks actually work for companies that tried them?,main,citations,https://opus.lib.uts.edu.au/bitstream/10453/181659/2/5-Day%20Working%20Week%20and%20WLB%20in%20building%20and%20Construction%20Industry.pdf,opus.lib.uts.edu.au,,
ai_mode,Do four day work weeks actually work for companies that tried them?,main,citations,https://www.webwork-tracker.com/blog/measure-4-day-work-week-productivity-time-tracking-guide,webwork-tracker.com,,
ai_mode,Do four day work weeks actually work for companies that tried them?,main,citations,https://www.instagram.com/4dayweekio/,instagram.com,,
ai_mode,Do four day work weeks actually work for companies that tried them?,main,citations,https://www.greatplacetowork.com/resources/blog/the-four-day-work-week-debate,greatplacetowork.com,,
ai_mode,Do four day work weeks actually work for companies that tried them?,main,citations,https://www.aeen.org/a-massive-study-found-four-day-workweeks-benefit-companies-and-workers/,aeen.org,,
ai_mode,Do four day work weeks actually work for companies that tried them?,main,citations,https://www.businessinsider.com/workers-try-four-day-workweek-burnout-mental-health-research-productivity-2025-7,businessinsider.com,,
ai_mode,Do four day work weeks actually work for companies that tried them?,main,citations,https://www.flexjobs.com/blog/post/remote-flexible-companies-with-4-day-workweek,flexjobs.com,,
ai_mode,Do four day work weeks actually work for companies that tried them?,main,citations,https://insurica.com/blog/pros-and-cons-of-the-four-day-workweek/,insurica.com,,
ai_mode,Do four day work weeks actually work for companies that tried them?,main,citations,https://www.cnbc.com/2025/07/29/3-ways-companies-successfully-shift-to-a-4-day-workweek.html,cnbc.com,,
ai_mode,Do four day work weeks actually work for companies that tried them?,main,citations,https://www.ravensolomon.com/the-business-case-for-a-4-day-workweek/,ravensolomon.com,,
ai_mode,Do four day work weeks actually work for companies that tried them?,main,citations,https://www.peoplehum.com/blog/cons-of-a-4-day-workweek,peoplehum.com,,
ai_mode,Do four day work weeks actually work for companies that tried them?,main,citations,https://xmcbpm.com/the-4-day-workweek-can-it-work-in-contact-centers/,xmcbpm.com,,
ai_mode,Do four day work weeks actually work for companies that tried them?,main,citations,https://elitebusinessmagazine.co.uk/people/hr/item/four-day-working-week-a-new-era-of-work-or-a-utopian-dream,elitebusinessmagazine.co.uk,,
ai_mode,Do four day work weeks actually work for companies that tried them?,main,citations,"https://www.chamberplan.ca/product/blogs/read,article/219/pros-and-cons-of-the-four-day-work-week",chamberplan.ca,,
ai_mode,Do four day work weeks actually work for companies that tried them?,main,citations,https://www.reddit.com/r/AskNYC/comments/1kkrv0g/would_a_4day_workweek_work_in_nyc/,reddit.com,,
ai_mode,Do four day work weeks actually work for companies that tried them?,main,citations,https://zoetalentsolutions.com/drawbacks-of-a-4-day-work-week/,zoetalentsolutions.com,,
ai_mode,Do four day work weeks actually work for companies that tried them?,main,links_attached,https://www.success.com/4-day-work-week-research-2026,success.com,,
ai_mode,Do four day work weeks actually work for companies that tried them?,main,links_attached,https://www.4dayweek.com/research,4dayweek.com,,
ai_mode,Do four day work weeks actually work for companies that tried them?,main,links_attached,https://www.success.com/4-day-work-week-research-2026,success.com,,
ai_mode,Do four day work weeks actually work for companies that tried them?,main,links_attached,https://www.success.com/4-day-work-week-research-2026,success.com,,
ai_mode,Do four day work weeks actually work for companies that tried them?,main,links_attached,https://www.apa.org/monitor/2025/01/rise-of-4-day-workweek,apa.org,,
ai_mode,Do four day work weeks actually work for companies that tried them?,main,links_attached,https://www.apa.org/monitor/2025/01/rise-of-4-day-workweek,apa.org,,
ai_mode,Do four day work weeks actually work for companies that tried them?,main,links_attached,https://www.apa.org/monitor/2025/01/rise-of-4-day-workweek,apa.org,,
ai_mode,Do four day work weeks actually work for companies that tried them?,main,links_attached,https://www.apa.org/monitor/2025/01/rise-of-4-day-workweek,apa.org,,
ai_mode,Do four day work weeks actually work for companies that tried them?,main,links_attached,https://www.apa.org/monitor/2025/01/rise-of-4-day-workweek,apa.org,,
ai_mode,What do recruiters say gets a resume past screening software?,main,citations,https://www.reddit.com/r/jobsearchhacks/comments/1r32a25/i_spent_8_months_testing_how_ats_systems_actually/,reddit.com,,
ai_mode,What do recruiters say gets a resume past screening software?,main,citations,https://www.youtube.com/watch?v=9HFYE6a5Q8I&t=32,youtube.com,,
ai_mode,What do recruiters say gets a resume past screening software?,main,citations,https://www.youtube.com/watch?v=nUlomY7RsIg&t=214,youtube.com,,
ai_mode,What do recruiters say gets a resume past screening software?,main,citations,https://www.ismartrecruit.com/blogs/how-recruiters-use-ats-friendly-resumes,ismartrecruit.com,,
ai_mode,What do recruiters say gets a resume past screening software?,main,citations,https://www.forbes.com/sites/cherylrobinson/2024/03/10/changing-careers-how-to-get-your-resume-seen-by-ats-algorithms/,forbes.com,,
ai_mode,What do recruiters say gets a resume past screening software?,main,citations,https://careers.wtwco.com/blogs/life-at-wtw/optimize-resume-applicant-tracking-systems,careers.wtwco.com,,
ai_mode,What do recruiters say gets a resume past screening software?,main,citations,https://ca.indeed.com/career-advice/resumes-cover-letters/applicant-tracking-system,ca.indeed.com,,
ai_mode,What do recruiters say gets a resume past screening software?,main,citations,https://www.businessinsider.com/tips-to-make-your-resume-is-robot-friendly-2019-4,businessinsider.com,,
ai_mode,What do recruiters say gets a resume past screening software?,main,citations,https://hireveterans.com/blog/ats-optimized-resume/,hireveterans.com,,
ai_mode,What do recruiters say gets a resume past screening software?,main,citations,https://www.instagram.com/reel/C2-MszOrovd/,instagram.com,,
ai_mode,What do recruiters say gets a resume past screening software?,main,citations,https://inop.ai/why-resume-screening-software-misses-your-best-candidates/,inop.ai,,
ai_mode,What do recruiters say gets a resume past screening software?,main,citations,https://www.dover.com/blog/ats-tracking-systems-guide,dover.com,,
ai_mode,What do recruiters say gets a resume past screening software?,main,citations,https://www.linkedin.com/posts/virginiabackaitis_the-3-legal-problems-haunting-your-hiring-activity-7485040144480174080-YVrA,linkedin.com,posts,
ai_mode,What do recruiters say gets a resume past screening software?,main,citations,https://www.career-horizons.com/a-skeptical-eye-toward-scannable-resumes/,career-horizons.com,,
ai_mode,What do recruiters say gets a resume past screening software?,main,citations,https://blog.theinterviewguys.com/ats-resume-optimization/,blog.theinterviewguys.com,,
ai_mode,What do recruiters say gets a resume past screening software?,main,citations,https://resources.workable.com/career-center/how-to-optimize-your-resume-for-an-ats/,resources.workable.com,,
ai_mode,What do recruiters say gets a resume past screening software?,main,citations,https://enhancv.com/blog/ats-resume-formatting-mistakes/,enhancv.com,,
ai_mode,What do recruiters say gets a resume past screening software?,main,citations,https://www.reddit.com/r/jobs/comments/cm9e43/you_applied_and_heard_nothing_blame_ats/,reddit.com,,
ai_mode,What do recruiters say gets a resume past screening software?,main,links_attached,https://www.youtube.com/watch?v=nUlomY7RsIg&t=214,youtube.com,,
ai_mode,What do recruiters say gets a resume past screening software?,main,links_attached,https://www.reddit.com/r/jobsearchhacks/comments/1r32a25/i_spent_8_months_testing_how_ats_systems_actually/,reddit.com,,
ai_mode,What do recruiters say gets a resume past screening software?,main,links_attached,https://www.reddit.com/r/jobsearchhacks/comments/1r32a25/i_spent_8_months_testing_how_ats_systems_actually/,reddit.com,,
ai_mode,What do recruiters say gets a resume past screening software?,main,links_attached,https://www.youtube.com/watch?v=9HFYE6a5Q8I&t=32,youtube.com,,
ai_mode,What do recruiters say gets a resume past screening software?,main,links_attached,https://www.youtube.com/watch?v=9HFYE6a5Q8I&t=32,youtube.com,,
ai_mode,What do recruiters say gets a resume past screening software?,main,links_attached,https://www.youtube.com/watch?v=9HFYE6a5Q8I&t=32,youtube.com,,
ai_mode,What do recruiters say gets a resume past screening software?,main,links_attached,https://www.youtube.com/watch?v=9HFYE6a5Q8I&t=32,youtube.com,,
ai_mode,"Is Asana or Monday better for a marketing team, according to users?",main,citations,https://www.reddit.com/r/projectmanagement/comments/174v9yp/asana_vs_monday/,reddit.com,,
ai_mode,"Is Asana or Monday better for a marketing team, according to users?",main,citations,https://www.youtube.com/watch?v=H0AfuQCUxpc,youtube.com,,
ai_mode,"Is Asana or Monday better for a marketing team, according to users?",main,citations,https://www.reddit.com/r/G2dotcom/comments/1qpehya/asana_vs_monday_which_one_actually_holds_up/,reddit.com,,
ai_mode,"Is Asana or Monday better for a marketing team, according to users?",main,citations,https://learn.g2.com/asana-vs-monday,learn.g2.com,,
ai_mode,"Is Asana or Monday better for a marketing team, according to users?",main,links_attached,https://learn.g2.com/asana-vs-monday,learn.g2.com,,
ai_mode,"Is Asana or Monday better for a marketing team, according to users?",main,links_attached,https://www.reddit.com/r/G2dotcom/comments/1qpehya/asana_vs_monday_which_one_actually_holds_up/,reddit.com,,
ai_mode,"Is Asana or Monday better for a marketing team, according to users?",main,links_attached,https://www.reddit.com/r/projectmanagement/comments/174v9yp/asana_vs_monday/,reddit.com,,
ai_mode,Is Gong worth the price according to revenue teams?,main,citations,https://www.reddit.com/r/sales/comments/i9y8en/how_much_is_gongio/,reddit.com,,
ai_mode,Is Gong worth the price according to revenue teams?,main,citations,https://aitoolsbakery.com/blog/gong-review/,aitoolsbakery.com,,
ai_mode,Is Gong worth the price according to revenue teams?,main,citations,https://www.sybill.ai/blogs/gong-pricing,sybill.ai,,
ai_mode,Is Gong worth the price according to revenue teams?,main,citations,https://www.youtube.com/watch?v=y--I6GtFSJo&t=158,youtube.com,,
ai_mode,Is Gong worth the price according to revenue teams?,main,links_attached,"https://www.reddit.com/r/sales/comments/i9y8en/how_much_is_gongio/#:~:text=there%20is%20an%20annual,reps%20and%20managers.",reddit.com,,
ai_mode,Is Gong worth the price according to revenue teams?,main,links_attached,"https://www.reddit.com/r/sales/comments/i9y8en/how_much_is_gongio/#:~:text=there%20is%20an%20annual,best%20in%20its%20category.",reddit.com,,
ai_mode,Is Gong worth the price according to revenue teams?,main,links_attached,"https://www.reddit.com/r/sales/comments/i9y8en/how_much_is_gongio/#:~:text=there%20is%20an%20annual,reps%20and%20managers.",reddit.com,,
ai_mode,Is Gong worth the price according to revenue teams?,main,links_attached,"https://www.reddit.com/r/sales/comments/i9y8en/how_much_is_gongio/#:~:text=Gong%20is%20not%20cheap%20but,highly%20recommend%20it.",reddit.com,,
ai_mode,Is Gong worth the price according to revenue teams?,main,links_attached,https://www.google.com/aclk?sa=L&ai=DChsSEwil6pGN_ruWAxWml1AGHQN0DA8YACICCAIQARoCZGc&co=1&ase=2&gclid=EAIaIQobChMIpeqRjf67lgMVppdQBh0DdAwPEAUYASAAEgKopfD_BwE&cid=CAASugHkaMu-SDRvSoE9x-FttlaTxLseW8e7mr-DnfWD-x7TxY7SRRwmPaHCTbsD5N9GhjUkNpAXfbgDahOpn4fS3Y6BjcXTEFcyQAKPfRmu_QSfUTuf_IS_jLlzHMvJyxceBkiSJXE-eiAokKhICJh0ImgrLp7Im-2i6G8fbG49QBkXVQRtvMFU02O6MrTTJA06fTEglZ8R237knNjMAFcV4GeJDU66ElcgGVaB0noSkM14L0k5fmqtlbZRLTw&cce=2&category=acrcp_v1_32&sig=AOD64_0B0UULXZMqgTwDdoPG800tyMakgQ&adurl&ved=2ahUKEwiLv6CL_ruWAxV1TEEAHfhSIzEQwdQPeggIAggBCB4QAg,google.com,,
ai_mode,Is Gong worth the price according to revenue teams?,main,links_attached,https://www.google.com/aclk?sa=L&ai=DChsSEwil6pGN_ruWAxWml1AGHQN0DA8YACICCAIQABoCZGc&co=1&ase=2&gclid=EAIaIQobChMIpeqRjf67lgMVppdQBh0DdAwPEAUYAiAAEgLXd_D_BwE&cid=CAASugHkaMu-SDRvSoE9x-FttlaTxLseW8e7mr-DnfWD-x7TxY7SRRwmPaHCTbsD5N9GhjUkNpAXfbgDahOpn4fS3Y6BjcXTEFcyQAKPfRmu_QSfUTuf_IS_jLlzHMvJyxceBkiSJXE-eiAokKhICJh0ImgrLp7Im-2i6G8fbG49QBkXVQRtvMFU02O6MrTTJA06fTEglZ8R237knNjMAFcV4GeJDU66ElcgGVaB0noSkM14L0k5fmqtlbZRLTw&cce=2&category=acrcp_v1_32&sig=AOD64_1hj-C1N_hMuTlYqJV7gu1IDaGs4g&adurl&ved=2ahUKEwiLv6CL_ruWAxV1TEEAHfhSIzEQwdQPeggIAggBCB4QBg,google.com,,
ai_mode,What do people think of personality tests in hiring?,main,citations,https://www.neuroleadership.com/articles/lots-of-companies-use-personality-tests-for-hiring-decisions-heres-why-that-can-backfire,neuroleadership.com,,
ai_mode,What do people think of personality tests in hiring?,main,citations,https://tilsonhr.com/blog/pros-and-cons-of-personality-tests-in-hiring-process/,tilsonhr.com,,
ai_mode,What do people think of personality tests in hiring?,main,citations,https://www.perkbox.com/resources/blog/should-you-be-using-psychometric-testing-for-recruiting,perkbox.com,,
ai_mode,What do people think of personality tests in hiring?,main,citations,https://theconversation.com/before-you-judge-personality-tests-consider-what-they-dont-judge-30856,theconversation.com,,
ai_mode,What do people think of personality tests in hiring?,main,citations,https://www.hiresuccess.com/resources/guide-to-employment-testing/is-employment-testing-legal,hiresuccess.com,,
ai_mode,What do people think of personality tests in hiring?,main,citations,https://www.admscentre.org.au/ai-personality-tests-for-hiring-are-here-now-what/,admscentre.org.au,,
ai_mode,What do people think of personality tests in hiring?,main,citations,https://time.com/3917703/questions-to-answer-in-the-age-of-optimized-hiring/,time.com,,
ai_mode,What do people think of personality tests in hiring?,main,citations,https://www.testinvite.com/dy/en/pages/blog/how-to-create-personality-test-assessment-inventory-scale,testinvite.com,,
ai_mode,What do people think of personality tests in hiring?,main,citations,https://www.techneeds.com/2026/01/19/4-key-insights-on-companies-using-personality-tests-for-hiring/,techneeds.com,,
ai_mode,What do people think of personality tests in hiring?,main,citations,https://toggl.com/blog/personality-tests-for-hiring,toggl.com,,
ai_mode,What do people think of personality tests in hiring?,main,citations,https://www.compono.com/articles/does-psychometric-testing-work,compono.com,,
ai_mode,What do people think of personality tests in hiring?,main,citations,https://www.smbceo.com/2019/09/30/7-benefits-of-psychometric-profiling/,smbceo.com,,
ai_mode,What do people think of personality tests in hiring?,main,citations,https://www.myculture.ai/blog/personality-testing-for-hiring,myculture.ai,,
ai_mode,What do people think of personality tests in hiring?,main,citations,https://testlify.com/key-benefits-of-using-big-five-personality-test-in-the-recruitment-process/,testlify.com,,
ai_mode,What do people think of personality tests in hiring?,main,citations,https://assess.com/psychometric-tests/,assess.com,,
ai_mode,What do people think of personality tests in hiring?,main,citations,https://assess.com/personality-assessment/,assess.com,,
ai_mode,What do people think of personality tests in hiring?,main,citations,https://www.betterhelp.com/advice/psychologists/how-accurate-is-a-psychology-personality-test/,betterhelp.com,,
ai_mode,What do people think of personality tests in hiring?,main,citations,https://medium.com/@lemmi/the-controversy-over-personality-tests-in-hiring-8631d842ad11,medium.com,,
ai_mode,What do people think of personality tests in hiring?,main,citations,https://davidburkus.com/2020/04/personality-tests-are-useless-most-of-them-anyway/,davidburkus.com,,
ai_mode,What do people think of personality tests in hiring?,main,citations,https://www.assesscandidates.com/personality-assessment-questionnaire-for-recruitment/,assesscandidates.com,,
ai_mode,What do people think of personality tests in hiring?,main,citations,https://www.browndailyherald.com/article/2022/10/slusarewicz-23-its-time-for-employers-to-stop-relying-on-personality-tests-when-hiring,browndailyherald.com,,
ai_mode,What do people think of personality tests in hiring?,main,citations,https://integritystaffing.com/blog/are-your-candidate-assessments-hurting-you/,integritystaffing.com,,
ai_mode,What do people think of personality tests in hiring?,main,citations,https://testlify.com/picture-personality-test/,testlify.com,,
ai_mode,What do people think of personality tests in hiring?,main,citations,https://thewalrus.ca/the-trouble-with-using-personality-tests-for-hiring/,thewalrus.ca,,
ai_mode,What do people think of personality tests in hiring?,main,citations,https://study.com/academy/lesson/personality-tests-psychology-types-importance-examples.html,study.com,,
ai_mode,What do people think of personality tests in hiring?,main,citations,https://www.pewresearch.org/internet/2017/10/04/americans-attitudes-toward-hiring-algorithms/,pewresearch.org,,
ai_mode,What do people think of personality tests in hiring?,main,citations,https://corporate.findlaw.com/human-resources/personality-testing-in-employment.html,corporate.findlaw.com,,
ai_mode,What do people think of personality tests in hiring?,main,citations,https://www.wsj.com/articles/a-personality-test-could-stand-in-the-way-of-your-next-job-1429065001,wsj.com,,
ai_mode,What do people think of personality tests in hiring?,main,citations,https://www.assessfirst.com/en/blog/personality-vs-psychometric,assessfirst.com,,
ai_mode,What do people think of personality tests in hiring?,main,citations,https://jobcannon.io/blog/industries-using-psychometric-tests,jobcannon.io,,
ai_mode,What do people think of personality tests in hiring?,main,citations,https://testlify.com/how-to-interpret-the-results-of-personality-tests/,testlify.com,,
ai_mode,What do people think of personality tests in hiring?,main,citations,https://www.cambridge.org/core/journals/industrial-and-organizational-psychology/article/examining-personality-testing-in-selection-for-neurodiverse-individuals/37935929E07FAC260978C55063D59433,cambridge.org,,
ai_mode,What do people think of personality tests in hiring?,main,citations,https://www.sciencedirect.com/science/article/abs/pii/S000768131630132X,sciencedirect.com,,
ai_mode,What do people think of personality tests in hiring?,main,links_attached,https://www.neuroleadership.com/articles/lots-of-companies-use-personality-tests-for-hiring-decisions-heres-why-that-can-backfire,neuroleadership.com,,
ai_mode,What do people think of personality tests in hiring?,main,links_attached,https://www.neuroleadership.com/articles/lots-of-companies-use-personality-tests-for-hiring-decisions-heres-why-that-can-backfire,neuroleadership.com,,
ai_mode,What do people think of personality tests in hiring?,main,links_attached,https://tilsonhr.com/blog/pros-and-cons-of-personality-tests-in-hiring-process/,tilsonhr.com,,
ai_mode,What do people think of personality tests in hiring?,main,links_attached,https://www.neuroleadership.com/articles/lots-of-companies-use-personality-tests-for-hiring-decisions-heres-why-that-can-backfire,neuroleadership.com,,
ai_mode,What do people think of personality tests in hiring?,main,links_attached,https://tilsonhr.com/blog/pros-and-cons-of-personality-tests-in-hiring-process/,tilsonhr.com,,
ai_mode,How did people successfully negotiate fully remote arrangements?,main,citations,https://www.kickresume.com/en/blog/how-to-negotiate-remote-work-setup/,kickresume.com,,
ai_mode,How did people successfully negotiate fully remote arrangements?,main,citations,https://weworkremotely.com/how-to-negotiate-remote-job-salary-with-confidence,weworkremotely.com,,
ai_mode,How did people successfully negotiate fully remote arrangements?,main,citations,https://www.salesscreen.com/blog/sales-autonomy,salesscreen.com,,
ai_mode,How did people successfully negotiate fully remote arrangements?,main,citations,https://www.linkedin.com/top-content/productivity/remote-work-productivity/how-to-manage-remote-work-hours-without-micromanagement/,linkedin.com,other,
ai_mode,How did people successfully negotiate fully remote arrangements?,main,citations,https://www.iwillteachyoutoberich.com/salary-negotiation/,iwillteachyoutoberich.com,,
ai_mode,How did people successfully negotiate fully remote arrangements?,main,citations,https://my.hiredly.com/advice/how-to-convince-your-boss-to-work-remotely,my.hiredly.com,,
ai_mode,How did people successfully negotiate fully remote arrangements?,main,citations,https://www.slideteam.net/blog/top-10-remote-work-proposal-templates-with-samples-and-examples,slideteam.net,,
ai_mode,How did people successfully negotiate fully remote arrangements?,main,citations,https://clickup.com/blog/how-to-negotiate-for-hybrid-or-remote-work/,clickup.com,,
ai_mode,How did people successfully negotiate fully remote arrangements?,main,citations,https://www.myshyft.com/blog/physical-distance-challenges/,myshyft.com,,
ai_mode,How did people successfully negotiate fully remote arrangements?,main,citations,https://nohq.co/blog/salary-negotiation-strategies-for-remote-work/,nohq.co,,
ai_mode,How did people successfully negotiate fully remote arrangements?,main,citations,https://powell-software.com/resources/blog/managing-remote-employees/,powell-software.com,,
ai_mode,How did people successfully negotiate fully remote arrangements?,main,citations,https://www.diversityinclusion.com.au/blog/want-to-continue-working-flexibly-5-powerful-strategies-to-negotiate-a-flexible-working-arrangement,diversityinclusion.com.au,,
ai_mode,How did people successfully negotiate fully remote arrangements?,main,citations,https://www.distinctiveweb.com/career-management/working-remotely/,distinctiveweb.com,,
ai_mode,How did people successfully negotiate fully remote arrangements?,main,citations,https://www.michalchmielecki.com/win-win-negotiation,michalchmielecki.com,,
ai_mode,How did people successfully negotiate fully remote arrangements?,main,citations,https://www.aivy.app/en/lexicon/remote-work-kpis,aivy.app,,
ai_mode,How did people successfully negotiate fully remote arrangements?,main,citations,https://www.virtualvocations.com/blog/guest-posts/remote-work-collaboration-how-to-get-more-out-of-your-dispersed-workforce/,virtualvocations.com,,
ai_mode,How did people successfully negotiate fully remote arrangements?,main,citations,https://www.remoteworkadvocate.com/post/remote-work-expectations-policy,remoteworkadvocate.com,,
ai_mode,How did people successfully negotiate fully remote arrangements?,main,citations,https://www.skillshare.com/en/classes/effective-communication-five-best-practices-for-remote-teams/1101396524?srsltid=AfmBOoo1cWCS9zqn04yTOHDvlfye6t1qMqL56JL2TdH5dBCDt_7N-t3Q,skillshare.com,,
ai_mode,How did people successfully negotiate fully remote arrangements?,main,citations,https://lathire.com/how-to-manage-remote-teams/,lathire.com,,
ai_mode,How did people successfully negotiate fully remote arrangements?,main,citations,https://www.thehelloteam.com/blog/managing-remote-teams,thehelloteam.com,,
ai_mode,How did people successfully negotiate fully remote arrangements?,main,citations,https://www.linkedin.com/advice/3/youre-facing-pushback-from-vendors-supply-fgl0c,linkedin.com,advice,
ai_mode,How did people successfully negotiate fully remote arrangements?,main,citations,https://www.truworthwellness.com/blog/negotiation-skills-for-work-and-life/,truworthwellness.com,,
ai_mode,How did people successfully negotiate fully remote arrangements?,main,citations,https://thinkcloudly.com/general/why-gen-z-prefers-offices/,thinkcloudly.com,,
ai_mode,How does the Google Analytics certification work?,main,citations,https://www.youtube.com/watch?v=gkmrMC64h7I,youtube.com,,
ai_mode,How does the Google Analytics certification work?,main,citations,https://www.youtube.com/watch?v=Y8YOkjYovj8&t=12,youtube.com,,
ai_mode,How does the Google Analytics certification work?,main,citations,https://optimizesmart.com/blog/ga4-certification-exam-questions-answers-for-skillshop-gaiq/,optimizesmart.com,,
ai_mode,How does the Google Analytics certification work?,main,citations,https://www.coursera.org/articles/google-analytics-certification,coursera.org,,
ai_mode,How does the Google Analytics certification work?,main,citations,https://graphed.com/blog/what-is-the-google-analytics-exam-like,graphed.com,,
ai_mode,How does the Google Analytics certification work?,main,citations,https://brandenture.com/google-analytics-certification/,brandenture.com,,
ai_mode,How does the Google Analytics certification work?,main,citations,https://support.google.com/analytics/answer/15440208?hl=en,support.google.com,,
ai_mode,How does the Google Analytics certification work?,main,citations,https://www.classcentral.com/course/skillshop-google-analytics-certification-126436,classcentral.com,,
ai_mode,How does the Google Analytics certification work?,main,citations,https://www.sprintzeal.com/blog/google-analytics-for-beginners-complete-guide,sprintzeal.com,,
ai_mode,How does the Google Analytics certification work?,main,citations,https://www.indeed.com/career-advice/career-development/how-get-google-analytics-certification,indeed.com,,
ai_mode,How does the Google Analytics certification work?,main,citations,https://www.sapbwconsulting.com/blog/inbound-marketing/certified-in-google-analytics,sapbwconsulting.com,,
ai_mode,How does the Google Analytics certification work?,main,links_attached,https://www.youtube.com/watch?v=gkmrMC64h7I,youtube.com,,
ai_mode,How does the Google Analytics certification work?,main,links_attached,https://support.google.com/analytics/answer/15440208?hl=en,support.google.com,,
ai_mode,How does the Google Analytics certification work?,main,links_attached,https://optimizesmart.com/blog/ga4-certification-exam-questions-answers-for-skillshop-gaiq/,optimizesmart.com,,
ai_mode,How does the Google Analytics certification work?,main,links_attached,https://optimizesmart.com/blog/ga4-certification-exam-questions-answers-for-skillshop-gaiq/,optimizesmart.com,,
ai_mode,How does the Google Analytics certification work?,main,links_attached,https://www.coursera.org/articles/google-analytics-certification,coursera.org,,
ai_mode,What is the STAR method for answering interview questions?,main,citations,https://www.reddit.com/r/usajobs/comments/14wjqts/9_common_star_questions_you_may_be_asked_during/,reddit.com,,
ai_mode,What is the STAR method for answering interview questions?,main,citations,https://capd.mit.edu/resources/the-star-method-for-behavioral-interviews/,capd.mit.edu,,
ai_mode,What is the STAR method for answering interview questions?,main,citations,https://www.betterup.com/blog/star-interview-method,betterup.com,,
ai_mode,What is the STAR method for answering interview questions?,main,citations,https://www.hirevue.com/blog/candidates/star-method-for-video-interviews,hirevue.com,,
ai_mode,What is the STAR method for answering interview questions?,main,citations,https://jobs.assurant.com/en/blog/latest-news/the-star-method-your-secret-weapon-for-answering-behavioral-interview-questions/,jobs.assurant.com,,
ai_mode,What is the STAR method for answering interview questions?,main,citations,https://www.extern.com/post/behavioral-interview-questions-star-method-guide,extern.com,,
ai_mode,What is the STAR method for answering interview questions?,main,citations,https://uk.indeed.com/career-advice/interviewing/star-technique,uk.indeed.com,,
ai_mode,What is the STAR method for answering interview questions?,main,citations,https://www.youtube.com/shorts/UhNjUpVGDAY,youtube.com,,
ai_mode,What is the STAR method for answering interview questions?,main,citations,https://www.themuse.com/advice/star-interview-method,themuse.com,,
ai_mode,What is the STAR method for answering interview questions?,main,citations,https://www.biginterview.com/resources/star-interview-method,biginterview.com,,
ai_mode,What is the STAR method for answering interview questions?,main,citations,https://business.linkedin.com/hire/resources/interviewing-talent/star-method,business.linkedin.com,,
ai_mode,What is the STAR method for answering interview questions?,main,links_attached,https://capd.mit.edu/resources/the-star-method-for-behavioral-interviews/,capd.mit.edu,,
ai_mode,What is the STAR method for answering interview questions?,main,links_attached,https://www.youtube.com/watch?v=dRqN4BuhCHU,youtube.com,,
ai_mode,What is the STAR method for answering interview questions?,main,links_attached,https://www.betterup.com/blog/star-interview-method,betterup.com,,
ai_mode,What is the STAR method for answering interview questions?,main,links_attached,https://www.betterup.com/blog/star-interview-method,betterup.com,,
ai_mode,What is the STAR method for answering interview questions?,main,links_attached,https://www.reddit.com/r/usajobs/comments/14wjqts/9_common_star_questions_you_may_be_asked_during/,reddit.com,,
ai_mode,What is the STAR method for answering interview questions?,main,links_attached,https://www.betterup.com/blog/star-interview-method,betterup.com,,
ai_mode,What is the STAR method for answering interview questions?,main,links_attached,https://www.reddit.com/r/usajobs/comments/14wjqts/9_common_star_questions_you_may_be_asked_during/,reddit.com,,
ai_mode,What is the STAR method for answering interview questions?,main,links_attached,https://capd.mit.edu/resources/the-star-method-for-behavioral-interviews/,capd.mit.edu,,
ai_mode,What is garden leave and when does it apply?,main,citations,https://en.wikipedia.org/wiki/Garden_leave,en.wikipedia.org,,
ai_mode,What is garden leave and when does it apply?,main,citations,https://www.aihr.com/blog/garden-leave/,aihr.com,,
ai_mode,What is garden leave and when does it apply?,main,citations,https://www.gov.uk/handing-in-your-notice/garden-leave,gov.uk,,
ai_mode,What is garden leave and when does it apply?,main,citations,https://www.davidsonmorris.com/garden-leave/,davidsonmorris.com,,
ai_mode,What is garden leave and when does it apply?,main,citations,https://www.lexisnexis.com/en-gb/legal/glossary/gardening-leave,lexisnexis.com,,
ai_mode,What is garden leave and when does it apply?,main,links_attached,https://en.wikipedia.org/wiki/Garden_leave,en.wikipedia.org,,
ai_mode,What is garden leave and when does it apply?,main,links_attached,https://www.gov.uk/handing-in-your-notice/garden-leave,gov.uk,,
ai_mode,What is garden leave and when does it apply?,main,links_attached,https://en.wikipedia.org/wiki/Garden_leave,en.wikipedia.org,,
ai_mode,What is garden leave and when does it apply?,main,links_attached,https://www.aihr.com/blog/garden-leave/,aihr.com,,
ai_mode,What is garden leave and when does it apply?,main,links_attached,https://en.wikipedia.org/wiki/Garden_leave,en.wikipedia.org,,
ai_mode,What do managers say makes one on ones actually useful?,main,links_attached,https://www.google.com/goto?url=CAESigEB6zswFZrEnokmL3gnrHWY2Cho6BD4X1-dh05IQHG3ldbBM_kIAXloRTmO-Vxe_6DtveOEX-c8Erv78uE5EBJNw8jrC2J_WduOs2ySFXf8IRyEdamwkQSy1YiBi19fIt6QkPeUUF_Qd1xiGWjBwlTzE2TVZxvg-HjAvb30i93wRmKqSMk3-Ep9fsQ,google.com,,
ai_mode,What do managers say makes one on ones actually useful?,main,links_attached,https://www.google.com/goto?url=CAESbgHrOzAVxx7EXQ6gb9Av72_GOKGaF0m2Fps_9IVJ-VE8-HeN1mSKqvm8k7xoN1HQtKkT4CDr5VEAVHo5Z-X5riLN7t5rVnhqnhtlCEoQz2PZ2O_tAdWp5Dp76cqwVmhL7bGofs35b-xtydUAW1NL,google.com,,
ai_mode,What do managers say makes one on ones actually useful?,main,links_attached,https://www.google.com/goto?url=CAESkAEB6zswFaSNml9VaILzsmp6wjsG7zAW1UcoXtXkkcjmnUqXq8gAiIn8zQOz47v_HxbJK8XV5yo3hAKeU9zbn_Gd7igI5WNjELf5103M8Pr5xNr4ju5BCoNvq71ekYgkjSZiE9Sa3PL3_9DlyczfNXvEyj0TVlYRWveolYugJ_TK6flI66un9rlt9hvpWgg7yEE,google.com,,
ai_mode,What do managers say makes one on ones actually useful?,main,links_attached,https://www.google.com/goto?url=CAESbgHrOzAVxx7EXQ6gb9Av72_GOKGaF0m2Fps_9IVJ-VE8-HeN1mSKqvm8k7xoN1HQtKkT4CDr5VEAVHo5Z-X5riLN7t5rVnhqnhtlCEoQz2PZ2O_tAdWp5Dp76cqwVmhL7bGofs35b-xtydUAW1NL,google.com,,
ai_mode,What do managers say makes one on ones actually useful?,main,links_attached,https://www.google.com/goto?url=CAESigEB6zswFZrEnokmL3gnrHWY2Cho6BD4X1-dh05IQHG3ldbBM_kIAXloRTmO-Vxe_6DtveOEX-c8Erv78uE5EBJNw8jrC2J_WduOs2ySFXf8IRyEdamwkQSy1YiBi19fIt6QkPeUUF_Qd1xiGWjBwlTzE2TVZxvg-HjAvb30i93wRmKqSMk3-Ep9fsQ,google.com,,
ai_mode,What do managers say makes one on ones actually useful?,main,links_attached,https://www.google.com/goto?url=CAESigEB6zswFZrEnokmL3gnrHWY2Cho6BD4X1-dh05IQHG3ldbBM_kIAXloRTmO-Vxe_6DtveOEX-c8Erv78uE5EBJNw8jrC2J_WduOs2ySFXf8IRyEdamwkQSy1YiBi19fIt6QkPeUUF_Qd1xiGWjBwlTzE2TVZxvg-HjAvb30i93wRmKqSMk3-Ep9fsQ,google.com,,
ai_mode,What do managers say makes one on ones actually useful?,main,links_attached,https://www.google.com/goto?url=CAESTgHrOzAVvvjXWmmiFpXtr4ogDoWR3qNb8kLhjbNqKbcJFVsNUqsl68ny3xDLp-IfO1VsEHGWVtn569iGCrs-2GBLB6hQtLQU7fn0WnEkgg,google.com,,
ai_mode,What do managers say makes one on ones actually useful?,main,links_attached,https://www.google.com/goto?url=CAESbgHrOzAVxx7EXQ6gb9Av72_GOKGaF0m2Fps_9IVJ-VE8-HeN1mSKqvm8k7xoN1HQtKkT4CDr5VEAVHo5Z-X5riLN7t5rVnhqnhtlCEoQz2PZ2O_tAdWp5Dp76cqwVmhL7bGofs35b-xtydUAW1NL,google.com,,
ai_mode,How do employee stock purchase plans work?,main,citations,https://www.schwab.com/learn/story/espp-taxes,schwab.com,,
ai_mode,How do employee stock purchase plans work?,main,citations,https://www.jpmorganworkplacesolutions.com/insights/employee-stock-purchase-plan-espp/,jpmorganworkplacesolutions.com,,
ai_mode,How do employee stock purchase plans work?,main,citations,https://www.investopedia.com/terms/e/espp.asp,investopedia.com,,
ai_mode,How do employee stock purchase plans work?,main,citations,https://turbotax.intuit.com/tax-tips/investments-and-taxes/employee-stock-purchase-plans/L8NgMFpFX,turbotax.intuit.com,,
ai_mode,How do employee stock purchase plans work?,main,citations,https://www.wealthenhancement.com/blog/espp-tax-rules-what-you-need-to-know,wealthenhancement.com,,
ai_mode,How do employee stock purchase plans work?,main,citations,https://www.fidelity.com/learning-center/personal-finance/what-is-an-ESPP,fidelity.com,,
ai_mode,How do employee stock purchase plans work?,main,citations,https://www.farther.com/foundations/employee-stock-purchase-plans-espps,farther.com,,
ai_mode,How do employee stock purchase plans work?,main,citations,https://ceritypartners.com/insights/employee-stock-purchase-plan-the-5-things-you-need-to-know/,ceritypartners.com,,
ai_mode,How do employee stock purchase plans work?,main,citations,https://www.theoremwm.com/post/espp,theoremwm.com,,
ai_mode,How do employee stock purchase plans work?,main,citations,https://kardinalfinancial.com/blog/employee-stock-purchase-plans-espps,kardinalfinancial.com,,
ai_mode,How do employee stock purchase plans work?,main,citations,https://alignfinancialsolutions.com/maximize-espp-benefits-for-pharma-exec/,alignfinancialsolutions.com,,
ai_mode,How do employee stock purchase plans work?,main,citations,https://tciwealth.com/equity-compensation/employee-stock-purchase-plans/,tciwealth.com,,
ai_mode,How do employee stock purchase plans work?,main,citations,https://www.truewealthfp.com/insights/microsoft-espp,truewealthfp.com,,
ai_mode,How do employee stock purchase plans work?,main,citations,https://www.jpmorganworkplacesolutions.com/insights/qualified-non-qualified-espps/,jpmorganworkplacesolutions.com,,
ai_mode,How do employee stock purchase plans work?,main,links_attached,https://www.investopedia.com/terms/e/espp.asp,investopedia.com,,
ai_mode,How do employee stock purchase plans work?,main,links_attached,https://www.schwab.com/learn/story/espp-taxes,schwab.com,,
ai_mode,How do employee stock purchase plans work?,main,links_attached,https://turbotax.intuit.com/tax-tips/investments-and-taxes/employee-stock-purchase-plans/L8NgMFpFX,turbotax.intuit.com,,
ai_mode,How do employee stock purchase plans work?,main,links_attached,https://www.jpmorganworkplacesolutions.com/insights/employee-stock-purchase-plan-espp/,jpmorganworkplacesolutions.com,,
ai_mode,How do employee stock purchase plans work?,main,links_attached,https://turbotax.intuit.com/tax-tips/investments-and-taxes/employee-stock-purchase-plans/L8NgMFpFX,turbotax.intuit.com,,
ai_mode,How do employee stock purchase plans work?,main,links_attached,https://www.jpmorganworkplacesolutions.com/insights/employee-stock-purchase-plan-espp/,jpmorganworkplacesolutions.com,,
ai_mode,How do employee stock purchase plans work?,main,links_attached,https://www.investopedia.com/terms/e/espp.asp,investopedia.com,,
ai_mode,How do employee stock purchase plans work?,main,links_attached,https://www.schwab.com/learn/story/espp-taxes,schwab.com,,
ai_mode,How do employee stock purchase plans work?,main,links_attached,https://www.investopedia.com/terms/e/espp.asp,investopedia.com,,
ai_mode,How do employee stock purchase plans work?,main,links_attached,https://turbotax.intuit.com/tax-tips/investments-and-taxes/employee-stock-purchase-plans/L8NgMFpFX,turbotax.intuit.com,,
ai_mode,How do employee stock purchase plans work?,main,links_attached,https://www.schwab.com/learn/story/espp-taxes,schwab.com,,
ai_mode,How do employee stock purchase plans work?,main,links_attached,https://www.investopedia.com/terms/e/espp.asp,investopedia.com,,
ai_mode,"Do open plan offices really kill productivity, according to people who work in them?",main,citations,https://crln.acrl.org/index.php/crlnews/article/view/26142/34080,crln.acrl.org,,
ai_mode,"Do open plan offices really kill productivity, according to people who work in them?",main,citations,https://www.rivier.edu/academics/blog-posts/the-price-of-collaboration-open-office-environments-and-employee-productivity/,rivier.edu,,
ai_mode,"Do open plan offices really kill productivity, according to people who work in them?",main,citations,https://pmc.ncbi.nlm.nih.gov/articles/PMC9815683/,pmc.ncbi.nlm.nih.gov,,
ai_mode,"Do open plan offices really kill productivity, according to people who work in them?",main,citations,https://www.youtube.com/watch?v=Fuu2vA_8YrI&t=69,youtube.com,,
ai_mode,"Do open plan offices really kill productivity, according to people who work in them?",main,citations,https://www.youtube.com/watch?v=jL5XwZJ0410&t=83,youtube.com,,
ai_mode,"Do open plan offices really kill productivity, according to people who work in them?",main,links_attached,"https://www.rivier.edu/academics/blog-posts/the-price-of-collaboration-open-office-environments-and-employee-productivity/#:~:text=Treasure%20estimates,or%20white%20noise.",rivier.edu,,
ai_mode,"Do open plan offices really kill productivity, according to people who work in them?",main,links_attached,"https://pmc.ncbi.nlm.nih.gov/articles/PMC9815683/#:~:text=Open%2Dplan%20offices,cost%20savings.",pmc.ncbi.nlm.nih.gov,,
ai_mode,"Do open plan offices really kill productivity, according to people who work in them?",main,links_attached,https://www.youtube.com/watch?v=Fuu2vA_8YrI&t=69,youtube.com,,
ai_mode,"Do open plan offices really kill productivity, according to people who work in them?",main,links_attached,https://www.youtube.com/watch?v=Fuu2vA_8YrI&t=69,youtube.com,,
ai_mode,"Do open plan offices really kill productivity, according to people who work in them?",main,links_attached,"https://crln.acrl.org/index.php/crlnews/article/view/26142/34080#:~:text=Open%20offices%20can%20have,**Decreased%20productivity**",crln.acrl.org,,
ai_mode,"Do open plan offices really kill productivity, according to people who work in them?",main,links_attached,https://www.youtube.com/watch?v=Fuu2vA_8YrI&t=69,youtube.com,,
ai_mode,How do teams actually feel about async standups replacing meetings?,main,citations,https://www.reddit.com/r/agile/comments/1vhkice/are_async_standups_actually_useful_for/,reddit.com,,
ai_mode,How do teams actually feel about async standups replacing meetings?,main,citations,https://blog.logrocket.com/product-management/async-standups-pros-cons/,blog.logrocket.com,,
ai_mode,How do teams actually feel about async standups replacing meetings?,main,citations,https://www.range.co/blog/asynchronous-daily-standups,range.co,,
ai_mode,How do teams actually feel about async standups replacing meetings?,main,citations,https://www.reddit.com/r/agile/comments/1p8up24/async_standups_vs_daily_standup_calls_what/,reddit.com,,
ai_mode,How do teams actually feel about async standups replacing meetings?,main,citations,https://oneo.co.za/glossary/asynchronous-communication/,oneo.co.za,,
ai_mode,How do teams actually feel about async standups replacing meetings?,main,citations,https://blog.robbowley.net/2025/04/18/stand-up-meeting-best-practices/,blog.robbowley.net,,
ai_mode,How do teams actually feel about async standups replacing meetings?,main,links_attached,https://www.reddit.com/r/agile/comments/1vhkice/are_async_standups_actually_useful_for/,reddit.com,,
ai_mode,How do teams actually feel about async standups replacing meetings?,main,links_attached,https://www.range.co/blog/asynchronous-daily-standups,range.co,,
ai_mode,How do teams actually feel about async standups replacing meetings?,main,links_attached,https://blog.logrocket.com/product-management/async-standups-pros-cons/,blog.logrocket.com,,
ai_mode,How do teams actually feel about async standups replacing meetings?,main,links_attached,https://www.reddit.com/r/agile/comments/1p8up24/async_standups_vs_daily_standup_calls_what/,reddit.com,,
ai_mode,How do teams actually feel about async standups replacing meetings?,main,links_attached,https://blog.logrocket.com/product-management/async-standups-pros-cons/,blog.logrocket.com,,
ai_mode,How do teams actually feel about async standups replacing meetings?,main,links_attached,https://www.reddit.com/r/agile/comments/1vhkice/are_async_standups_actually_useful_for/,reddit.com,,
ai_mode,How is total compensation structured at large tech companies?,main,citations,https://en.wikipedia.org/wiki/Big_Tech,en.wikipedia.org,,
ai_mode,How is total compensation structured at large tech companies?,main,citations,https://www.gmac.com/resources/learners/business-careers/employers-salaries/best-tech-companies-work,gmac.com,,
ai_mode,How is total compensation structured at large tech companies?,main,citations,https://medium.com/data-science-collective/the-truth-about-data-science-salaries-in-2026-faang-vs-everyone-else-102e7f0c2c46,medium.com,,
ai_mode,How is total compensation structured at large tech companies?,main,citations,https://www.everstage.com/incentive-compensation/incentive-compensation-design,everstage.com,,
ai_mode,How is total compensation structured at large tech companies?,main,citations,https://www.hyperbots.com/glossary/stock-based-compensation,hyperbots.com,,
ai_mode,How is total compensation structured at large tech companies?,main,citations,https://www.everstage.com/sales-compensation/tech-sales-compensation,everstage.com,,
ai_mode,How is total compensation structured at large tech companies?,main,citations,https://digitaldefynd.com/IQ/cto-salary-in-the-us-and-the-world/,digitaldefynd.com,,
ai_mode,How is total compensation structured at large tech companies?,main,citations,https://www.protocolguild.org/blog/20250909-compensation-insights-for-ethereum-core-developers-2025,protocolguild.org,,
ai_mode,How is total compensation structured at large tech companies?,main,citations,https://www.utsystem.edu/sites/policy-library/policies/hop-216-institutional-base-salary-policy,utsystem.edu,,
ai_mode,How is total compensation structured at large tech companies?,main,citations,https://workleap.com/blog/compensation-philosophy-3-different-ways-to-win-in-the-market,workleap.com,,
ai_mode,How is total compensation structured at large tech companies?,main,citations,https://www.techinterviewhandbook.org/understanding-compensation/,techinterviewhandbook.org,,
ai_mode,How is total compensation structured at large tech companies?,main,citations,https://www.flexhire.com/blog/yana/navigating-global-compensation-the-ultimate-guide-for-tech-companies-with-flexhire,flexhire.com,,
ai_mode,How is total compensation structured at large tech companies?,main,citations,https://recruiteze.com/glossary/total-compensation/,recruiteze.com,,
ai_mode,How is total compensation structured at large tech companies?,main,citations,https://hyring.com/free-hr-toolkit/hr-glossary/total-compensation,hyring.com,,
ai_mode,How is total compensation structured at large tech companies?,main,citations,https://www.aeqium.com/resources/compensating-software-engineers-a-guide-for-compensation-leaders,aeqium.com,,
ai_mode,How is total compensation structured at large tech companies?,main,citations,https://blog.xoxoday.com/empuls/what-are-total-rewards/,blog.xoxoday.com,,
ai_mode,How is total compensation structured at large tech companies?,main,citations,https://getstello.ai/employee-bonus-plans-strategy-structure-and-compliance/,getstello.ai,,
ai_mode,How is total compensation structured at large tech companies?,main,citations,https://hackerx.org/tech-salary-guide-2026-what-engineers-really-earn/,hackerx.org,,
ai_mode,How is total compensation structured at large tech companies?,main,citations,https://fearlesssalarynegotiation.com/big-tech-job-offer-overview/,fearlesssalarynegotiation.com,,
ai_mode,How is total compensation structured at large tech companies?,main,citations,https://ravio.com/blog/the-complete-guide-to-equity-compensation-for-startups,ravio.com,,
ai_mode,How is total compensation structured at large tech companies?,main,citations,https://growthequityinterviewguide.com/venture-capital/startup-equity-ownership/vesting,growthequityinterviewguide.com,,
ai_mode,How is total compensation structured at large tech companies?,main,citations,https://waypnts.com/guides/compensation-process,waypnts.com,,
ai_mode,How is total compensation structured at large tech companies?,main,citations,https://www.sequoia.com/2024/08/executive-equity-compensation/,sequoia.com,,
ai_mode,How is total compensation structured at large tech companies?,main,citations,https://stories.eqtventures.com/articles/winningtheexecpayraceintheageofai,stories.eqtventures.com,,
ai_mode,How is total compensation structured at large tech companies?,main,citations,https://www.youtube.com/watch?v=k_q45miTHBE,youtube.com,,
ai_mode,How is total compensation structured at large tech companies?,main,citations,https://getstello.ai/10-real-world-examples-of-direct-compensation/,getstello.ai,,
ai_mode,How is total compensation structured at large tech companies?,main,citations,https://opentextbc.ca/humanresourcesinfoodservices/chapter/the-total-compensation-plan/,opentextbc.ca,,
ai_mode,What is the difference between an exempt and non exempt employee?,main,citations,https://www.adp.com/resources/articles-and-insights/articles/t/the-difference-between-exempt-and-non-exempt-employees.aspx,adp.com,,
ai_mode,What is the difference between an exempt and non exempt employee?,main,citations,https://www.dol.gov/agencies/whd/fact-sheets/17a-overtime,dol.gov,,
ai_mode,What is the difference between an exempt and non exempt employee?,main,citations,https://www.paylocity.com/resources/learn/articles/exempt-vs-nonexempt/,paylocity.com,,
ai_mode,What is the difference between an exempt and non exempt employee?,main,citations,https://www.paychex.com/articles/payroll-taxes/whats-the-difference-between-exempt-and-non-exempt-employees,paychex.com,,
ai_mode,What is the difference between an exempt and non exempt employee?,main,citations,https://www.calchamber.com/california-labor-law/exempt-nonexempt-employees,calchamber.com,,
ai_mode,What is the difference between an exempt and non exempt employee?,main,citations,https://www.indeed.com/hire/c/info/exempt-vs-non-exempt-employee,indeed.com,,
ai_mode,What is the difference between an exempt and non exempt employee?,main,citations,https://www.youtube.com/watch?v=tsaSRIR4c_4&t=145,youtube.com,,
ai_mode,What is the difference between an exempt and non exempt employee?,main,citations,https://www.youtube.com/watch?v=gX5WjTUpGew&t=53,youtube.com,,
ai_mode,What is the difference between an exempt and non exempt employee?,main,citations,https://www.youtube.com/shorts/BdJCXz1EqCQ,youtube.com,,
ai_mode,What is the difference between an exempt and non exempt employee?,main,citations,https://www.youtube.com/watch?v=iteZG3tVNHQ,youtube.com,,
ai_mode,What is the difference between an exempt and non exempt employee?,main,citations,https://www.facebook.com/EmployerLawyerPLLC/videos/the-difference-between-exempt-and-nonexempt-employees/733502553149820/,facebook.com,,
ai_mode,What is the difference between an exempt and non exempt employee?,main,citations,https://www.youtube.com/watch?v=0ijDX5ki8hs,youtube.com,,
ai_mode,What is the difference between an exempt and non exempt employee?,main,links_attached,https://www.adp.com/resources/articles-and-insights/articles/t/the-difference-between-exempt-and-non-exempt-employees.aspx,adp.com,,
ai_mode,What is the difference between an exempt and non exempt employee?,main,links_attached,https://www.paylocity.com/resources/learn/articles/exempt-vs-nonexempt/,paylocity.com,,
ai_mode,What is the difference between an exempt and non exempt employee?,main,links_attached,https://www.dol.gov/agencies/whd/fact-sheets/17a-overtime,dol.gov,,
ai_mode,What is the difference between an exempt and non exempt employee?,main,links_attached,https://www.dol.gov/agencies/whd/fact-sheets/17a-overtime,dol.gov,,
ai_mode,What is the difference between an exempt and non exempt employee?,main,links_attached,https://www.youtube.com/watch?v=tsaSRIR4c_4&t=145,youtube.com,,
ai_mode,What is the difference between an exempt and non exempt employee?,main,links_attached,https://www.paychex.com/articles/payroll-taxes/whats-the-difference-between-exempt-and-non-exempt-employees,paychex.com,,
ai_mode,What is the difference between an exempt and non exempt employee?,main,links_attached,https://www.dol.gov/agencies/whd/fact-sheets/17a-overtime,dol.gov,,
ai_mode,What is the difference between an exempt and non exempt employee?,main,links_attached,https://www.paychex.com/articles/payroll-taxes/whats-the-difference-between-exempt-and-non-exempt-employees,paychex.com,,
ai_mode,What is the difference between an exempt and non exempt employee?,main,links_attached,https://www.youtube.com/watch?v=0ijDX5ki8hs,youtube.com,,
ai_mode,How do people handle being paid less than new hires in the same role?,main,citations,https://www.reddit.com/r/ITCareerQuestions/comments/1czhot0/anyone_ever_find_out_theyre_getting_paid_less/,reddit.com,,
ai_mode,How do people handle being paid less than new hires in the same role?,main,citations,https://www.indeed.com/career-advice/pay-salary/new-employees-paid-more-than-existing,indeed.com,,
ai_mode,How do people handle being paid less than new hires in the same role?,main,citations,https://www.indeed.com/hire/c/info/salary-compression-what-is-it-and-how-to-prevent-it,indeed.com,,
ai_mode,How do people handle being paid less than new hires in the same role?,main,citations,https://www.glassdoor.com/blog/paid-less-than-coworkers/,glassdoor.com,,
ai_mode,How do people handle being paid less than new hires in the same role?,main,citations,https://www.youtube.com/watch?v=N2cb14CbVCA&t=96,youtube.com,,
ai_mode,How do people handle being paid less than new hires in the same role?,main,links_attached,https://www.indeed.com/hire/c/info/salary-compression-what-is-it-and-how-to-prevent-it,indeed.com,,
ai_mode,How do people handle being paid less than new hires in the same role?,main,links_attached,https://www.reddit.com/r/ITCareerQuestions/comments/1czhot0/anyone_ever_find_out_theyre_getting_paid_less/,reddit.com,,
ai_mode,How do people handle being paid less than new hires in the same role?,main,links_attached,https://www.indeed.com/career-advice/pay-salary/new-employees-paid-more-than-existing,indeed.com,,
ai_mode,How do people handle being paid less than new hires in the same role?,main,links_attached,https://www.indeed.com/career-advice/pay-salary/new-employees-paid-more-than-existing,indeed.com,,
ai_mode,How do people handle being paid less than new hires in the same role?,main,links_attached,https://www.reddit.com/r/ITCareerQuestions/comments/1czhot0/anyone_ever_find_out_theyre_getting_paid_less/,reddit.com,,
ai_mode,How do people handle being paid less than new hires in the same role?,main,links_attached,https://www.reddit.com/r/ITCareerQuestions/comments/1czhot0/anyone_ever_find_out_theyre_getting_paid_less/,reddit.com,,
ai_mode,"What makes a candidate memorable in a final round, according to interviewers?",main,citations,https://www.youtube.com/watch?v=y4OUD4J_e5o,youtube.com,,
ai_mode,"What makes a candidate memorable in a final round, according to interviewers?",main,citations,https://www.youtube.com/watch?v=d11SjixTBtc,youtube.com,,
ai_mode,"What makes a candidate memorable in a final round, according to interviewers?",main,citations,https://www.linkedin.com/pulse/5-interview-habits-unforgettable-candidates-according-anderson-y8t2e,linkedin.com,pulse,
ai_mode,"What makes a candidate memorable in a final round, according to interviewers?",main,citations,https://www.youtube.com/watch?v=xz4NllGwh0s,youtube.com,,
ai_mode,"What makes a candidate memorable in a final round, according to interviewers?",main,citations,https://www.youtube.com/watch?v=0Is871FysC8,youtube.com,,
ai_mode,"What makes a candidate memorable in a final round, according to interviewers?",main,links_attached,https://www.youtube.com/watch?v=y4OUD4J_e5o,youtube.com,,
ai_mode,"What makes a candidate memorable in a final round, according to interviewers?",main,links_attached,https://www.youtube.com/watch?v=d11SjixTBtc,youtube.com,,
ai_mode,"What makes a candidate memorable in a final round, according to interviewers?",main,links_attached,https://www.linkedin.com/pulse/5-interview-habits-unforgettable-candidates-according-anderson-y8t2e,linkedin.com,pulse,
ai_mode,"What makes a candidate memorable in a final round, according to interviewers?",main,links_attached,https://www.linkedin.com/pulse/5-interview-habits-unforgettable-candidates-according-anderson-y8t2e,linkedin.com,pulse,
ai_mode,"What makes a candidate memorable in a final round, according to interviewers?",main,links_attached,https://www.youtube.com/watch?v=0Is871FysC8,youtube.com,,
ai_mode,Is hot desking as unpopular as it sounds?,main,citations,https://cadm.com/hot-desking-bad-space-data/,cadm.com,,
ai_mode,Is hot desking as unpopular as it sounds?,main,citations,https://www.gable.to/blog/post/hot-desking,gable.to,,
ai_mode,Is hot desking as unpopular as it sounds?,main,citations,https://kadence.co/news/the-pros-and-cons-of-hot-desking/,kadence.co,,
ai_mode,Is hot desking as unpopular as it sounds?,main,citations,https://www.wsj.com/lifestyle/workplace/hot-desking-pros-cons-8ee52377,wsj.com,,
ai_mode,Is hot desking as unpopular as it sounds?,main,citations,https://getofficely.com/blog/how-to-implement-hot-desking,getofficely.com,,
ai_mode,Is hot desking as unpopular as it sounds?,main,citations,https://www.linkedin.com/pulse/hot-desk-dilemma-why-flexible-seating-clashes-human-habits-egdmc,linkedin.com,pulse,
ai_mode,Is hot desking as unpopular as it sounds?,main,citations,https://getofficely.com/blog/benefits-of-hot-desking,getofficely.com,,
ai_mode,Is hot desking as unpopular as it sounds?,main,citations,https://www.officemaps.com/blog/disadvantages-of-hot-desking,officemaps.com,,
ai_mode,Is hot desking as unpopular as it sounds?,main,citations,https://hyring.com/free-hr-toolkit/hr-glossary/hot-desking,hyring.com,,
ai_mode,Is hot desking as unpopular as it sounds?,main,citations,https://www.outsourceaccelerator.com/glossary/hot-desking/,outsourceaccelerator.com,,
ai_mode,Is hot desking as unpopular as it sounds?,main,citations,https://2727coworking.com/articles/hotdesking-vs-assigned-desks-analysis,2727coworking.com,,
ai_mode,Is hot desking as unpopular as it sounds?,main,links_attached,https://www.gable.to/blog/post/hot-desking,gable.to,,
ai_mode,Is hot desking as unpopular as it sounds?,main,links_attached,https://cadm.com/hot-desking-bad-space-data/,cadm.com,,
ai_mode,Is hot desking as unpopular as it sounds?,main,links_attached,https://www.gable.to/blog/post/hot-desking,gable.to,,
ai_mode,Is hot desking as unpopular as it sounds?,main,links_attached,https://cadm.com/hot-desking-bad-space-data/,cadm.com,,
ai_mode,Is hot desking as unpopular as it sounds?,main,links_attached,https://kadence.co/news/the-pros-and-cons-of-hot-desking/,kadence.co,,
ai_mode,What does the AWS Solutions Architect Associate exam cover?,main,citations,https://docs.aws.amazon.com/aws-certification/latest/solutions-architect-associate-03/solutions-architect-associate-03.html,docs.aws.amazon.com,,
ai_mode,What does the AWS Solutions Architect Associate exam cover?,main,citations,https://www.youtube.com/watch?v=o9QPhxInQFQ&t=185,youtube.com,,
ai_mode,What does the AWS Solutions Architect Associate exam cover?,main,citations,https://www.youtube.com/watch?v=sWKsLplzFUM&t=42,youtube.com,,
ai_mode,What does the AWS Solutions Architect Associate exam cover?,main,citations,https://aws.amazon.com/certification/certified-solutions-architect-associate/,aws.amazon.com,,
ai_mode,What does the AWS Solutions Architect Associate exam cover?,main,links_attached,https://docs.aws.amazon.com/aws-certification/latest/solutions-architect-associate-03/solutions-architect-associate-03.html,docs.aws.amazon.com,,
ai_mode,What does the AWS Solutions Architect Associate exam cover?,main,links_attached,https://docs.aws.amazon.com/aws-certification/latest/solutions-architect-associate-03/solutions-architect-associate-03.html,docs.aws.amazon.com,,
ai_mode,What does the AWS Solutions Architect Associate exam cover?,main,links_attached,https://www.youtube.com/watch?v=sWKsLplzFUM&t=42,youtube.com,,
ai_mode,What does the AWS Solutions Architect Associate exam cover?,main,links_attached,https://www.youtube.com/watch?v=sWKsLplzFUM&t=42,youtube.com,,
ai_mode,What does the AWS Solutions Architect Associate exam cover?,main,links_attached,https://www.youtube.com/watch?v=sWKsLplzFUM&t=42,youtube.com,,
ai_mode,What does the AWS Solutions Architect Associate exam cover?,main,links_attached,https://www.youtube.com/watch?v=sWKsLplzFUM&t=42,youtube.com,,
ai_mode,What does the AWS Solutions Architect Associate exam cover?,main,links_attached,https://www.youtube.com/watch?v=sWKsLplzFUM&t=42,youtube.com,,
ai_mode,What does the AWS Solutions Architect Associate exam cover?,main,links_attached,https://aws.amazon.com/certification/certified-solutions-architect-associate/,aws.amazon.com,,
ai_mode,What does the AWS Solutions Architect Associate exam cover?,main,links_attached,https://aws.amazon.com/certification/certified-solutions-architect-associate/,aws.amazon.com,,
ai_mode,What is the CFA exam structure and pass rate?,main,citations,https://www.cfainstitute.org/programs/cfa-program/candidate-resources/exam-results,cfainstitute.org,,
ai_mode,What is the CFA exam structure and pass rate?,main,citations,https://www.cfainstitute.org/programs/cfa-program/candidate-resources/level-i-exam,cfainstitute.org,,
ai_mode,What is the CFA exam structure and pass rate?,main,citations,https://www.cfainstitute.org/programs/cfa-program/exam,cfainstitute.org,,
ai_mode,What is the CFA exam structure and pass rate?,main,citations,https://amquesteducation.com/blog/cfa-exam-pattern/?srsltid=AfmBOoqjvDgsl_bM7RK0_UUj_RVLtmzie4hJmgPFYi7w3R5ph95aGU8s,amquesteducation.com,,
ai_mode,What is the CFA exam structure and pass rate?,main,citations,https://finance.uworld.com/cfa/level-3-exam-information/,finance.uworld.com,,
ai_mode,What is the CFA exam structure and pass rate?,main,citations,https://quintedge.com/blog/all-about-cfa-level-2,quintedge.com,,
ai_mode,What is the CFA exam structure and pass rate?,main,citations,https://300hours.com/cfa-pass-rates/,300hours.com,,
ai_mode,What is the CFA exam structure and pass rate?,main,links_attached,https://www.cfainstitute.org/programs/cfa-program/exam,cfainstitute.org,,
ai_mode,What is the CFA exam structure and pass rate?,main,links_attached,https://amquesteducation.com/blog/cfa-exam-pattern/,amquesteducation.com,,
ai_mode,What is the CFA exam structure and pass rate?,main,links_attached,https://www.cfainstitute.org/programs/cfa-program/candidate-resources/level-i-exam,cfainstitute.org,,
ai_mode,What is the CFA exam structure and pass rate?,main,links_attached,https://quintedge.com/blog/all-about-cfa-level-2,quintedge.com,,
ai_mode,What is the CFA exam structure and pass rate?,main,links_attached,https://quintedge.com/blog/all-about-cfa-level-2,quintedge.com,,
ai_mode,What is the CFA exam structure and pass rate?,main,links_attached,https://finance.uworld.com/cfa/level-3-exam-information/,finance.uworld.com,,
ai_mode,What is the CFA exam structure and pass rate?,main,links_attached,https://www.cfainstitute.org/programs/cfa-program/candidate-resources/exam-results,cfainstitute.org,,
ai_mode,What is the CFA exam structure and pass rate?,main,links_attached,https://www.cfainstitute.org/programs/cfa-program/exam,cfainstitute.org,,
ai_mode,What is the CFA exam structure and pass rate?,main,links_attached,https://amquesteducation.com/blog/cfa-exam-pattern/,amquesteducation.com,,
ai_mode,"Can Notion replace Confluence for engineering docs, according to teams that tried?",main,citations,https://www.reddit.com/r/Notion/comments/1rztnhw/we_replaced_our_terrible_confluence_wiki_with/,reddit.com,,
ai_mode,"Can Notion replace Confluence for engineering docs, according to teams that tried?",main,citations,https://www.youtube.com/watch?v=ZE-8z8tdjMc&t=46,youtube.com,,
ai_mode,"Can Notion replace Confluence for engineering docs, according to teams that tried?",main,citations,https://www.youtube.com/watch?v=EssxgvHe_Jo&t=550,youtube.com,,
ai_mode,"Can Notion replace Confluence for engineering docs, according to teams that tried?",main,links_attached,https://www.reddit.com/r/Notion/comments/1rztnhw/we_replaced_our_terrible_confluence_wiki_with/,reddit.com,,
ai_mode,"Can Notion replace Confluence for engineering docs, according to teams that tried?",main,links_attached,https://www.reddit.com/r/Notion/comments/1rztnhw/we_replaced_our_terrible_confluence_wiki_with/,reddit.com,,
ai_mode,"Can Notion replace Confluence for engineering docs, according to teams that tried?",main,links_attached,https://www.reddit.com/r/Notion/comments/1rztnhw/we_replaced_our_terrible_confluence_wiki_with/,reddit.com,,
ai_mode,"Can Notion replace Confluence for engineering docs, according to teams that tried?",main,links_attached,https://www.reddit.com/r/Notion/comments/1rztnhw/we_replaced_our_terrible_confluence_wiki_with/,reddit.com,,
ai_mode,"Can Notion replace Confluence for engineering docs, according to teams that tried?",main,links_attached,https://www.reddit.com/r/Notion/comments/1rztnhw/we_replaced_our_terrible_confluence_wiki_with/,reddit.com,,
ai_mode,"Can Notion replace Confluence for engineering docs, according to teams that tried?",main,links_attached,https://www.youtube.com/watch?v=EssxgvHe_Jo&t=550,youtube.com,,
ai_mode,How long does a typical corporate hiring process take in 2026?,main,citations,https://www.theresource.com/2025/10/13/average-time-to-hire/,theresource.com,,
ai_mode,How long does a typical corporate hiring process take in 2026?,main,citations,https://www.corporatenavigators.com/articles/recruiting-trends/the-average-time-to-fill-by-industry-in-2024/,corporatenavigators.com,,
ai_mode,How long does a typical corporate hiring process take in 2026?,main,citations,https://consultadd.com/blog/average-time-to-hire-benchmarks-data-and-fixes,consultadd.com,,
ai_mode,How long does a typical corporate hiring process take in 2026?,main,citations,https://www.instagram.com/reel/DXE1DEQkvux/?hl=en,instagram.com,,
ai_mode,How long does a typical corporate hiring process take in 2026?,main,links_attached,https://www.theresource.com/2025/10/13/average-time-to-hire/,theresource.com,,
ai_mode,How long does a typical corporate hiring process take in 2026?,main,links_attached,https://www.corporatenavigators.com/articles/recruiting-trends/the-average-time-to-fill-by-industry-in-2024/,corporatenavigators.com,,
ai_mode,How long does a typical corporate hiring process take in 2026?,main,links_attached,https://www.theresource.com/2025/10/13/average-time-to-hire/,theresource.com,,
ai_mode,How long does a typical corporate hiring process take in 2026?,main,links_attached,https://consultadd.com/blog/average-time-to-hire-benchmarks-data-and-fixes,consultadd.com,,
ai_mode,How long does a typical corporate hiring process take in 2026?,main,links_attached,https://consultadd.com/blog/average-time-to-hire-benchmarks-data-and-fixes,consultadd.com,,
ai_mode,How do recruiters feel about candidates who use AI to write applications?,main,links_attached,https://www.google.com/goto?url=CAESTgHrOzAV1u3XE80DhjKdphSGjxGT1c7IutvztC5azul6ho8KMx80hYoopGCQ-gGl5ZI0EBqqG17fm1H4aEScRiLN0B_SgthRBEFkGS3oVw,google.com,,
ai_mode,How do recruiters feel about candidates who use AI to write applications?,main,links_attached,https://www.google.com/goto?url=CAESTgHrOzAVZ53Hz-gW_kOxROyilMy02zh6Rp9NVlTPk-80EPlyzZCwcM6RWBrw5lja8T18N4PjXVLlYHJKcXex-RlHBpGJrTNs_DtDqZMSpQ,google.com,,
ai_mode,How do recruiters feel about candidates who use AI to write applications?,main,links_attached,https://www.google.com/goto?url=CAESTgHrOzAV1u3XE80DhjKdphSGjxGT1c7IutvztC5azul6ho8KMx80hYoopGCQ-gGl5ZI0EBqqG17fm1H4aEScRiLN0B_SgthRBEFkGS3oVw,google.com,,
ai_mode,How do recruiters feel about candidates who use AI to write applications?,main,links_attached,https://www.google.com/goto?url=CAESTgHrOzAV1u3XE80DhjKdphSGjxGT1c7IutvztC5azul6ho8KMx80hYoopGCQ-gGl5ZI0EBqqG17fm1H4aEScRiLN0B_SgthRBEFkGS3oVw,google.com,,
ai_mode,How do recruiters feel about candidates who use AI to write applications?,main,links_attached,https://www.google.com/goto?url=CAESsgEB6zswFTJokjVyf62oT8D3xoDxreVNB6whhu_imo-fKb_L7xJlbXhuj1rmiLCUGjJaIs5PzGxezg448fwHxMRjZw0gp38W9mb8v8qf8lEFsg7I0oBKF8VpRKzJChwL_buM7-KmMdvA4A4pxews9ohA65L35DeRJIgth4hM0RPEPnD9Pn83IDnjrdNCKk5zeovwAY1ndxPUh244dcoW58F0zB0GQ3iyDfceFF9LTFs_hcCE,google.com,,
ai_mode,How do recruiters feel about candidates who use AI to write applications?,main,links_attached,https://www.google.com/goto?url=CAESTgHrOzAVZ53Hz-gW_kOxROyilMy02zh6Rp9NVlTPk-80EPlyzZCwcM6RWBrw5lja8T18N4PjXVLlYHJKcXex-RlHBpGJrTNs_DtDqZMSpQ,google.com,,
ai_mode,How do recruiters feel about candidates who use AI to write applications?,main,links_attached,https://www.google.com/goto?url=CAESTgHrOzAVZ53Hz-gW_kOxROyilMy02zh6Rp9NVlTPk-80EPlyzZCwcM6RWBrw5lja8T18N4PjXVLlYHJKcXex-RlHBpGJrTNs_DtDqZMSpQ,google.com,,
ai_mode,How do recruiters feel about candidates who use AI to write applications?,main,links_attached,https://www.google.com/goto?url=CAESTgHrOzAVZ53Hz-gW_kOxROyilMy02zh6Rp9NVlTPk-80EPlyzZCwcM6RWBrw5lja8T18N4PjXVLlYHJKcXex-RlHBpGJrTNs_DtDqZMSpQ,google.com,,
ai_mode,How do recruiters feel about candidates who use AI to write applications?,main,links_attached,https://www.google.com/goto?url=CAESTgHrOzAVZ53Hz-gW_kOxROyilMy02zh6Rp9NVlTPk-80EPlyzZCwcM6RWBrw5lja8T18N4PjXVLlYHJKcXex-RlHBpGJrTNs_DtDqZMSpQ,google.com,,
chatgpt,How did people successfully negotiate fully remote arrangements?,main,citations,https://hbr.org/2021/07/how-to-negotiate-a-remote-work-arrangement?utm_source=chatgpt.com,hbr.org,,chatgpt.com
chatgpt,How did people successfully negotiate fully remote arrangements?,main,citations,https://doi.org/10.1016/j.jbusres.2026.116323?utm_source=chatgpt.com,doi.org,,chatgpt.com
chatgpt,How did people successfully negotiate fully remote arrangements?,main,citations,https://www.gallup.com/workplace/236222/build-trust-remote-employees.aspx?utm_source=chatgpt.com,gallup.com,,chatgpt.com
chatgpt,How did people successfully negotiate fully remote arrangements?,main,citations,https://www.hks.harvard.edu/publications/negotiating-your-next-job-focus-your-role-responsibilities-and-career-trajectory-not?utm_source=chatgpt.com,hks.harvard.edu,,chatgpt.com
chatgpt,What is a realistic offer timeline after a final interview?,main,citations,https://www.indeed.com/career-advice/finding-a-job/how-long-after-an-interview-is-a-job-offer-made?utm_source=chatgpt.com,indeed.com,,chatgpt.com
chatgpt,What is a realistic offer timeline after a final interview?,main,citations,https://www.shrm.org/topics-tools/flagships/all-things-work/recruiter-tips-getting-job?utm_source=chatgpt.com,shrm.org,,chatgpt.com
chatgpt,What is the difference between a CRM and a CDP?,main,citations,https://www.salesforce.com/marketing/data/cdp-vs-crm/?bc=OTH&utm_source=chatgpt.com,salesforce.com,,chatgpt.com
chatgpt,What is the difference between a CRM and a CDP?,main,citations,https://www.shopify.com/blog/cdp-vs-crm?utm_source=chatgpt.com,shopify.com,,chatgpt.com
chatgpt,What is the difference between a CRM and a CDP?,main,citations,https://www.cdpinstitute.org/blog/crm-or-cdp-which-one-does-your-business-need/?utm_source=chatgpt.com,cdpinstitute.org,,chatgpt.com
chatgpt,What do recruiters say gets a resume past screening software?,main,citations,https://www.indeed.com/career-advice/resumes-cover-letters/automated-screening-resume?utm_source=chatgpt.com,indeed.com,,chatgpt.com
chatgpt,What does a Six Sigma green belt certification involve?,main,citations,https://orders.iassc.org/green-belt-certification/?utm_source=chatgpt.com,orders.iassc.org,,chatgpt.com
chatgpt,What does a Six Sigma green belt certification involve?,main,citations,https://asq.org/training/certified-six-sigma-green-belt-certification-preparation-vcssgbcpasq?utm_source=chatgpt.com,asq.org,,chatgpt.com
chatgpt,How does COBRA coverage work between jobs?,main,citations,https://www.askebsa.dol.gov/WebIntake/home.aspx/cobra?utm_source=chatgpt.com,askebsa.dol.gov,,chatgpt.com
chatgpt,How does COBRA coverage work between jobs?,main,citations,https://webapps.dol.gov/elaws/ebsa/health/89.asp?utm_source=chatgpt.com,webapps.dol.gov,,chatgpt.com
chatgpt,How does COBRA coverage work between jobs?,main,citations,https://www.dol.gov/sites/default/files/ebsa/about-ebsa/our-activities/resource-center/faqs/cobra-continuation-health-coverage-consumer.pdf?utm_source=chatgpt.com,dol.gov,,chatgpt.com
chatgpt,How does COBRA coverage work between jobs?,main,citations,https://www.healthcare.gov/have-job-based-coverage/if-you-lose-job-based-coverage/index.html?utm_source=chatgpt.com,healthcare.gov,,chatgpt.com
chatgpt,How does COBRA coverage work between jobs?,main,citations,https://www.irs.gov/affordable-care-act/individuals-and-families/questions-and-answers-on-the-premium-tax-credit?utm_source=chatgpt.com,irs.gov,,chatgpt.com
chatgpt,How does 401k vesting work when you change jobs?,main,citations,https://www.irs.gov/retirement-plans/plan-participant-employee/retirement-topics-vesting?utm_source=chatgpt.com,irs.gov,,chatgpt.com
chatgpt,What do employees really think of return to office mandates?,main,citations,https://federalnewsnetwork.com/workforce/2026/07/after-returning-to-the-office-federal-employees-report-low-productivity-morale/?utm_source=chatgpt.com,federalnewsnetwork.com,,chatgpt.com
chatgpt,What do employees really think of return to office mandates?,main,citations,https://doi.org/10.1177/00910260261444414?utm_source=chatgpt.com,doi.org,,chatgpt.com
chatgpt,What do employees really think of return to office mandates?,main,citations,https://www.reuters.com/business/world-at-work/airbus-backs-down-return-to-office-after-protests-sources-say-2026-08-21/?utm_source=chatgpt.com,reuters.com,,chatgpt.com
chatgpt,How do pay transparency laws affect job postings?,main,citations,https://www.teamed.global/pay-transparency-laws-by-state?utm_source=chatgpt.com,teamed.global,,chatgpt.com
chatgpt,How do pay transparency laws affect job postings?,main,citations,https://www.dir.ca.gov/dlse/california_equal_pay_act.htm?utm_source=chatgpt.com,dir.ca.gov,,chatgpt.com
chatgpt,How do pay transparency laws affect job postings?,main,citations,https://www.minneapolisfed.org/article/2024/pay-transparency-in-job-postings-trends-trade-offs-and-policy-design?utm_source=chatgpt.com,minneapolisfed.org,,chatgpt.com
chatgpt,How do pay transparency laws affect job postings?,main,citations,https://www.dol.gov/sites/dolgov/files/OFCCP/pdf/EqualPayDayFactSheet.pdf?utm_source=chatgpt.com,dol.gov,,chatgpt.com
chatgpt,How do pay transparency laws affect job postings?,main,citations,https://libertystreeteconomics.newyorkfed.org/2025/10/do-employers-comply-with-pay-transparency-requirements-in-job-postings/?utm_source=chatgpt.com,libertystreeteconomics.newyorkfed.org,,chatgpt.com
chatgpt,What happens to unvested RSUs when you get laid off?,main,citations,https://www.sec.gov/Archives/edgar/data/712515/000162828026051829/ex-101formofrestrictedstoc.htm?utm_source=chatgpt.com,sec.gov,,chatgpt.com
chatgpt,"Do signing bonuses usually come with strings attached, in people's experience?",main,citations,https://legalclarity.org/do-you-have-to-pay-back-a-sign-on-bonus/?utm_source=chatgpt.com,legalclarity.org,,chatgpt.com
chatgpt,"Do signing bonuses usually come with strings attached, in people's experience?",main,citations,https://www.dott.legal/blog/signing-bonus-clawback?utm_source=chatgpt.com,dott.legal,,chatgpt.com
chatgpt,"Do signing bonuses usually come with strings attached, in people's experience?",main,citations,https://kpmg.com/kpmg-us/content/dam/kpmg/frv/pdf/2024/employee-benefits-handbook-2024-final.pdf?utm_source=chatgpt.com,kpmg.com,,chatgpt.com
chatgpt,How do recruiters feel about candidates who use AI to write applications?,main,citations,https://www.uschamber.com/co/run/human-resources/hiring-ai-job-applications?utm_source=chatgpt.com,uschamber.com,,chatgpt.com
chatgpt,How do recruiters feel about candidates who use AI to write applications?,main,citations,https://www.ihiretechnology.com/resourcecenter/employer/pages/the-state-of-online-recruiting-2025?utm_source=chatgpt.com,ihiretechnology.com,,chatgpt.com
chatgpt,How do recruiters feel about candidates who use AI to write applications?,main,citations,https://www.indeed.com/career-advice/news/job-seekers-leveraging-gen-ai-tools?utm_source=chatgpt.com,indeed.com,,chatgpt.com
chatgpt,How do recruiters feel about candidates who use AI to write applications?,main,citations,https://www.wired.com/story/applying-for-a-job-is-too-damn-easy?utm_source=chatgpt.com,wired.com,,chatgpt.com
chatgpt,How do recruiters feel about candidates who use AI to write applications?,main,citations,https://www.forbes.com/sites/williamarruda/2026/07/16/the-ai-hiring-paradox-employers-use-ai-but-dont-trust-candidates-who-do/?utm_source=chatgpt.com,forbes.com,,chatgpt.com
chatgpt,Is unlimited PTO actually a scam according to employees?,main,citations,https://www.shrm.org/topics-tools/news/benefits-compensation/making-sure-unlimited-pto-done-right?utm_source=chatgpt.com,shrm.org,,chatgpt.com
chatgpt,Is unlimited PTO actually a scam according to employees?,main,citations,https://www.reddit.com/r/I_DONT_LIKE/comments/1rdoqif/idl_how_unlimited_pto_means_no_one_takes_vacation/?utm_source=chatgpt.com,reddit.com,,chatgpt.com
chatgpt,What is the difference between a W2 employee and a 1099 contractor?,main,citations,https://www.irs.gov/businesses/small-businesses-self-employed/independent-contractor-self-employed-or-employee?utm_source=chatgpt.com,irs.gov,,chatgpt.com
chatgpt,How do people handle being paid less than new hires in the same role?,main,citations,https://www.indeed.com/career-advice/pay-salary/new-employees-paid-more-than-existing?utm_source=chatgpt.com,indeed.com,,chatgpt.com
chatgpt,How do people handle being paid less than new hires in the same role?,main,citations,https://www.shrm.org/topics-tools/news/benefits-compensation/address-pay-compression-risk-employee-flight?utm_source=chatgpt.com,shrm.org,,chatgpt.com
chatgpt,What is the STAR method for answering interview questions?,main,citations,https://successworks.wisc.edu/the-basics/preparing-for-your-interview-2/the-star-method/?utm_source=chatgpt.com,successworks.wisc.edu,,chatgpt.com
chatgpt,What is the STAR method for answering interview questions?,main,citations,https://students.tippie.uiowa.edu/tippie-resources/career-services/career-guide/interview-process/behavior-based-interviewing/star-method?utm_source=chatgpt.com,students.tippie.uiowa.edu,,chatgpt.com
chatgpt,What is the STAR method for answering interview questions?,main,citations,https://www.mdc.edu/mdcworks/career-resources/interview.aspx?utm_source=chatgpt.com,mdc.edu,,chatgpt.com
chatgpt,What is the STAR method for answering interview questions?,main,citations,https://ocs.yale.edu/channels/the-behavioral-interview/?utm_source=chatgpt.com,ocs.yale.edu,,chatgpt.com
chatgpt,How do non compete agreements work in California?,main,citations,https://downloads.leginfo.legislature.ca.gov/?utm_source=chatgpt.com,downloads.leginfo.legislature.ca.gov,,chatgpt.com
chatgpt,How do non compete agreements work in California?,main,citations,https://leginfo.legislature.ca.gov/faces/pubSenDailyJrn2.xhtml?fileid=1082&pagenum=4861&sessionnum=0&sessionyear=20232024&type=doc&utm_source=chatgpt.com,leginfo.legislature.ca.gov,,chatgpt.com
chatgpt,What are realistic product manager salaries in 2026?,main,citations,https://www.ideaplan.io/pm-compensation-report?utm_source=chatgpt.com,ideaplan.io,,chatgpt.com
chatgpt,What are realistic product manager salaries in 2026?,main,citations,https://www.levels.fyi/t/product-manager/levels/senior/locations/united-states?utm_source=chatgpt.com,levels.fyi,,chatgpt.com
chatgpt,What are realistic product manager salaries in 2026?,main,citations,https://www.salary.com/research/salary/benchmark/product-management-director-salary?utm_source=chatgpt.com,salary.com,,chatgpt.com
chatgpt,What do engineering managers think of take home coding tests?,main,citations,https://news.ycombinator.com/item?id=40151180&utm_source=chatgpt.com,news.ycombinator.com,,chatgpt.com
chatgpt,What do engineering managers think of take home coding tests?,main,citations,https://kittygiraudel.com/2026/05/08/on-take-home-coding-assignments/?utm_source=chatgpt.com,kittygiraudel.com,,chatgpt.com
chatgpt,What do engineering managers think of take home coding tests?,main,citations,https://www.reddit.com/r/ExperiencedDevs/comments/1klvv0n/hiring_managers_what_do_you_hate_about_takehome/?utm_source=chatgpt.com,reddit.com,,chatgpt.com
chatgpt,What do engineering managers think of take home coding tests?,main,citations,https://www.flowverify.co/blog/take-home-interview-what-ai-revealed?utm_source=chatgpt.com,flowverify.co,,chatgpt.com
chatgpt,What surprised people most about becoming self employed?,main,citations,https://news.gallup.com/poll/703376/self-employed-workers-employees-hold-quality-jobs.aspx?utm_source=chatgpt.com,news.gallup.com,,chatgpt.com
chatgpt,What surprised people most about becoming self employed?,main,citations,https://research.aeoworks.org/wp-content/uploads/2024/01/Self-Employment-Report-September-2024-FINAL.pdf?utm_source=chatgpt.com,research.aeoworks.org,,chatgpt.com
chatgpt,What surprised people most about becoming self employed?,main,citations,https://www.experian.com/blogs/ask-experian/gig-workers-unpredictable-income-survey/?utm_source=chatgpt.com,experian.com,,chatgpt.com
chatgpt,What surprised people most about becoming self employed?,main,citations,https://www.mdpi.com/2673-7116/3/1/11?utm_source=chatgpt.com,mdpi.com,,chatgpt.com
chatgpt,What surprised people most about becoming self employed?,main,citations,https://www150.statcan.gc.ca/n1/pub/71-222-x/71-222-x2024001-eng.htm?utm_source=chatgpt.com,www150.statcan.gc.ca,,chatgpt.com
chatgpt,What is a 409A valuation and why does it matter for stock options?,main,citations,https://www.irs.gov/irb/2005-43_IRB?utm_source=chatgpt.com,irs.gov,,chatgpt.com
chatgpt,What questions are employers legally not allowed to ask in an interview?,main,citations,https://www.eeoc.gov/prohibited-employment-policiespractices?utm_source=chatgpt.com,eeoc.gov,,chatgpt.com
chatgpt,What questions are employers legally not allowed to ask in an interview?,main,citations,https://www.oregon.gov/boli/workers/pages/hiring-discrimination.aspx?utm_source=chatgpt.com,oregon.gov,,chatgpt.com
chatgpt,What do executives say about negotiating severance terms up front?,main,citations,https://www.lowenstein.com/news-insights/podcasts-listing/sign-on-the-dotted-line-negotiating-an-effective-employment-agreement?utm_source=chatgpt.com,lowenstein.com,,chatgpt.com
chatgpt,What do executives say about negotiating severance terms up front?,main,citations,https://careers.newark.rutgers.edu/blog/2021/06/28/executive-contract-terms-to-negotiate-with-your-prospective-employer/?utm_source=chatgpt.com,careers.newark.rutgers.edu,,chatgpt.com
chatgpt,What do executives say about negotiating severance terms up front?,main,citations,https://chief.com/articles/how-to-negotiate-a-severance-package-that-protects-your-money-and-reputation-up-front/?utm_source=chatgpt.com,chief.com,,chatgpt.com
chatgpt,What do executives say about negotiating severance terms up front?,main,citations,https://www.alanet.org/legal-management/2019/january/departments/severance-practical-guidance-departing-executive?utm_source=chatgpt.com,alanet.org,,chatgpt.com
chatgpt,What do executives say about negotiating severance terms up front?,main,citations,https://www.businessinsider.com/how-to-negotiate-severance-after-layoff-2026-5?utm_source=chatgpt.com,businessinsider.com,,chatgpt.com
chatgpt,What does the AWS Solutions Architect Associate exam cover?,main,citations,https://docs.aws.amazon.com/id_id/aws-certification/latest/solutions-architect-associate-03/solutions-architect-associate-03.html?utm_source=chatgpt.com,docs.aws.amazon.com,,chatgpt.com
chatgpt,What does the AWS Solutions Architect Associate exam cover?,main,citations,https://aws.amazon.com/certification/certified-solutions-architect-associate/?utm_source=chatgpt.com,aws.amazon.com,,chatgpt.com
chatgpt,How does a proof of concept differ from a pilot in enterprise sales?,main,citations,https://aws.amazon.com/blogs/enterprise-strategy/generative-ai-getting-proofs-of-concept-to-production/?utm_source=chatgpt.com,aws.amazon.com,,chatgpt.com
chatgpt,How does a proof of concept differ from a pilot in enterprise sales?,main,citations,https://www.cmswire.com/knowledge-findability/enterprise-search-procurement-proof-of-concept-or-pilot/?utm_source=chatgpt.com,cmswire.com,,chatgpt.com
chatgpt,How does a proof of concept differ from a pilot in enterprise sales?,main,citations,https://www.digital.gov.au/policy/ai/AI-POC-to-scale/ai-transition-stages-and-dimensions?utm_source=chatgpt.com,digital.gov.au,,chatgpt.com
chatgpt,How does a proof of concept differ from a pilot in enterprise sales?,main,citations,https://info.lse.ac.uk/staff/services/Policies-and-procedures/Assets/Documents/proConProPil.pdf?utm_source=chatgpt.com,info.lse.ac.uk,,chatgpt.com
chatgpt,How does lead scoring work in marketing automation?,main,citations,https://www.hubspot.com/products/marketing/lead-scoring?utm_source=chatgpt.com,hubspot.com,,chatgpt.com
chatgpt,How does lead scoring work in marketing automation?,main,citations,https://knowledge.hubspot.com/scoring/understand-the-lead-scoring-tool?t=1&utm_source=chatgpt.com,knowledge.hubspot.com,,chatgpt.com
chatgpt,How does lead scoring work in marketing automation?,main,citations,https://www.salesforce.com/blog/sales/lead-scoring/?bc=OTH&utm_source=chatgpt.com,salesforce.com,,chatgpt.com
chatgpt,How does the Google Analytics certification work?,main,citations,https://support.google.com/analytics/answer/15440208?hl=en&utm_source=chatgpt.com,support.google.com,,chatgpt.com
chatgpt,How do seat based and consumption based licensing compare?,main,citations,https://www.ideaplan.io/compare/usage-based-vs-seat-based-pricing?utm_source=chatgpt.com,ideaplan.io,,chatgpt.com
chatgpt,How do seat based and consumption based licensing compare?,main,citations,https://blog.box.com/ai-consumption-based-pricing-explained?utm_source=chatgpt.com,blog.box.com,,chatgpt.com
chatgpt,How do seat based and consumption based licensing compare?,main,citations,https://winstonfrancois.com/blog/usage-based-vs-seat-based-pricing/?utm_source=chatgpt.com,winstonfrancois.com,,chatgpt.com
chatgpt,What is an ideal customer profile in B2B sales?,main,citations,https://www.salesforce.com/sales/ideal-customer-profile/?utm_source=chatgpt.com,salesforce.com,,chatgpt.com
chatgpt,What is an ideal customer profile in B2B sales?,main,citations,https://graph8.com/insights/archive-icp-guide/?utm_source=chatgpt.com,graph8.com,,chatgpt.com
chatgpt,What is an ideal customer profile in B2B sales?,main,citations,https://www.deltavdigital.com/resources/glossary/ideal-customer-profile/?utm_source=chatgpt.com,deltavdigital.com,,chatgpt.com
chatgpt,What do finance teams complain about most in NetSuite?,main,citations,https://www.reddit.com/r/Netsuite/comments/1t7yktt/why_is_monthend_closing_so_painful_a_data/?utm_source=chatgpt.com,reddit.com,,chatgpt.com
chatgpt,What do finance teams complain about most in NetSuite?,main,citations,https://www.gartner.com/reviews/market/erp-finance/vendor/oracle/product/oracle-netsuite-erp/likes-dislikes?utm_source=chatgpt.com,gartner.com,,chatgpt.com
chatgpt,What do finance teams complain about most in NetSuite?,main,citations,https://www.capterra.com/p/135757/NetSuite/reviews/?utm_source=chatgpt.com,capterra.com,,chatgpt.com
chatgpt,What do finance teams complain about most in NetSuite?,main,citations,https://www.trustradius.com/products/netsuite-erp/reviews?utm_source=chatgpt.com,trustradius.com,,chatgpt.com
chatgpt,Do four day work weeks actually work for companies that tried them?,main,citations,https://www.sociology.cam.ac.uk/news/new-results-worlds-largest-trial-four-day-working-week?utm_source=chatgpt.com,sociology.cam.ac.uk,,chatgpt.com
chatgpt,Do four day work weeks actually work for companies that tried them?,main,citations,https://autonomy.work/portfolio/making-it-stick/?utm_source=chatgpt.com,autonomy.work,,chatgpt.com
chatgpt,Do four day work weeks actually work for companies that tried them?,main,citations,https://www.wired.com/story/iceland-four-day-work-week/?utm_source=chatgpt.com,wired.com,,chatgpt.com
chatgpt,Do four day work weeks actually work for companies that tried them?,main,citations,https://www.theguardian.com/technology/2019/nov/04/microsoft-japan-four-day-work-week-productivity?utm_source=chatgpt.com,theguardian.com,,chatgpt.com
chatgpt,Is it a bad idea to go back to a former employer?,main,citations,https://online.usc.edu/news/what-is-boomerang-employee-pros-cons-returning-former-employer/?utm_source=chatgpt.com,online.usc.edu,,chatgpt.com
chatgpt,Is it a bad idea to go back to a former employer?,main,citations,https://www.psychologytoday.com/us/blog/cutting-edge-leadership/202310/why-would-workers-return-to-a-former-employer?utm_source=chatgpt.com,psychologytoday.com,,chatgpt.com
chatgpt,Is it a bad idea to go back to a former employer?,main,citations,https://www.shrm.org/topics-tools/news/managing-smart/welcome-back-boomerang-employees?utm_source=chatgpt.com,shrm.org,,chatgpt.com
chatgpt,Do support teams prefer Zendesk or Intercom in practice?,main,citations,https://www.reddit.com/r/automation/comments/1ncdps6/zendesk_vs_intercom/?utm_source=chatgpt.com,reddit.com,,chatgpt.com
chatgpt,Do support teams prefer Zendesk or Intercom in practice?,main,citations,https://www.g2.com/products/zendesk-for-customer-service/reviews?utm_source=chatgpt.com,g2.com,,chatgpt.com
chatgpt,What do remote workers say helps most against burnout?,main,citations,https://www.frontiersin.org/journals/psychology/articles/10.3389/fpsyg.2026.1730559/full?utm_source=chatgpt.com,frontiersin.org,,chatgpt.com
chatgpt,What do remote workers say helps most against burnout?,main,citations,https://futureforum.com/research/future-forum-pulse-winter-2022-2023-snapshot/?utm_source=chatgpt.com,futureforum.com,,chatgpt.com
chatgpt,What do remote workers say helps most against burnout?,main,citations,https://www.gallup.com/workplace/316313/understanding-and-managing-remote-workers.aspx?utm_source=chatgpt.com,gallup.com,,chatgpt.com
chatgpt,What do remote workers say helps most against burnout?,main,citations,https://weworkremotely.com/welcome-to-we-work-remotely-s-state-of-remote-work-report-2025?utm_source=chatgpt.com,weworkremotely.com,,chatgpt.com
chatgpt,What do remote workers say helps most against burnout?,main,citations,https://news.gallup.com/poll/355907/remote-work-persisting-trending-permanent.aspx?utm_source=chatgpt.com,news.gallup.com,,chatgpt.com
chatgpt,What do remote workers say helps most against burnout?,main,citations,https://www.coworkingcafe.com/blog/remote-work-well-being-survey-2026/?utm_source=chatgpt.com,coworkingcafe.com,,chatgpt.com
chatgpt,Do referrals actually matter as much as people claim?,main,citations,https://www.newyorkfed.org/research/staff_reports/sr568.pdf?utm_source=chatgpt.com,newyorkfed.org,,chatgpt.com
chatgpt,Do referrals actually matter as much as people claim?,main,citations,https://business.columbia.edu/faculty/research/value-hiring-through-employee-referrals?utm_source=chatgpt.com,business.columbia.edu,,chatgpt.com
chatgpt,Do referrals actually matter as much as people claim?,main,citations,https://www.sciencedirect.com/science/article/pii/S0927537124000691?utm_source=chatgpt.com,sciencedirect.com,,chatgpt.com
chatgpt,Do referrals actually matter as much as people claim?,main,citations,https://www.ashbyhq.com/talent-trends-report/reports/referrals?utm_source=chatgpt.com,ashbyhq.com,,chatgpt.com
chatgpt,How long does a typical corporate hiring process take in 2026?,main,citations,https://www.shrm.org/topics-tools/research/recruiting-benchmarking?utm_source=chatgpt.com,shrm.org,,chatgpt.com
chatgpt,How long does a typical corporate hiring process take in 2026?,main,citations,https://www.hr-now.co.uk/article/143467/shrm-benchmarking-report?utm_source=chatgpt.com,hr-now.co.uk,,chatgpt.com
chatgpt,"Can Notion replace Confluence for engineering docs, according to teams that tried?",main,citations,https://www.reddit.com/r/Notion/comments/1rztnhw/we_replaced_our_terrible_confluence_wiki_with/?utm_source=chatgpt.com,reddit.com,,chatgpt.com
chatgpt,"Can Notion replace Confluence for engineering docs, according to teams that tried?",main,citations,https://www.notion.com/customers/dojo?utm_source=chatgpt.com,notion.com,,chatgpt.com
chatgpt,What do people regret most about switching careers in their 30s?,main,citations,https://www.online.drexel.edu/news/changing-careers-after-30.aspx?utm_source=chatgpt.com,online.drexel.edu,,chatgpt.com
chatgpt,What do people regret most about switching careers in their 30s?,main,citations,https://www.sciencedirect.com/science/article/pii/0001879180900524?utm_source=chatgpt.com,sciencedirect.com,,chatgpt.com
chatgpt,What do people regret most about switching careers in their 30s?,main,citations,https://www.cpapracticeadvisor.com/2026/02/16/new-data-reveals-which-career-mistakes-haunt-workers-the-most/178179/?utm_source=chatgpt.com,cpapracticeadvisor.com,,chatgpt.com
chatgpt,What do people regret most about switching careers in their 30s?,main,citations,https://www.ciphr.com/infographics/workers-share-their-biggest-career-regrets?utm_source=chatgpt.com,ciphr.com,,chatgpt.com
chatgpt,What does SOC 2 compliance actually certify?,main,citations,https://www.aicpa-cima.com/topic/audit-assurance/audit-and-assurance-greater-than-soc-2/?utm_source=chatgpt.com,aicpa-cima.com,,chatgpt.com
chatgpt,What does SOC 2 compliance actually certify?,main,citations,https://www.aicpa.com/resources/article/get-mappings-relevant-to-the-soc-suite-of-services?utm_source=chatgpt.com,aicpa.com,,chatgpt.com
chatgpt,How do teams actually feel about async standups replacing meetings?,main,citations,https://www.sciencedirect.com/science/article/pii/S0164121216000066?utm_source=chatgpt.com,sciencedirect.com,,chatgpt.com
chatgpt,How do teams actually feel about async standups replacing meetings?,main,citations,https://link.springer.com/chapter/10.1007/978-3-319-57633-6_20?utm_source=chatgpt.com,link.springer.com,,chatgpt.com
chatgpt,How do teams actually feel about async standups replacing meetings?,main,citations,https://about.gitlab.com/blog/the-remote-manifesto/?utm_source=chatgpt.com,about.gitlab.com,,chatgpt.com
chatgpt,How do teams actually feel about async standups replacing meetings?,main,citations,https://www.atlassian.com/blog/workplace-woes-meetings?utm_source=chatgpt.com,atlassian.com,,chatgpt.com
chatgpt,How do teams actually feel about async standups replacing meetings?,main,citations,https://www.salesforce.com/blog/meeting-fatigue/?bc=OTH&utm_source=chatgpt.com,salesforce.com,,chatgpt.com
chatgpt,What do people wish they knew before accepting a director role?,main,citations,https://www.cio.com/article/276812/cio-role-what-i-wish-i-knew-before-i-became-cio.html?utm_source=chatgpt.com,cio.com,,chatgpt.com
chatgpt,What do people wish they knew before accepting a director role?,main,citations,https://www.reddit.com/r/Leadership/comments/1rzfexz/whats_the_one_thing_you_wish_you_knew_before_your/?utm_source=chatgpt.com,reddit.com,,chatgpt.com
chatgpt,What do people wish they knew before accepting a director role?,main,citations,https://www.fsae.org/news/what-i-wish-i-knew-before-becoming-a-manager?utm_source=chatgpt.com,fsae.org,,chatgpt.com
chatgpt,What do people wish they knew before accepting a director role?,main,citations,https://www.fastcompany.com/1681805/from-creator-to-leader-lessons-from-diablo-cody-first-time-director?utm_source=chatgpt.com,fastcompany.com,,chatgpt.com
chatgpt,What do people wish they knew before accepting a director role?,main,citations,https://www.linkedin.com/pulse/leadership-what-i-wish-knew-before-started-jeremy-haggard-g2vqc?utm_source=chatgpt.com,linkedin.com,pulse,chatgpt.com
chatgpt,Do counteroffers from a current employer ever end well?,main,citations,https://www.roberthalf.com/au/en/about/press/the-rise-and-risk-of-counteroffer-culture?utm_source=chatgpt.com,roberthalf.com,,chatgpt.com
chatgpt,Do counteroffers from a current employer ever end well?,main,citations,https://counteroffer.ai/use-cases/employer-counteroffer?utm_source=chatgpt.com,counteroffer.ai,,chatgpt.com
chatgpt,Do counteroffers from a current employer ever end well?,main,citations,https://hbr.org/podcast/2019/04/counteroffers?utm_source=chatgpt.com,hbr.org,,chatgpt.com
chatgpt,Do counteroffers from a current employer ever end well?,main,citations,https://www.shrm.org/topics-tools/news/benefits-compensation/pros-cons-counteroffers?utm_source=chatgpt.com,shrm.org,,chatgpt.com
chatgpt,What does the Series 7 exam allow you to do?,main,citations,https://www.finra.org/registration-exams-ce/qualification-exams/permitted-activities-registered-representatives?utm_source=chatgpt.com,finra.org,,chatgpt.com
chatgpt,Is relocating for a promotion usually worth it?,main,citations,https://www.consumeraffairs.com/movers/is-relocating-for-a-job-worth-it.html?utm_source=chatgpt.com,consumeraffairs.com,,chatgpt.com
chatgpt,Is relocating for a promotion usually worth it?,main,citations,https://www.indeed.com/career-advice/starting-new-job/relocation?utm_source=chatgpt.com,indeed.com,,chatgpt.com
chatgpt,Is relocating for a promotion usually worth it?,main,citations,https://online.se.edu/programs/business/mba/relocating-work-costs-challenges-study/?utm_source=chatgpt.com,online.se.edu,,chatgpt.com
chatgpt,What skills do data engineering roles require in 2026?,main,citations,https://interviewstack.io/blog/data-engineer-skills-companies-want-2026?utm_source=chatgpt.com,interviewstack.io,,chatgpt.com
chatgpt,What skills do data engineering roles require in 2026?,main,citations,https://kitejobs.ai/reports/data-engineer?utm_source=chatgpt.com,kitejobs.ai,,chatgpt.com
chatgpt,What skills do data engineering roles require in 2026?,main,citations,https://skillenai.com/data/skill/dbt?utm_source=chatgpt.com,skillenai.com,,chatgpt.com
chatgpt,What skills do data engineering roles require in 2026?,main,citations,https://myapplicationtracker.app/blog/data-engineering-skills-q1-2026?utm_source=chatgpt.com,myapplicationtracker.app,,chatgpt.com
chatgpt,What skills do data engineering roles require in 2026?,main,citations,https://www.getdbt.com/resources/state-of-analytics-engineering-2026?utm_source=chatgpt.com,getdbt.com,,chatgpt.com
chatgpt,What skills do data engineering roles require in 2026?,main,citations,https://www.dataquest.io/blog/data-engineering-skills/?utm_source=chatgpt.com,dataquest.io,,chatgpt.com
chatgpt,What is the average merit increase budget for 2026?,main,citations,https://www.imercer.com/articleinsights/2026-increase-budgets?utm_source=chatgpt.com,imercer.com,,chatgpt.com
chatgpt,What is the average merit increase budget for 2026?,main,citations,https://worldatwork.org/publications/workspan-daily/mercer-forecasts-3-5-total-salary-increase-budgets-for-2026?utm_source=chatgpt.com,worldatwork.org,,chatgpt.com
chatgpt,What do recruiters actually think of one page resumes?,main,citations,https://www.indeed.com/career-advice/resumes-cover-letters/how-to-write-one-page-resume?utm_source=chatgpt.com,indeed.com,,chatgpt.com
chatgpt,What do recruiters actually think of one page resumes?,main,citations,https://www.linkedin.com/pulse/what-resume-length-do-recruiters-prefer-ed-herzog-qhfqe?utm_source=chatgpt.com,linkedin.com,pulse,chatgpt.com
chatgpt,What do recruiters actually think of one page resumes?,main,citations,https://www.monster.com/career-advice/resume/one-page-vs-two-page-resume?utm_source=chatgpt.com,monster.com,,chatgpt.com
chatgpt,Is job hopping every two years still frowned upon?,main,citations,https://www.bls.gov/news.release/tenure.htm?utm_source=chatgpt.com,bls.gov,,chatgpt.com
chatgpt,Is job hopping every two years still frowned upon?,main,citations,https://hbr.org/2026/07/the-case-for-hiring-job-hoppers?utm_source=chatgpt.com,hbr.org,,chatgpt.com
chatgpt,Is job hopping every two years still frowned upon?,main,citations,https://www.askamanager.org/2025/07/can-staying-too-long-at-one-job-hurt-you-when-youre-job-searching.html?utm_source=chatgpt.com,askamanager.org,,chatgpt.com
chatgpt,What do RevOps people think of Clay for outbound prospecting?,main,citations,https://www.clay.com/customers/open-ai?utm_source=chatgpt.com,clay.com,,chatgpt.com
chatgpt,What do RevOps people think of Clay for outbound prospecting?,main,citations,https://www.reddit.com/r/coldemail/comments/1gaihfe/is_clay_really_worth_it/?utm_source=chatgpt.com,reddit.com,,chatgpt.com
chatgpt,What do RevOps people think of Clay for outbound prospecting?,main,citations,https://www.g2.com/sellers/clay-com?utm_source=chatgpt.com,g2.com,,chatgpt.com
chatgpt,How do employee stock purchase plans work?,main,citations,https://www.irs.gov/faqs/capital-gains-losses-and-sale-of-home/stocks-options-splits-traders/stocks-options-splits-traders-4?utm_source=chatgpt.com,irs.gov,,chatgpt.com
chatgpt,How do applicant tracking systems rank resumes?,main,citations,https://www.indeed.com/career-advice/career-development/what-are-applicant-tracking-systems?utm_source=chatgpt.com,indeed.com,,chatgpt.com
chatgpt,What is the difference between ARR and bookings?,main,citations,https://stripe.com/in/resources/more/bookings-vs-arr-explained-what-each-is-and-how-businesses-should-use-both?utm_source=chatgpt.com,stripe.com,,chatgpt.com
chatgpt,What is the difference between ARR and bookings?,main,citations,https://www.saasmetricsboard.com/_files/ugd/2a084b_e3cb81ffdf11473e9dc5ee32fd93dbb6.pdf?utm_source=chatgpt.com,saasmetricsboard.com,,chatgpt.com
chatgpt,What is the difference between a scrum master and a product owner?,main,citations,https://scrumguides.org/scrum-guide.html?utm_source=chatgpt.com,scrumguides.org,,chatgpt.com
chatgpt,Do hiring managers care about cover letters anymore?,main,citations,https://www.forbes.com/sites/carolinecenizalevine/2026/06/14/do-cover-letters-still-matter-6-recruiters-weigh-in/?utm_source=chatgpt.com,forbes.com,,chatgpt.com
chatgpt,Do hiring managers care about cover letters anymore?,main,citations,https://www.linkedin.com/news/story/why-companies-see-no-need-for-cover-letters-anymore-8928810/?utm_source=chatgpt.com,linkedin.com,other,chatgpt.com
chatgpt,Do hiring managers care about cover letters anymore?,main,citations,https://novoresume.com/career-blog/hr-survey?utm_source=chatgpt.com,novoresume.com,,chatgpt.com
chatgpt,Is hot desking as unpopular as it sounds?,main,citations,https://pubmed.ncbi.nlm.nih.gov/41378504/?utm_source=chatgpt.com,pubmed.ncbi.nlm.nih.gov,,chatgpt.com
chatgpt,Is hot desking as unpopular as it sounds?,main,citations,https://pro.morningconsult.com/articles/office-worker-survey?utm_source=chatgpt.com,pro.morningconsult.com,,chatgpt.com
chatgpt,Is hot desking as unpopular as it sounds?,main,citations,https://onlinelibrary.wiley.com/doi/full/10.1111/irj.12415?utm_source=chatgpt.com,onlinelibrary.wiley.com,,chatgpt.com
chatgpt,Is hot desking as unpopular as it sounds?,main,citations,https://www.cbre.com/insights/reports/2025-americas-office-occupier-sentiment-survey?linkId=851433006&utm_source=chatgpt.com,cbre.com,,chatgpt.com
chatgpt,Is hot desking as unpopular as it sounds?,main,citations,https://workplaceunlimited.com/Office%20Preferences%20Full%20Report%20v1.1.pdf?utm_source=chatgpt.com,workplaceunlimited.com,,chatgpt.com
chatgpt,What do managers really think when an employee asks for a raise?,main,citations,https://hbr.org/2016/02/how-to-respond-when-your-employee-asks-for-a-raise?utm_source=chatgpt.com,hbr.org,,chatgpt.com
chatgpt,What do managers really think when an employee asks for a raise?,main,citations,https://www.indeed.com/career-advice/pay-salary/guide-how-to-ask-for-a-raise?utm_source=chatgpt.com,indeed.com,,chatgpt.com
chatgpt,How do companies decide the level of an external hire?,main,citations,https://github.com/sourcegraph/handbook/blob/main/content/benefits-pay-perks/pay-expenses/compensation/leveling-guide.md?utm_source=chatgpt.com,github.com,,chatgpt.com
chatgpt,How do companies decide the level of an external hire?,main,citations,https://www.holloway.com/g/technical-recruiting-hiring/sections/mapping-compensation-to-job-levels?utm_source=chatgpt.com,holloway.com,,chatgpt.com
chatgpt,How do companies decide the level of an external hire?,main,citations,https://www.levels.fyi/reports/archive/guides/Levels.fyi%20Compensation%20Data%20Guide.pdf?utm_source=chatgpt.com,levels.fyi,,chatgpt.com
chatgpt,How do companies decide the level of an external hire?,main,citations,https://www.ashbyhq.com/blog/engineering/leveling-and-compensation?utm_source=chatgpt.com,ashbyhq.com,,chatgpt.com
chatgpt,How do companies decide the level of an external hire?,main,citations,https://cardinalatwork.stanford.edu/manager-toolkit/recognize/base-pay-administration/pay-guidelines-external-hires?utm_source=chatgpt.com,cardinalatwork.stanford.edu,,chatgpt.com
chatgpt,How do companies decide the level of an external hire?,main,citations,https://www.businessinsider.com/downleveled-tech-coding-job-offers-on-rise-former-meta-manager-2025-4?utm_source=chatgpt.com,businessinsider.com,,chatgpt.com
chatgpt,"What equity is realistic at a Series B startup, according to people who negotiated it?",main,citations,https://www.levels.fyi/community/thread/tqRUtw/expected-equity-at-series-bc-startup?utm_source=chatgpt.com,levels.fyi,,chatgpt.com
chatgpt,"What equity is realistic at a Series B startup, according to people who negotiated it?",main,citations,https://www.reddit.com/r/UXDesign/comments/1rgb99i/what_equity_are_series_b_startups_giving_out/?utm_source=chatgpt.com,reddit.com,,chatgpt.com
chatgpt,Do recruiting teams like Greenhouse or Lever better?,main,citations,https://www.greenhouse.com/compare?utm_source=chatgpt.com,greenhouse.com,,chatgpt.com
chatgpt,Do recruiting teams like Greenhouse or Lever better?,main,citations,https://www.lever.co/?utm_source=chatgpt.com,lever.co,,chatgpt.com
chatgpt,What do interviewers say are instant red flags in candidates?,main,citations,https://www.shrm.org/in/topics-tools/news/talent-acquisition/warning-signs-recruiters-reveal-biggest-turnoffs?utm_source=chatgpt.com,shrm.org,,chatgpt.com
chatgpt,What do interviewers say are instant red flags in candidates?,main,citations,https://www.physicianleaders.org/articles/4-interview-red-flags-hiring-managers-say-concern-them-most?utm_source=chatgpt.com,physicianleaders.org,,chatgpt.com
chatgpt,What do interviewers say are instant red flags in candidates?,main,citations,https://www.forbes.com/sites/markmurphy/2026/07/26/how-to-spot-toxic-candidates-in-a-job-interview/?utm_source=chatgpt.com,forbes.com,,chatgpt.com
chatgpt,What do interviewers say are instant red flags in candidates?,main,citations,https://www.indeed.com/career-advice/interviewing/what-to-look-for-in-an-interview?utm_source=chatgpt.com,indeed.com,,chatgpt.com
chatgpt,What do interviewers say are instant red flags in candidates?,main,citations,https://www.linkedin.com/pulse/biggest-red-flags-interviews-what-hiring-managers-really-fogarty-i1iof?utm_source=chatgpt.com,linkedin.com,pulse,chatgpt.com
chatgpt,What background checks do employers actually run?,main,citations,https://www.eeoc.gov/laws/guidance/background-checks-what-employers-need-know?utm_source=chatgpt.com,eeoc.gov,,chatgpt.com
chatgpt,What background checks do employers actually run?,main,citations,https://consumer.ftc.gov/articles/employer-background-checks-and-your-rights?utm_source=chatgpt.com,consumer.ftc.gov,,chatgpt.com
chatgpt,What background checks do employers actually run?,main,citations,https://www.ftc.gov/media/79930?utm_source=chatgpt.com,ftc.gov,,chatgpt.com
chatgpt,How do SSO and SCIM provisioning work in enterprise software?,main,citations,https://learn.microsoft.com/en-us/entra/identity/enterprise-apps/understand-microsoft-sso-model?utm_source=chatgpt.com,learn.microsoft.com,,chatgpt.com
chatgpt,How do SSO and SCIM provisioning work in enterprise software?,main,citations,https://www.rfc-editor.org/info/rfc7644/?utm_source=chatgpt.com,rfc-editor.org,,chatgpt.com
chatgpt,How do SSO and SCIM provisioning work in enterprise software?,main,citations,https://datatracker.ietf.org/doc/html/rfc7644?utm_source=chatgpt.com,datatracker.ietf.org,,chatgpt.com
chatgpt,How long does it take to get a CPA license?,main,citations,https://nasba.org/licensure/gettingacpalicense/howtogetlicensed/?utm_source=chatgpt.com,nasba.org,,chatgpt.com
chatgpt,How long does it take to get a CPA license?,main,citations,https://www.njcpa.org/build-career/become-a-cpa/faqs?utm_source=chatgpt.com,njcpa.org,,chatgpt.com
chatgpt,What do people say actually worked when negotiating a senior offer?,main,citations,https://dev.pon.harvard.edu/daily/salary-negotiations/how-to-negotiate-a-higher-salary-after-a-job-offer/?utm_source=chatgpt.com,dev.pon.harvard.edu,,chatgpt.com
chatgpt,What do people say actually worked when negotiating a senior offer?,main,citations,https://www.levels.fyi/community/thread/NINcn0/salary-negotiation-help-requested-for-upcoming-full-time-conversion?utm_source=chatgpt.com,levels.fyi,,chatgpt.com
chatgpt,What do people say actually worked when negotiating a senior offer?,main,citations,https://www.pon.harvard.edu/daily/salary-negotiations/how-to-negotiate-a-higher-salary-after-a-job-offer/?utm_source=chatgpt.com,pon.harvard.edu,,chatgpt.com
chatgpt,What do people say actually worked when negotiating a senior offer?,main,citations,https://www.reddit.com/r/levels_fyi/comments/1o1rlu3?utm_source=chatgpt.com,reddit.com,,chatgpt.com
chatgpt,What is the difference between a data warehouse and a data lake?,main,citations,https://aws.amazon.com/compare/the-difference-between-a-data-warehouse-data-lake-and-data-mart/?utm_source=chatgpt.com,aws.amazon.com,,chatgpt.com
chatgpt,What is the difference between a data warehouse and a data lake?,main,citations,https://docs.aws.amazon.com/whitepapers/latest/data-warehousing-on-aws/data-storage.html?utm_source=chatgpt.com,docs.aws.amazon.com,,chatgpt.com
chatgpt,What do people regret about accepting their last job offer?,main,citations,https://www.ziprecruiter-research.org/economic-insights-research/new-hire-survey-2025-q4?utm_source=chatgpt.com,ziprecruiter-research.org,,chatgpt.com
chatgpt,What do people regret about accepting their last job offer?,main,citations,https://www.forbes.com/sites/carolinecastrillon/2026/07/12/7-job-offer-red-flags-to-watch-for-before-saying-yes/?ss=employee-and-customer-experience&utm_source=chatgpt.com,forbes.com,,chatgpt.com
chatgpt,What do people regret about accepting their last job offer?,main,citations,https://www.gallup.com/467702/indicator-employee-retention-attraction.aspx?utm_source=chatgpt.com,gallup.com,,chatgpt.com
chatgpt,What do people regret about accepting their last job offer?,main,citations,https://www.conference-board.org/press/job-satisfaction-2024?utm_source=chatgpt.com,conference-board.org,,chatgpt.com
chatgpt,What do people regret about accepting their last job offer?,main,citations,https://www.businessinsider.com/how-ex-big-tech-manager-left-50000-table-do-differently-2025-8?utm_source=chatgpt.com,businessinsider.com,,chatgpt.com
chatgpt,What do people regret about accepting their last job offer?,main,citations,https://www.reddit.com/r/jobs/comments/1rr3z37/i_regret_accepting_my_new_job/?utm_source=chatgpt.com,reddit.com,,chatgpt.com
chatgpt,What do managers say makes one on ones actually useful?,main,citations,https://hbr.org/podcast/2024/01/supercharge-your-one-on-one-meetings?utm_source=chatgpt.com,hbr.org,,chatgpt.com
chatgpt,What do managers say makes one on ones actually useful?,main,citations,https://hr.web.baylor.edu/news/story/2023/manager-best-practices-one-one-meetings?utm_source=chatgpt.com,hr.web.baylor.edu,,chatgpt.com
chatgpt,What do managers say makes one on ones actually useful?,main,citations,https://www.adp.com/resources/articles-and-insights/articles/o/one-on-one-with-manager.aspx?utm_source=chatgpt.com,adp.com,,chatgpt.com
chatgpt,What do managers say makes one on ones actually useful?,main,citations,https://handbook.tts.gsa.gov/18f/how-18f-works/one-on-ones/?utm_source=chatgpt.com,handbook.tts.gsa.gov,,chatgpt.com
chatgpt,What do managers say makes one on ones actually useful?,main,citations,https://www.strengthify.com/guides/practical-guides/how-to-make-11s-more-effective-for-managers?utm_source=chatgpt.com,strengthify.com,,chatgpt.com
chatgpt,What do managers say makes one on ones actually useful?,main,citations,https://www.physicianleaders.org/articles/make-the-most-of-your-one-on-one-meetings?utm_source=chatgpt.com,physicianleaders.org,,chatgpt.com
chatgpt,What is it actually like to move from IC to engineering manager?,main,citations,https://www.builtincolorado.com/articles/transition-individual-contributor-engineering-manager?utm_source=chatgpt.com,builtincolorado.com,,chatgpt.com
chatgpt,What is it actually like to move from IC to engineering manager?,main,citations,https://www.tryexponent.com/blog/transitioning-from-software-engineer-to-engineering-manager?utm_source=chatgpt.com,tryexponent.com,,chatgpt.com
chatgpt,What is it actually like to move from IC to engineering manager?,main,citations,https://www.builtinchicago.org/articles/how-transition-individual-contributor-engineering-manager?utm_source=chatgpt.com,builtinchicago.org,,chatgpt.com
chatgpt,What is it actually like to move from IC to engineering manager?,main,citations,https://stackoverflow.blog/2022/02/23/what-you-give-up-when-moving-into-engineering-management/?utm_source=chatgpt.com,stackoverflow.blog,,chatgpt.com
chatgpt,What is it actually like to move from IC to engineering manager?,main,citations,https://handbook.gitlab.com/handbook/engineering/careers/ic-leadership/tech-lead/?utm_source=chatgpt.com,handbook.gitlab.com,,chatgpt.com
chatgpt,"Is Asana or Monday better for a marketing team, according to users?",main,citations,https://www.g2.com/compare/asana-vs-monday-com?utm_source=chatgpt.com,g2.com,,chatgpt.com
chatgpt,"Is Asana or Monday better for a marketing team, according to users?",main,citations,https://www.capterra.com/compare/147657-184581/monday-com-vs-Asana-PM?utm_source=chatgpt.com,capterra.com,,chatgpt.com
chatgpt,"Is Asana or Monday better for a marketing team, according to users?",main,citations,https://learn.g2.com/asana-vs-monday?utm_source=chatgpt.com,learn.g2.com,,chatgpt.com
chatgpt,"Is Asana or Monday better for a marketing team, according to users?",main,citations,https://www.reddit.com/r/G2dotcom/comments/1qpehya/asana_vs_monday_which_one_actually_holds_up/?utm_source=chatgpt.com,reddit.com,,chatgpt.com
chatgpt,How do panel interviews differ from sequential interviews?,main,citations,https://hr.ucdavis.edu/departments/learning/toolkits/career-dev/action/interview-types?utm_source=chatgpt.com,hr.ucdavis.edu,,chatgpt.com
chatgpt,How do panel interviews differ from sequential interviews?,main,citations,https://www.hr.vt.edu/hiring-employee-transactions/hire/resources/interview-types.html?utm_source=chatgpt.com,hr.vt.edu,,chatgpt.com
chatgpt,What is salary banding and how do companies set it?,main,citations,https://www.shrm.org/topics-tools/news/benefits-compensation/salary-structures-creating-competitive-equitable-pay-levels?utm_source=chatgpt.com,shrm.org,,chatgpt.com
chatgpt,What is salary banding and how do companies set it?,main,citations,https://www.mercer.com/en-us/insights/total-rewards/compensation/from-reference-points-to-bands-which-is-best-for-my-organization/?utm_source=chatgpt.com,mercer.com,,chatgpt.com
chatgpt,How is total compensation structured at large tech companies?,main,citations,https://www.sec.gov/Archives/edgar/data/1326801/000162828026025532/meta-20260416.htm?utm_source=chatgpt.com,sec.gov,,chatgpt.com
chatgpt,How is total compensation structured at large tech companies?,main,citations,https://www.careerclimb.app/blog/what-total-comp-looks-like-at-each-level?utm_source=chatgpt.com,careerclimb.app,,chatgpt.com
chatgpt,"Do open plan offices really kill productivity, according to people who work in them?",main,citations,https://pmc.ncbi.nlm.nih.gov/articles/PMC6351961/?utm_source=chatgpt.com,pmc.ncbi.nlm.nih.gov,,chatgpt.com
chatgpt,"Do open plan offices really kill productivity, according to people who work in them?",main,citations,https://www.frontiersin.org/journals/psychology/articles/10.3389/fpsyg.2018.02178/full?utm_source=chatgpt.com,frontiersin.org,,chatgpt.com
chatgpt,"Do open plan offices really kill productivity, according to people who work in them?",main,citations,https://journals.sagepub.com/doi/10.1177/2158244020988869?utm_source=chatgpt.com,journals.sagepub.com,,chatgpt.com
chatgpt,"Do open plan offices really kill productivity, according to people who work in them?",main,citations,https://hbr.org/podcast/2019/10/why-open-offices-arent-working-and-how-to-fix-them?utm_source=chatgpt.com,hbr.org,,chatgpt.com
chatgpt,"Do open plan offices really kill productivity, according to people who work in them?",main,citations,https://www.sciencedirect.com/science/article/pii/S0272494418301828?utm_source=chatgpt.com,sciencedirect.com,,chatgpt.com
chatgpt,Is it worth taking a pay cut to join an early stage startup?,main,citations,https://carta.com/data/linkedin-early-startup-employee-equity-risk/?utm_source=chatgpt.com,carta.com,,chatgpt.com
chatgpt,What do consultants say about leaving consulting for industry?,main,citations,https://www.reddit.com/r/consulting/comments/1aqr052/former_mbb_consultants_did_your_exit/?utm_source=chatgpt.com,reddit.com,,chatgpt.com
chatgpt,What do consultants say about leaving consulting for industry?,main,citations,https://www.glassdoor.sg/Community/consulting/pros-and-cons-of-moving-to-industry-from-consulting-any-pointers-what-should-i-be-prepared-or-expect-in-terms-of-pay-package-and?utm_source=chatgpt.com,glassdoor.sg,,chatgpt.com
chatgpt,What do consultants say about leaving consulting for industry?,main,citations,https://www.businessinsider.com/consulting-race-to-become-ai-native-tech-first-2026-8?utm_source=chatgpt.com,businessinsider.com,,chatgpt.com
chatgpt,Is it smart to reveal your current salary in a negotiation?,main,citations,https://hbr.org/tip/2020/08/dont-ask-job-candidates-for-a-salary-history?utm_source=chatgpt.com,hbr.org,,chatgpt.com
chatgpt,Is it smart to reveal your current salary in a negotiation?,main,citations,https://www.indeed.com/career-advice/pay-salary/providing-salary-history?utm_source=chatgpt.com,indeed.com,,chatgpt.com
chatgpt,Is it smart to reveal your current salary in a negotiation?,main,citations,https://www.findlaw.com/legalblogs/law-and-life/can-employers-legally-ask-about-your-current-or-previous-salary-2/?utm_source=chatgpt.com,findlaw.com,,chatgpt.com
chatgpt,How do hiring managers really view career breaks in 2026?,main,citations,https://www.livecareer.com/resources/careers/employment-gaps?utm_source=chatgpt.com,livecareer.com,,chatgpt.com
chatgpt,How do hiring managers really view career breaks in 2026?,main,citations,https://www.sciencedirect.com/science/article/pii/S0927537126000321?utm_source=chatgpt.com,sciencedirect.com,,chatgpt.com
chatgpt,How do hiring managers really view career breaks in 2026?,main,citations,https://www.nature.com/articles/s41562-022-01485-6?utm_source=chatgpt.com,nature.com,,chatgpt.com
chatgpt,How do hiring managers really view career breaks in 2026?,main,citations,https://www.theguardian.com/technology/2026/aug/19/ai-hiring-tools-discrimination?utm_source=chatgpt.com,theguardian.com,,chatgpt.com
chatgpt,How do hiring managers really view career breaks in 2026?,main,citations,https://www.criteriacorp.com/blog/lhra-key-takeaways-resume-trust-gap?utm_source=chatgpt.com,criteriacorp.com,,chatgpt.com
chatgpt,How do cost of living adjustments work for remote employees?,main,citations,https://www.shrm.org/topics-tools/news/benefits-compensation/geographic-pay-differentials-practices-managing-pay-locations?utm_source=chatgpt.com,shrm.org,,chatgpt.com
chatgpt,How do cost of living adjustments work for remote employees?,main,citations,https://worldatwork.org/about/press-room/simplifying-geographic-pay?utm_source=chatgpt.com,worldatwork.org,,chatgpt.com
chatgpt,How do cost of living adjustments work for remote employees?,main,citations,https://www.opm.gov/telework/tmo-and-coordinators/official-worksite/?utm_source=chatgpt.com,opm.gov,,chatgpt.com
chatgpt,How does a 30 60 90 day plan work for a new role?,main,citations,https://www.indeed.com/career-advice/starting-new-job/30-60-90-day-plan?utm_source=chatgpt.com,indeed.com,,chatgpt.com
chatgpt,How does a 30 60 90 day plan work for a new role?,main,citations,https://bestpracticeinstitute.org/guides/career-paths/30-60-90-day-plan?utm_source=chatgpt.com,bestpracticeinstitute.org,,chatgpt.com
chatgpt,How does a 30 60 90 day plan work for a new role?,main,citations,https://oe.ucdavis.edu/departments/learning/toolkits/onboarding/routine?utm_source=chatgpt.com,oe.ucdavis.edu,,chatgpt.com
chatgpt,"What makes a candidate memorable in a final round, according to interviewers?",main,citations,https://www.interviewpilot.app/blog/final-interview-questions-and-answers?utm_source=chatgpt.com,interviewpilot.app,,chatgpt.com
chatgpt,"What makes a candidate memorable in a final round, according to interviewers?",main,citations,https://www.fastcompany.com/40460751/im-a-hiring-manager-here-are-five-questions-i-always-ask-job-candidates?utm_source=chatgpt.com,fastcompany.com,,chatgpt.com
chatgpt,"What makes a candidate memorable in a final round, according to interviewers?",main,citations,https://www.hrcloud.com/resources/interview-questions/final-round-interview-questions?utm_source=chatgpt.com,hrcloud.com,,chatgpt.com
chatgpt,"What makes a candidate memorable in a final round, according to interviewers?",main,citations,https://www.integratedstaffing.ca/learn/how-to-stand-out-in-a-job-interview-what-recruiters-see-from-the-other-side-of-the-table?utm_source=chatgpt.com,integratedstaffing.ca,,chatgpt.com
chatgpt,"What makes a candidate memorable in a final round, according to interviewers?",main,citations,https://www.reddit.com/r/askrecruiters/comments/1ti6xvg/how_much_does_a_really_uniquespecific_question/?utm_source=chatgpt.com,reddit.com,,chatgpt.com
chatgpt,"What makes a candidate memorable in a final round, according to interviewers?",main,citations,https://www.themuse.com/advice/final-interview-questions?utm_source=chatgpt.com,themuse.com,,chatgpt.com
chatgpt,"What makes a candidate memorable in a final round, according to interviewers?",main,citations,https://www.indeed.com/career-advice/interviewing/how-to-end-an-interview?utm_source=chatgpt.com,indeed.com,,chatgpt.com
chatgpt,What is the difference between an exempt and non exempt employee?,main,citations,https://webapps.dol.gov/elaws/whd/flsa/overtime/jobs.htm?utm_source=chatgpt.com,webapps.dol.gov,,chatgpt.com
chatgpt,What is the difference between an exempt and non exempt employee?,main,citations,https://www.dol.gov/index.php/general/topic/workhours/overtime?utm_source=chatgpt.com,dol.gov,,chatgpt.com
chatgpt,What do marketers say about switching from Mailchimp to Klaviyo?,main,citations,https://www.alium.io/research/compare/klaviyo-vs-mailchimp?utm_source=chatgpt.com,alium.io,,chatgpt.com
chatgpt,What do marketers say about switching from Mailchimp to Klaviyo?,main,citations,https://learn.g2.com/klaviyo-vs-mailchimp?utm_source=chatgpt.com,learn.g2.com,,chatgpt.com
chatgpt,What do marketers say about switching from Mailchimp to Klaviyo?,main,citations,https://www.klaviyo.com/blog/5-brands-finding-success-by-canceling-mailchimp?utm_source=chatgpt.com,klaviyo.com,,chatgpt.com
chatgpt,What do marketers say about switching from Mailchimp to Klaviyo?,main,citations,https://www.reddit.com/r/Klaviyo/comments/1okpw6x?utm_source=chatgpt.com,reddit.com,,chatgpt.com
chatgpt,What do marketers say about switching from Mailchimp to Klaviyo?,main,citations,https://help.klaviyo.com/hc/en-us/articles/115005254948?utm_source=chatgpt.com,help.klaviyo.com,,chatgpt.com
chatgpt,What are the requirements for the PMP certification in 2026?,main,citations,https://www.pmi.org/certifications/project-management-pmp/new-exam/pilot-faqs?utm_source=chatgpt.com,pmi.org,,chatgpt.com
chatgpt,What does at will employment actually mean?,main,citations,https://www.usa.gov/termination-for-employers?utm_source=chatgpt.com,usa.gov,,chatgpt.com
chatgpt,What do sales teams actually think of HubSpot vs Salesforce?,main,citations,https://www.capterra.com/compare/61368-214215/Salesforce-vs-HubSpot-SalesHub?utm_source=chatgpt.com,capterra.com,,chatgpt.com
chatgpt,What do sales teams actually think of HubSpot vs Salesforce?,main,citations,https://technologyadvice.com/blog/sales/hubspot-vs-salesforce-comparisons-integrations/?utm_source=chatgpt.com,technologyadvice.com,,chatgpt.com
chatgpt,Is Gong worth the price according to revenue teams?,main,citations,https://www.g2.com/products/gong/reviews?utm_source=chatgpt.com,g2.com,,chatgpt.com
chatgpt,Is Gong worth the price according to revenue teams?,main,citations,https://www.gong.io/press/new-study-reveals-481-roi-in-gongs-revenue-intelligence-platform?utm_source=chatgpt.com,gong.io,,chatgpt.com
chatgpt,Is Gong worth the price according to revenue teams?,main,citations,https://prospeo.io/s/gong-alternatives?utm_source=chatgpt.com,prospeo.io,,chatgpt.com
chatgpt,Is Gong worth the price according to revenue teams?,main,citations,https://joinergo.com/blog/gong-alternatives?utm_source=chatgpt.com,joinergo.com,,chatgpt.com
chatgpt,Is Gong worth the price according to revenue teams?,main,citations,https://midcall.ai/en/blog/gong-alternatives?utm_source=chatgpt.com,midcall.ai,,chatgpt.com
chatgpt,Is Gong worth the price according to revenue teams?,main,citations,https://www.gartner.com/reviews/market/revenue-data-solutions/vendor/gong/product/gong/alternatives?utm_source=chatgpt.com,gartner.com,,chatgpt.com
chatgpt,What do agencies say about reporting in GA4 for clients?,main,citations,https://themarketingjuice.com/client-reporting-for-marketing-agencies/?utm_source=chatgpt.com,themarketingjuice.com,,chatgpt.com
chatgpt,What do agencies say about reporting in GA4 for clients?,main,citations,https://www.reportsmate.com/blog/ga4-report-template-for-agency-clients?utm_source=chatgpt.com,reportsmate.com,,chatgpt.com
chatgpt,What do agencies say about reporting in GA4 for clients?,main,citations,https://www.reddit.com/r/DigitalMarketing/comments/1rbqhlb/whats_the_industry_standard_for_monthly_client/?utm_source=chatgpt.com,reddit.com,,chatgpt.com
chatgpt,What do agencies say about reporting in GA4 for clients?,main,citations,https://support.google.com/analytics/answer/9317657?hl=en&utm_source=chatgpt.com,support.google.com,,chatgpt.com
chatgpt,What do agencies say about reporting in GA4 for clients?,main,citations,https://clickup.com/blog/how-agencies-can-standardize-reporting-for-clients/?utm_source=chatgpt.com,clickup.com,,chatgpt.com
chatgpt,What is garden leave and when does it apply?,main,citations,https://www.gov.uk/handing-in-your-notice/garden-leave?utm_source=chatgpt.com,gov.uk,,chatgpt.com
chatgpt,What is garden leave and when does it apply?,main,citations,https://content.next.westlaw.com/practical-law/document/I59dd0f6bef2a11e28578f7ccc38dcbee/Garden-Leave?contextData=%28sc.Default%29&transitionType=Default&viewType=FullText&utm_source=chatgpt.com,content.next.westlaw.com,,chatgpt.com
chatgpt,What is garden leave and when does it apply?,main,citations,https://www.acas.org.uk/notice-periods/when-an-employee-is-not-required-to-work-their-notice?utm_source=chatgpt.com,acas.org.uk,,chatgpt.com
chatgpt,What is garden leave and when does it apply?,main,citations,https://www.americanbar.org/groups/litigation/resources/newsletters/commercial-business/restrictive-covenants-employment-related-contracts/?utm_source=chatgpt.com,americanbar.org,,chatgpt.com
chatgpt,What is garden leave and when does it apply?,main,citations,https://www.flsenate.gov/Laws/Statutes/2026/542.44?utm_source=chatgpt.com,flsenate.gov,,chatgpt.com
chatgpt,What do people think of personality tests in hiring?,main,citations,https://www.sciencedirect.com/science/article/pii/S1053482206000179?utm_source=chatgpt.com,sciencedirect.com,,chatgpt.com
chatgpt,What do people think of personality tests in hiring?,main,citations,https://bpspsychub.onlinelibrary.wiley.com/doi/10.1111/joop.12465?utm_source=chatgpt.com,bpspsychub.onlinelibrary.wiley.com,,chatgpt.com
chatgpt,What do people think of personality tests in hiring?,main,citations,https://doi.org/10.1111/j.1468-2389.2006.00354.x?utm_source=chatgpt.com,doi.org,,chatgpt.com
chatgpt,What do people think of personality tests in hiring?,main,citations,https://www.opm.gov/policy-data-oversight/assessment-and-selection/other-assessment-methods/personality-tests/?utm_source=chatgpt.com,opm.gov,,chatgpt.com
chatgpt,What do people think of personality tests in hiring?,main,citations,https://onlinelibrary.wiley.com/doi/10.1111/j.1468-2389.2011.00531.x?utm_source=chatgpt.com,onlinelibrary.wiley.com,,chatgpt.com
chatgpt,What do people think of personality tests in hiring?,main,citations,https://www.siop.org/post/improving-hiring-decisions-9-insights-from-the-2025-siop-annual-conference/?utm_source=chatgpt.com,siop.org,,chatgpt.com
chatgpt,What do employees say about AI tools being pushed at work?,main,citations,https://www.reddit.com/r/ExperiencedDevs/comments/1kd84pr/are_ai_tools_now_mandatory_in_most_companies/?utm_source=chatgpt.com,reddit.com,,chatgpt.com
chatgpt,What do employees say about AI tools being pushed at work?,main,citations,https://www.gallup.com/workplace/691643/work-nearly-doubled-two-years.aspx?utm_source=chatgpt.com,gallup.com,,chatgpt.com
chatgpt,What do employees say about AI tools being pushed at work?,main,citations,https://www.expresscomputer.in/news/ai-is-delivering-roi-in-itsm-but-not-yet-reducing-the-workload/137935/?utm_source=chatgpt.com,expresscomputer.in,,chatgpt.com
chatgpt,What do employees say about AI tools being pushed at work?,main,citations,https://www.wsj.com/lifestyle/workplace/how-to-outsmart-ai-when-its-tracking-your-workday-3ad6907e?utm_source=chatgpt.com,wsj.com,,chatgpt.com
chatgpt,How are sales commissions typically structured for SaaS account executives?,main,citations,https://allstonlabs.com/library/sales-motion/ae-compensation?utm_source=chatgpt.com,allstonlabs.com,,chatgpt.com
chatgpt,How are sales commissions typically structured for SaaS account executives?,main,citations,https://legalclarity.org/software-sales-commission-agreement-what-to-include/?utm_source=chatgpt.com,legalclarity.org,,chatgpt.com
chatgpt,How are sales commissions typically structured for SaaS account executives?,main,citations,https://journey.quotapath.com/hubfs/Documents/quotapath_2023-sales-compensation-trends.pdf?utm_source=chatgpt.com,journey.quotapath.com,,chatgpt.com
chatgpt,How are sales commissions typically structured for SaaS account executives?,main,citations,https://www.performio.co/hubfs/Downloads/Performio-Ebook-SalesCompensationForSaaS.pdf?utm_source=chatgpt.com,performio.co,,chatgpt.com
chatgpt,How are sales commissions typically structured for SaaS account executives?,main,citations,https://www.visdum.com/term/account-executive-compensation-plan?utm_source=chatgpt.com,visdum.com,,chatgpt.com
chatgpt,How do you become a certified financial planner?,main,citations,https://www.cfp.net/certification-process?utm_source=chatgpt.com,cfp.net,,chatgpt.com
chatgpt,Do people who quit big tech for smaller companies regret it?,main,citations,https://www.reddit.com/r/startups/comments/1uqin0x/has_anyone_ever_regretted_leaving_corporate_for_a/?utm_source=chatgpt.com,reddit.com,,chatgpt.com
chatgpt,Do people who quit big tech for smaller companies regret it?,main,citations,https://www.glassdoor.com/Community/technology/have-you-moved-from-big-tech-into-a-smaller-company-if-you-did-did-you-feel-the-compensation-tradeoff-was-still-worth-it-a?utm_source=chatgpt.com,glassdoor.com,,chatgpt.com
chatgpt,Do people who quit big tech for smaller companies regret it?,main,citations,https://us.reddit.com/r/Seattle/comments/1ol2aj8/recently_laidoff_amazon_employees_are_you_guys/?utm_source=chatgpt.com,us.reddit.com,,chatgpt.com
chatgpt,Do people who quit big tech for smaller companies regret it?,main,citations,https://www.businessinsider.com/why-jeff-dean-left-google-ai-startup-discovery-loop-2026-8?utm_source=chatgpt.com,businessinsider.com,,chatgpt.com
chatgpt,Do people who quit big tech for smaller companies regret it?,main,citations,https://zelcast.com/alumni/meta?utm_source=chatgpt.com,zelcast.com,,chatgpt.com
chatgpt,What is a structured interview and why do companies use them?,main,citations,https://www.opm.gov/policy-data-oversight/assessment-and-selection/other-assessment-methods/structured-interviews/?utm_source=chatgpt.com,opm.gov,,chatgpt.com
chatgpt,What is the CFA exam structure and pass rate?,main,citations,https://www.cfainstitute.org/programs/cfa-program/exam?utm_source=chatgpt.com,cfainstitute.org,,chatgpt.com
chatgpt,How do H1B transfers work when switching employers?,main,citations,https://www.dol.gov/agencies/whd/fact-sheets/62w-H1b-portability?utm_source=chatgpt.com,dol.gov,,chatgpt.com
chatgpt,How do H1B transfers work when switching employers?,main,citations,https://www.uscis.gov/sites/default/files/document/foia/Nonimmigrant_Services.pdf?utm_source=chatgpt.com,uscis.gov,,chatgpt.com
chatgpt,How do H1B transfers work when switching employers?,main,citations,https://content.govdelivery.com/accounts/USDHSCIS/bulletins/33e5356?reqfrom=share&utm_source=chatgpt.com,content.govdelivery.com,,chatgpt.com
chatgpt,How do H1B transfers work when switching employers?,main,citations,https://www.law.cornell.edu/cfr/text/8/214.2?utm_source=chatgpt.com,law.cornell.edu,,chatgpt.com
chatgpt,How is severance pay typically calculated?,main,citations,https://www.dol.gov/agencies/whd/flsa/faq?utm_source=chatgpt.com,dol.gov,,chatgpt.com
copilot,Do recruiting teams like Greenhouse or Lever better?,main,sources,https://www.capterra.com/resources/greenhouse-vs-lever/,capterra.com,,
copilot,Do recruiting teams like Greenhouse or Lever better?,main,sources,https://bestrecruitingtools.com/blog/lever-vs-greenhouse-ats-comparison-2026,bestrecruitingtools.com,,
copilot,Do recruiting teams like Greenhouse or Lever better?,main,sources,https://bestrecruitingtools.com/blog/greenhouse-vs-lever-ats-comparison-2026,bestrecruitingtools.com,,
copilot,Do recruiting teams like Greenhouse or Lever better?,main,sources,https://peoplemanagingpeople.com/tools/greenhouse-vs-lever/,peoplemanagingpeople.com,,
copilot,Do recruiting teams like Greenhouse or Lever better?,main,sources,https://toolradar.com/compare/greenhouse-vs-lever,toolradar.com,,
copilot,Do recruiting teams like Greenhouse or Lever better?,main,sources,https://bestrecruitingtools.com/blog/lever-vs-greenhouse-ats-comparison-2026,bestrecruitingtools.com,,
copilot,Do recruiting teams like Greenhouse or Lever better?,main,sources,https://bestrecruitingtools.com/blog/greenhouse-vs-lever-ats-comparison-2026,bestrecruitingtools.com,,
copilot,Do recruiting teams like Greenhouse or Lever better?,main,sources,https://www.capterra.com/resources/greenhouse-vs-lever/,capterra.com,,
copilot,Do recruiting teams like Greenhouse or Lever better?,main,sources,https://www.capterra.com/resources/greenhouse-vs-lever/,capterra.com,,
copilot,Do recruiting teams like Greenhouse or Lever better?,main,sources,https://toolradar.com/compare/greenhouse-vs-lever,toolradar.com,,
copilot,Do recruiting teams like Greenhouse or Lever better?,main,sources,https://toolradar.com/compare/greenhouse-vs-lever,toolradar.com,,
copilot,How does a proof of concept differ from a pilot in enterprise sales?,main,sources,https://magrios.com/blog/proof-of-concept-vs-pilot,magrios.com,,
copilot,How does a proof of concept differ from a pilot in enterprise sales?,main,sources,https://www.b2blead.io/blog/b2b-poc-vs-pov,b2blead.io,,
copilot,How does a proof of concept differ from a pilot in enterprise sales?,main,sources,https://brightreach.co.uk/blog/pocs-pilots-and-trials-whats-the-difference-and-how-to-use-them-effectively/,brightreach.co.uk,,
copilot,How does a proof of concept differ from a pilot in enterprise sales?,main,sources,https://opsiocloud.com/blogs/pilot-vs-poc/,opsiocloud.com,,
copilot,How does a proof of concept differ from a pilot in enterprise sales?,main,sources,https://www.b2blead.io/blog/b2b-poc-vs-pov,b2blead.io,,
copilot,How does a proof of concept differ from a pilot in enterprise sales?,main,sources,https://resources.rework.com/libraries/saas-growth/poc-pilot-programs,resources.rework.com,,
copilot,What do people wish they knew before accepting a director role?,main,sources,https://online.tamucc.edu/degrees/business/mba/general/how-to-become-a-director/,online.tamucc.edu,,
copilot,What do people wish they knew before accepting a director role?,main,sources,https://online.tamucc.edu/degrees/business/mba/general/how-to-become-a-director/,online.tamucc.edu,,
copilot,What do people wish they knew before accepting a director role?,main,sources,https://www.indeed.com/career-advice/career-development/manager-to-director,indeed.com,,
copilot,What do people wish they knew before accepting a director role?,main,sources,https://www.thecorporategovernanceinstitute.com/insights/guides/nine-things-to-do-before-you-join-a-board-of-directors/,thecorporategovernanceinstitute.com,,
copilot,What do people wish they knew before accepting a director role?,main,sources,https://www.indeed.com/career-advice/career-development/skills-for-director,indeed.com,,
copilot,What do people wish they knew before accepting a director role?,main,sources,https://www.thecorporategovernanceinstitute.com/insights/guides/nine-things-to-do-before-you-join-a-board-of-directors/,thecorporategovernanceinstitute.com,,
copilot,What do people wish they knew before accepting a director role?,main,sources,https://online.tamucc.edu/degrees/business/mba/general/how-to-become-a-director/,online.tamucc.edu,,
copilot,What are the requirements for the PMP certification in 2026?,main,sources,https://www.pmexamstudy.com/pmp-certification-guide,pmexamstudy.com,,
copilot,What are the requirements for the PMP certification in 2026?,main,sources,https://course.careers/certifications/pmp-certification-criteria,course.careers,,
copilot,What are the requirements for the PMP certification in 2026?,main,sources,https://projeric.com/blogs/pmp-exam/pmp-certification-requirements,projeric.com,,
copilot,What are the requirements for the PMP certification in 2026?,main,sources,https://pmmastery.app/blog/pmp-requirements-2026,pmmastery.app,,
copilot,What are the requirements for the PMP certification in 2026?,main,sources,https://www.pmi.org/certifications/project-management-pmp/new-exam,pmi.org,,
copilot,What are the requirements for the PMP certification in 2026?,main,sources,https://www.pmi.org/certifications/project-management-pmp/new-exam,pmi.org,,
copilot,What do finance teams complain about most in NetSuite?,main,sources,https://www.brainsell.com/blog/common-netsuite-complaints/,brainsell.com,,
copilot,What do finance teams complain about most in NetSuite?,main,sources,https://www.coras-consulting.com/5-most-common-netsuite-complaints/,coras-consulting.com,,
copilot,What do finance teams complain about most in NetSuite?,main,sources,https://www.brainsell.com/blog/common-netsuite-complaints/,brainsell.com,,
copilot,What do finance teams complain about most in NetSuite?,main,sources,https://www.brainsell.com/blog/common-netsuite-complaints/,brainsell.com,,
copilot,What do finance teams complain about most in NetSuite?,main,sources,https://www.brainsell.com/blog/common-netsuite-complaints/,brainsell.com,,
copilot,What do finance teams complain about most in NetSuite?,main,sources,https://www.brainsell.com/blog/common-netsuite-complaints/,brainsell.com,,
copilot,What do finance teams complain about most in NetSuite?,main,sources,https://www.brainsell.com/blog/common-netsuite-complaints/,brainsell.com,,
copilot,What do finance teams complain about most in NetSuite?,main,sources,https://www.brainsell.com/blog/common-netsuite-complaints/,brainsell.com,,
copilot,What do finance teams complain about most in NetSuite?,main,sources,https://www.coras-consulting.com/5-most-common-netsuite-complaints/,coras-consulting.com,,
copilot,What do finance teams complain about most in NetSuite?,main,sources,https://www.linkedin.com/pulse/catching-problems-early-financial-operational-red-flags-tim-dietrich-kqtbe,linkedin.com,pulse,
copilot,What do finance teams complain about most in NetSuite?,main,sources,https://timdietrich.me/blog/catching-problems-early-financial-operational-red-flags/,timdietrich.me,,
copilot,What do finance teams complain about most in NetSuite?,main,sources,https://timdietrich.me/blog/catching-problems-early-financial-operational-red-flags/,timdietrich.me,,
copilot,How are sales commissions typically structured for SaaS account executives?,main,sources,https://scalerr.com/saas-sales-commission-structures,scalerr.com,,
copilot,How are sales commissions typically structured for SaaS account executives?,main,sources,https://hiredna.com/saas-sales-compensation-guide/,hiredna.com,,
copilot,How are sales commissions typically structured for SaaS account executives?,main,sources,https://testlify.com/hr-glossary/sales-commission/,testlify.com,,
copilot,How are sales commissions typically structured for SaaS account executives?,main,sources,https://scalerr.com/saas-sales-commission-structures,scalerr.com,,
copilot,How are sales commissions typically structured for SaaS account executives?,main,sources,https://www.qobra.co/blog/saas-sales-compensation,qobra.co,,
copilot,How are sales commissions typically structured for SaaS account executives?,main,sources,https://scalerr.com/saas-sales-commission-structures,scalerr.com,,
copilot,How are sales commissions typically structured for SaaS account executives?,main,sources,https://testlify.com/hr-glossary/sales-commission/,testlify.com,,
copilot,How are sales commissions typically structured for SaaS account executives?,main,sources,https://scalerr.com/saas-sales-commission-structures,scalerr.com,,
copilot,How are sales commissions typically structured for SaaS account executives?,main,sources,https://www.qobra.co/blog/saas-sales-compensation,qobra.co,,
copilot,How are sales commissions typically structured for SaaS account executives?,main,sources,https://www.qobra.co/blog/saas-sales-compensation,qobra.co,,
copilot,How does the Google Analytics certification work?,main,sources,https://markampus.com/blog/google-analytics-certification-guide-2026/,markampus.com,,
copilot,How does the Google Analytics certification work?,main,sources,https://course.careers/certifications/google-analytics-certification-best-options-how-to-choose,course.careers,,
copilot,How does the Google Analytics certification work?,main,sources,https://course.careers/certifications/google-courses-free-with-certificate,course.careers,,
copilot,How does the Google Analytics certification work?,main,sources,https://www.lovesdata.com/blog/google-analytics-4-certification/,lovesdata.com,,
copilot,Do four day work weeks actually work for companies that tried them?,main,sources,https://netdok.co/resources/four-day-workweek-trials-2026-results-are-in,netdok.co,,
copilot,Do four day work weeks actually work for companies that tried them?,main,sources,https://sloanreview.mit.edu/article/the-surprising-viability-of-the-four-day-workweek/,sloanreview.mit.edu,,
copilot,Do four day work weeks actually work for companies that tried them?,main,sources,https://www.gable.to/blog/post/4-day-workweek,gable.to,,
copilot,Do four day work weeks actually work for companies that tried them?,main,sources,https://netdok.co/resources/four-day-workweek-trials-2026-results-are-in,netdok.co,,
copilot,Do four day work weeks actually work for companies that tried them?,main,sources,https://www.gable.to/blog/post/4-day-workweek,gable.to,,
copilot,Do four day work weeks actually work for companies that tried them?,main,sources,https://netdok.co/resources/four-day-workweek-trials-2026-results-are-in,netdok.co,,
copilot,Do four day work weeks actually work for companies that tried them?,main,sources,https://www.economyprism.com/2026/02/4-day-workweek-productivity-15-gains.html,economyprism.com,,
copilot,Do four day work weeks actually work for companies that tried them?,main,sources,https://netdok.co/resources/four-day-workweek-trials-2026-results-are-in,netdok.co,,
copilot,Do four day work weeks actually work for companies that tried them?,main,sources,https://www.gable.to/blog/post/4-day-workweek,gable.to,,
copilot,Do four day work weeks actually work for companies that tried them?,main,sources,https://netdok.co/resources/four-day-workweek-trials-2026-results-are-in,netdok.co,,
copilot,Do four day work weeks actually work for companies that tried them?,main,sources,https://www.gable.to/blog/post/4-day-workweek,gable.to,,
copilot,Do four day work weeks actually work for companies that tried them?,main,sources,https://netdok.co/resources/four-day-workweek-trials-2026-results-are-in,netdok.co,,
copilot,Do four day work weeks actually work for companies that tried them?,main,sources,https://netdok.co/resources/four-day-workweek-trials-2026-results-are-in,netdok.co,,
copilot,Do four day work weeks actually work for companies that tried them?,main,sources,https://www.gable.to/blog/post/4-day-workweek,gable.to,,
copilot,Do four day work weeks actually work for companies that tried them?,main,sources,https://www.gable.to/blog/post/4-day-workweek,gable.to,,
copilot,Do four day work weeks actually work for companies that tried them?,main,sources,https://www.multiperspectivesjournal.com/uploads/archives/20251023114701_GMP-2025-1-024.1.pdf,multiperspectivesjournal.com,,
copilot,Do four day work weeks actually work for companies that tried them?,main,sources,https://netdok.co/resources/four-day-workweek-trials-2026-results-are-in,netdok.co,,
copilot,Do four day work weeks actually work for companies that tried them?,main,sources,https://www.gable.to/blog/post/4-day-workweek,gable.to,,
copilot,How does lead scoring work in marketing automation?,main,sources,https://www.oonot.com/guides/marketing-automation-lead-scoring-models,oonot.com,,
copilot,How does lead scoring work in marketing automation?,main,sources,https://www.digitalapplied.com/blog/marketing-automation-lead-scoring-workflow-guide,digitalapplied.com,,
copilot,How does lead scoring work in marketing automation?,main,sources,https://www.digitalapplied.com/blog/marketing-automation-lead-scoring-workflow-guide,digitalapplied.com,,
copilot,How does lead scoring work in marketing automation?,main,sources,https://blog.hubspot.com/sales/lead-scoring-automation-tools,blog.hubspot.com,,
copilot,How does lead scoring work in marketing automation?,main,sources,https://www.digitalapplied.com/blog/marketing-automation-lead-scoring-workflow-guide,digitalapplied.com,,
copilot,How does lead scoring work in marketing automation?,main,sources,https://www.digitalapplied.com/blog/marketing-automation-lead-scoring-workflow-guide,digitalapplied.com,,
copilot,How does lead scoring work in marketing automation?,main,sources,https://www.digitalapplied.com/blog/marketing-automation-lead-scoring-workflow-guide,digitalapplied.com,,
copilot,How does lead scoring work in marketing automation?,main,sources,https://www.digitalapplied.com/blog/marketing-automation-lead-scoring-workflow-guide,digitalapplied.com,,
copilot,How does lead scoring work in marketing automation?,main,sources,https://ebenezerlabs.ai/guides/automate-lead-scoring/,ebenezerlabs.ai,,
copilot,How does lead scoring work in marketing automation?,main,sources,https://www.digitalapplied.com/blog/marketing-automation-lead-scoring-workflow-guide,digitalapplied.com,,
copilot,How does lead scoring work in marketing automation?,main,sources,https://www.oonot.com/guides/marketing-automation-lead-scoring-models,oonot.com,,
copilot,How does lead scoring work in marketing automation?,main,sources,https://www.oonot.com/guides/marketing-automation-lead-scoring-models,oonot.com,,
copilot,What background checks do employers actually run?,main,sources,https://formester.com/blog/types-of-background-checks/,formester.com,,
copilot,What background checks do employers actually run?,main,sources,https://smartsmssolutions.com/resources/blog/business/types-of-employment-background-checks-drug-mvr-education-credit?highlight=WyJuZXciLCJzY2hvb2wiLCJuZXciLCJ5b3JrIl0=,smartsmssolutions.com,,
copilot,What background checks do employers actually run?,main,sources,https://www.vendoraccess.com/articles/employee-background-checks-what-employers-need-to-know-before-hiring,vendoraccess.com,,
copilot,What background checks do employers actually run?,main,sources,https://clearcheck.io/how-background-checks-can-protect-your-companys-reputation-data-and-more/,clearcheck.io,,
copilot,What background checks do employers actually run?,main,sources,https://formester.com/blog/types-of-background-checks/,formester.com,,
copilot,What background checks do employers actually run?,main,sources,https://www.vendoraccess.com/articles/employee-background-checks-what-employers-need-to-know-before-hiring,vendoraccess.com,,
copilot,What background checks do employers actually run?,main,sources,https://clearcheck.io/how-background-checks-can-protect-your-companys-reputation-data-and-more/,clearcheck.io,,
copilot,What background checks do employers actually run?,main,sources,https://www.vendoraccess.com/articles/employee-background-checks-what-employers-need-to-know-before-hiring,vendoraccess.com,,
copilot,What background checks do employers actually run?,main,sources,https://www.vendoraccess.com/articles/employee-background-checks-what-employers-need-to-know-before-hiring,vendoraccess.com,,
copilot,What background checks do employers actually run?,main,sources,https://www.vendoraccess.com/articles/employee-background-checks-what-employers-need-to-know-before-hiring,vendoraccess.com,,
copilot,What background checks do employers actually run?,main,sources,https://smartsmssolutions.com/resources/blog/business/types-of-employment-background-checks-drug-mvr-education-credit?highlight=WyJuZXciLCJzY2hvb2wiLCJuZXciLCJ5b3JrIl0=,smartsmssolutions.com,,
copilot,What background checks do employers actually run?,main,sources,https://clearcheck.io/how-background-checks-can-protect-your-companys-reputation-data-and-more/,clearcheck.io,,
copilot,What background checks do employers actually run?,main,sources,https://smartsmssolutions.com/resources/blog/business/types-of-employment-background-checks-drug-mvr-education-credit?highlight=WyJuZXciLCJzY2hvb2wiLCJuZXciLCJ5b3JrIl0=,smartsmssolutions.com,,
copilot,What background checks do employers actually run?,main,sources,https://www.vendoraccess.com/articles/employee-background-checks-what-employers-need-to-know-before-hiring,vendoraccess.com,,
copilot,What background checks do employers actually run?,main,sources,https://molfar.com/news-posts/10-types-of-employment-background-check,molfar.com,,
copilot,What background checks do employers actually run?,main,sources,https://smartsmssolutions.com/resources/blog/business/types-of-employment-background-checks-drug-mvr-education-credit?highlight=WyJuZXciLCJzY2hvb2wiLCJuZXciLCJ5b3JrIl0=,smartsmssolutions.com,,
copilot,What background checks do employers actually run?,main,sources,https://molfar.com/news-posts/10-types-of-employment-background-check,molfar.com,,
copilot,What background checks do employers actually run?,main,sources,https://formester.com/blog/types-of-background-checks/,formester.com,,
copilot,What background checks do employers actually run?,main,sources,https://www.vendoraccess.com/articles/employee-background-checks-what-employers-need-to-know-before-hiring,vendoraccess.com,,
copilot,What background checks do employers actually run?,main,sources,https://formester.com/blog/types-of-background-checks/,formester.com,,
copilot,What background checks do employers actually run?,main,sources,https://www.vendoraccess.com/articles/employee-background-checks-what-employers-need-to-know-before-hiring,vendoraccess.com,,
copilot,What background checks do employers actually run?,main,sources,https://clearcheck.io/how-background-checks-can-protect-your-companys-reputation-data-and-more/,clearcheck.io,,
copilot,How do companies decide the level of an external hire?,main,sources,https://www.recrew.ai/glossary/job-evaluation,recrew.ai,,
copilot,How do companies decide the level of an external hire?,main,sources,https://laboriq.co/insights/job-leveling-and-career-ladders/,laboriq.co,,
copilot,How do companies decide the level of an external hire?,main,sources,https://www.recrew.ai/glossary/job-evaluation,recrew.ai,,
copilot,How do companies decide the level of an external hire?,main,sources,https://engagedly.com/blog/job-leveling-framework-what-is-it-and-how-to-develop-it-in-your-organization/,engagedly.com,,
copilot,How do companies decide the level of an external hire?,main,sources,https://compbldr.ai/blogs/job-leveling-framework,compbldr.ai,,
copilot,How do companies decide the level of an external hire?,main,sources,https://www.recrew.ai/glossary/job-evaluation,recrew.ai,,
copilot,How do companies decide the level of an external hire?,main,sources,https://laboriq.co/insights/job-leveling-and-career-ladders/,laboriq.co,,
copilot,How do companies decide the level of an external hire?,main,sources,https://www.paylocity.com/resources/glossary/job-leveling/,paylocity.com,,
copilot,How do companies decide the level of an external hire?,main,sources,https://compbldr.ai/blogs/job-leveling-framework,compbldr.ai,,
copilot,How do companies decide the level of an external hire?,main,sources,https://laboriq.co/insights/job-leveling-and-career-ladders/,laboriq.co,,
copilot,How do people handle being paid less than new hires in the same role?,main,sources,https://www.patriotsoftware.com/blog/payroll/pay-compression/,patriotsoftware.com,,
copilot,How do people handle being paid less than new hires in the same role?,main,sources,https://www.rippling.com/blog/pay-compression,rippling.com,,
copilot,How do people handle being paid less than new hires in the same role?,main,sources,https://yourh2r.com/what-to-do-when-a-current-employee-earns-less-than-your-new-job-posting/,yourh2r.com,,
copilot,How do people handle being paid less than new hires in the same role?,main,sources,https://yourh2r.com/what-to-do-when-a-current-employee-earns-less-than-your-new-job-posting/,yourh2r.com,,
copilot,How do people handle being paid less than new hires in the same role?,main,sources,https://yourh2r.com/what-to-do-when-a-current-employee-earns-less-than-your-new-job-posting/,yourh2r.com,,
copilot,How do people handle being paid less than new hires in the same role?,main,sources,https://yourh2r.com/what-to-do-when-a-current-employee-earns-less-than-your-new-job-posting/,yourh2r.com,,
copilot,How do people handle being paid less than new hires in the same role?,main,sources,https://newjersey-employmentlaw.com/blog/how-to-spot-pay-discrimination-when-job-titles-are-the-same,newjersey-employmentlaw.com,,
copilot,How do people handle being paid less than new hires in the same role?,main,sources,https://www.patriotsoftware.com/blog/payroll/pay-compression/,patriotsoftware.com,,
copilot,How do people handle being paid less than new hires in the same role?,main,sources,https://newjersey-employmentlaw.com/blog/how-to-spot-pay-discrimination-when-job-titles-are-the-same,newjersey-employmentlaw.com,,
copilot,How do people handle being paid less than new hires in the same role?,main,sources,https://www.rippling.com/blog/pay-compression,rippling.com,,
copilot,Is it smart to reveal your current salary in a negotiation?,main,sources,https://www.yesbundles.com/blog/should-you-tell-a-recruiter-your-current-salary,yesbundles.com,,
copilot,Is it smart to reveal your current salary in a negotiation?,main,sources,https://www.bayt.com/en/blog/31511/should-you-lie-about-your-salary-to-get-a-higher-offer/,bayt.com,,
copilot,Is it smart to reveal your current salary in a negotiation?,main,sources,https://www.yesbundles.com/blog/should-you-tell-a-recruiter-your-current-salary,yesbundles.com,,
copilot,Is it smart to reveal your current salary in a negotiation?,main,sources,https://www.bayt.com/en/blog/31511/should-you-lie-about-your-salary-to-get-a-higher-offer/,bayt.com,,
copilot,Is it smart to reveal your current salary in a negotiation?,main,sources,https://www.bayt.com/en/blog/31511/should-you-lie-about-your-salary-to-get-a-higher-offer/,bayt.com,,
copilot,Is it smart to reveal your current salary in a negotiation?,main,sources,https://www.bayt.com/en/blog/31511/should-you-lie-about-your-salary-to-get-a-higher-offer/,bayt.com,,
copilot,What does the Series 7 exam allow you to do?,main,sources,https://www.finra.org/index.php/registration-exams-ce/qualification-exams/series7,finra.org,,
copilot,What does the Series 7 exam allow you to do?,main,sources,https://www.investopedia.com/terms/s/series7.asp,investopedia.com,,
copilot,What does the Series 7 exam allow you to do?,main,sources,https://www.certfuel.com/series-7/getting-started/what-is-series-7/,certfuel.com,,
copilot,What does the Series 7 exam allow you to do?,main,sources,https://www.finra.org/index.php/registration-exams-ce/qualification-exams/series7,finra.org,,
copilot,What does the Series 7 exam allow you to do?,main,sources,https://www.certfuel.com/series-7/getting-started/what-is-series-7/,certfuel.com,,
copilot,What does the Series 7 exam allow you to do?,main,sources,https://www.sacbee.com/careers-education/series-7-exam/,sacbee.com,,
copilot,What does the Series 7 exam allow you to do?,main,sources,https://www.investopedia.com/terms/s/series7.asp,investopedia.com,,
copilot,What does the Series 7 exam allow you to do?,main,sources,https://www.sacbee.com/careers-education/series-7-exam/,sacbee.com,,
copilot,What does the Series 7 exam allow you to do?,main,sources,https://www.finra.org/index.php/registration-exams-ce/qualification-exams/series7,finra.org,,
copilot,What does the Series 7 exam allow you to do?,main,sources,https://www.investopedia.com/terms/s/series7.asp,investopedia.com,,
copilot,What does the Series 7 exam allow you to do?,main,sources,https://www.finra.org/sites/default/files/2025-10/Series_7_Content_Outline.pdf,finra.org,,
copilot,What does the Series 7 exam allow you to do?,main,sources,https://www.certfuel.com/series-7/getting-started/what-is-series-7/,certfuel.com,,
copilot,What does the Series 7 exam allow you to do?,main,sources,https://www.certfuel.com/series-7/getting-started/what-is-series-7/,certfuel.com,,
copilot,What does the Series 7 exam allow you to do?,main,sources,https://www.sacbee.com/careers-education/series-7-exam/,sacbee.com,,
copilot,"Do open plan offices really kill productivity, according to people who work in them?",main,sources,https://journals.sagepub.com/doi/pdf/10.1177/2158244020988869,journals.sagepub.com,,
copilot,"Do open plan offices really kill productivity, according to people who work in them?",main,sources,https://www.innovativehumancapital.com/article/the-hidden-costs-of-open-plan-offices-what-research-reveals-about-employee-well-being-and-performan,innovativehumancapital.com,,
copilot,"Do open plan offices really kill productivity, according to people who work in them?",main,sources,https://www.innovativehumancapital.com/article/the-hidden-costs-of-open-plan-offices-what-research-reveals-about-employee-well-being-and-performan,innovativehumancapital.com,,
copilot,"Do open plan offices really kill productivity, according to people who work in them?",main,sources,https://journals.sagepub.com/doi/pdf/10.1177/2158244020988869,journals.sagepub.com,,
copilot,"Do open plan offices really kill productivity, according to people who work in them?",main,sources,https://www.innovativehumancapital.com/article/the-hidden-costs-of-open-plan-offices-what-research-reveals-about-employee-well-being-and-performan,innovativehumancapital.com,,
copilot,"Do open plan offices really kill productivity, according to people who work in them?",main,sources,https://link.springer.com/article/10.1007/s11301-022-00316-2,link.springer.com,,
copilot,What do engineering managers think of take home coding tests?,main,sources,https://leopard.fyi/blog/technical-assessment-trends-in-2026,leopard.fyi,,
copilot,What do engineering managers think of take home coding tests?,main,sources,https://jobsbyculture.com/blog/take-home-vs-live-coding-2026,jobsbyculture.com,,
copilot,What do engineering managers think of take home coding tests?,main,sources,https://www.interviewquery.com/p/karat-data-science-technical-interviews-2026,interviewquery.com,,
copilot,What do engineering managers think of take home coding tests?,main,sources,https://www.interviewquery.com/p/karat-data-science-technical-interviews-2026,interviewquery.com,,
copilot,What do engineering managers think of take home coding tests?,main,sources,https://leopard.fyi/blog/technical-assessment-trends-in-2026,leopard.fyi,,
copilot,What do engineering managers think of take home coding tests?,main,sources,https://leopard.fyi/blog/technical-assessment-trends-in-2026,leopard.fyi,,
copilot,What do engineering managers think of take home coding tests?,main,sources,https://codequiry.com/blog/a-hiring-managers-audit-of-ai-generated-code-in-take-home-tests,codequiry.com,,
copilot,What do engineering managers think of take home coding tests?,main,sources,https://stepto.net/blog/technical-hiring-broken-ai-era-2026,stepto.net,,
copilot,What do engineering managers think of take home coding tests?,main,sources,https://jobsbyculture.com/blog/take-home-vs-live-coding-2026,jobsbyculture.com,,
copilot,What do engineering managers think of take home coding tests?,main,sources,https://www.interviewquery.com/p/karat-data-science-technical-interviews-2026,interviewquery.com,,
copilot,What do engineering managers think of take home coding tests?,main,sources,https://leopard.fyi/blog/technical-assessment-trends-in-2026,leopard.fyi,,
copilot,What do engineering managers think of take home coding tests?,main,sources,https://leopard.fyi/blog/technical-assessment-trends-in-2026,leopard.fyi,,
copilot,What do engineering managers think of take home coding tests?,main,sources,https://codequiry.com/blog/a-hiring-managers-audit-of-ai-generated-code-in-take-home-tests,codequiry.com,,
copilot,What do engineering managers think of take home coding tests?,main,sources,https://stepto.net/blog/technical-hiring-broken-ai-era-2026,stepto.net,,
copilot,How does 401k vesting work when you change jobs?,main,sources,https://best401kcalculator.com/guides/401k-vesting,best401kcalculator.com,,
copilot,How does 401k vesting work when you change jobs?,main,sources,https://pomegra.io/learn/library/track-f-lifecycle/retirement/chapter-04-employer-matching/changing-jobs-and-unvested-money,pomegra.io,,
copilot,How does 401k vesting work when you change jobs?,main,sources,https://best401kcalculator.com/guides/401k-vesting,best401kcalculator.com,,
copilot,How does 401k vesting work when you change jobs?,main,sources,https://pomegra.io/learn/library/track-f-lifecycle/retirement/chapter-04-employer-matching/changing-jobs-and-unvested-money,pomegra.io,,
copilot,How does 401k vesting work when you change jobs?,main,sources,https://best401kcalculator.com/guides/401k-vesting,best401kcalculator.com,,
copilot,How does 401k vesting work when you change jobs?,main,sources,https://www.bottomlineinc.com/money/retirement-planning/retirement-accounts/what-happens-to-your-401k-when-you-leave-a-job-your-options-and-how-to-make-the-best-choice/,bottomlineinc.com,,
copilot,How does 401k vesting work when you change jobs?,main,sources,https://best401kcalculator.com/guides/401k-vesting,best401kcalculator.com,,
copilot,How does 401k vesting work when you change jobs?,main,sources,https://pomegra.io/learn/library/track-f-lifecycle/retirement/chapter-04-employer-matching/changing-jobs-and-unvested-money,pomegra.io,,
copilot,How does 401k vesting work when you change jobs?,main,sources,https://www.fidelity.com/learning-center/smart-money/what-happens-to-your-401k-when-you-leave-a-job,fidelity.com,,
copilot,How does 401k vesting work when you change jobs?,main,sources,https://pomegra.io/learn/library/track-f-lifecycle/retirement/chapter-04-employer-matching/changing-jobs-and-unvested-money,pomegra.io,,
copilot,How does 401k vesting work when you change jobs?,main,sources,https://www.ubs.com/us/en/wealth-management/insights/article.3344351.html,ubs.com,,
copilot,What is the difference between an exempt and non exempt employee?,main,sources,https://www.irisglobal.com/blog/exempt-vs-non-exempt-employees-flsa-compliance-guide/,irisglobal.com,,
copilot,What is the difference between an exempt and non exempt employee?,main,sources,https://www.paylocity.com/resources/learn/articles/exempt-vs-nonexempt/,paylocity.com,,
copilot,What is the difference between an exempt and non exempt employee?,main,sources,https://www.bynimble.com/hr-briefs/exempt-vs-non-exempt,bynimble.com,,
copilot,What is the difference between an exempt and non exempt employee?,main,sources,https://www.paychex.com/articles/payroll-taxes/whats-the-difference-between-exempt-and-non-exempt-employees,paychex.com,,
copilot,What is the difference between an exempt and non exempt employee?,main,sources,https://www.paycor.com/resource-center/articles/exempt-vs-non-exempt/,paycor.com,,
copilot,What is the difference between an exempt and non exempt employee?,main,sources,https://www.irisglobal.com/blog/exempt-vs-non-exempt-employees-flsa-compliance-guide/,irisglobal.com,,
copilot,What is the difference between an exempt and non exempt employee?,main,sources,https://www.bynimble.com/hr-briefs/exempt-vs-non-exempt,bynimble.com,,
copilot,What is the difference between an exempt and non exempt employee?,main,sources,https://www.paychex.com/articles/payroll-taxes/whats-the-difference-between-exempt-and-non-exempt-employees,paychex.com,,
copilot,What is the difference between an exempt and non exempt employee?,main,sources,https://www.bynimble.com/hr-briefs/exempt-vs-non-exempt,bynimble.com,,
copilot,What is the difference between an exempt and non exempt employee?,main,sources,https://www.irisglobal.com/blog/exempt-vs-non-exempt-employees-flsa-compliance-guide/,irisglobal.com,,
copilot,"What makes a candidate memorable in a final round, according to interviewers?",main,sources,https://maywise.in/blog/final-round-interview-tips-2026/,maywise.in,,
copilot,"What makes a candidate memorable in a final round, according to interviewers?",main,sources,https://thetailorcv.com/blog/final-round-interview-tips,thetailorcv.com,,
copilot,"What makes a candidate memorable in a final round, according to interviewers?",main,sources,https://maywise.in/blog/final-round-interview-tips-2026/,maywise.in,,
copilot,"What makes a candidate memorable in a final round, according to interviewers?",main,sources,https://thetailorcv.com/blog/final-round-interview-tips,thetailorcv.com,,
copilot,"What makes a candidate memorable in a final round, according to interviewers?",main,sources,https://maywise.in/blog/final-round-interview-tips-2026/,maywise.in,,
copilot,"What makes a candidate memorable in a final round, according to interviewers?",main,sources,https://maywise.in/blog/final-round-interview-tips-2026/,maywise.in,,
copilot,"What makes a candidate memorable in a final round, according to interviewers?",main,sources,https://www.adriasolutions.co.uk/final-stage-interview-tips/,adriasolutions.co.uk,,
copilot,"What makes a candidate memorable in a final round, according to interviewers?",main,sources,https://www.interviewpilot.app/blog/how-to-prepare-for-a-final-interview,interviewpilot.app,,
copilot,"What makes a candidate memorable in a final round, according to interviewers?",main,sources,https://www.adriasolutions.co.uk/final-stage-interview-tips/,adriasolutions.co.uk,,
copilot,"What makes a candidate memorable in a final round, according to interviewers?",main,sources,https://maywise.in/blog/final-round-interview-tips-2026/,maywise.in,,
copilot,"What makes a candidate memorable in a final round, according to interviewers?",main,sources,https://thetailorcv.com/blog/final-round-interview-tips,thetailorcv.com,,
copilot,"What makes a candidate memorable in a final round, according to interviewers?",main,sources,https://www.interviewpilot.app/blog/how-to-prepare-for-a-final-interview,interviewpilot.app,,
copilot,What do managers say makes one on ones actually useful?,main,sources,https://www.forbes.com/councils/forbeshumanresourcescouncil/2024/12/04/20-reasons-why-employees-and-leaders-must-make-time-for-one-on-one-meetings/,forbes.com,,
copilot,What do managers say makes one on ones actually useful?,main,sources,https://blog.peakperf.co/effective-1-on-1-meetings/,blog.peakperf.co,,
copilot,What do managers say makes one on ones actually useful?,main,sources,https://www.airswift.com/blog/improve-one-to-ones,airswift.com,,
copilot,What do managers say makes one on ones actually useful?,main,sources,https://www.cultureamp.com/blog/the-importance-of-1-on-1-meetings,cultureamp.com,,
copilot,What do managers say makes one on ones actually useful?,main,sources,https://www.airswift.com/blog/improve-one-to-ones,airswift.com,,
copilot,What do managers say makes one on ones actually useful?,main,sources,https://blog.peakperf.co/effective-1-on-1-meetings/,blog.peakperf.co,,
copilot,What do managers say makes one on ones actually useful?,main,sources,https://www.airswift.com/blog/improve-one-to-ones,airswift.com,,
copilot,What do managers say makes one on ones actually useful?,main,sources,https://www.cultureamp.com/blog/the-importance-of-1-on-1-meetings,cultureamp.com,,
copilot,What do managers say makes one on ones actually useful?,main,sources,https://www.airswift.com/blog/improve-one-to-ones,airswift.com,,
copilot,What do managers say makes one on ones actually useful?,main,sources,https://www.airswift.com/blog/improve-one-to-ones,airswift.com,,
copilot,What do managers say makes one on ones actually useful?,main,sources,https://lattice.com/articles/the-ultimate-managers-guide-to-leading-effective-one-on-ones,lattice.com,,
copilot,What is the difference between a data warehouse and a data lake?,main,sources,https://cloud.google.com/discover/data-lake-vs-data-warehouse,cloud.google.com,,
copilot,What is the difference between a data warehouse and a data lake?,main,sources,https://www.databricks.com/blog/data-lakes-vs-data-warehouses-what-your-organization-needs-know,databricks.com,,
copilot,What is the difference between a data warehouse and a data lake?,main,sources,https://www.splunk.com/en_us/blog/learn/data-warehouse-vs-data-lake.html,splunk.com,,
copilot,What is the difference between a data warehouse and a data lake?,main,sources,https://www.coursera.org/articles/data-lake-vs-data-warehouse,coursera.org,,
copilot,What is the difference between a data warehouse and a data lake?,main,sources,https://cloud.google.com/discover/data-lake-vs-data-warehouse,cloud.google.com,,
copilot,What is the difference between a data warehouse and a data lake?,main,sources,https://www.splunk.com/en_us/blog/learn/data-warehouse-vs-data-lake.html,splunk.com,,
copilot,What is the difference between a data warehouse and a data lake?,main,sources,https://www.databricks.com/blog/data-lakes-vs-data-warehouses-what-your-organization-needs-know,databricks.com,,
copilot,What is the difference between a data warehouse and a data lake?,main,sources,https://www.coursera.org/articles/data-lake-vs-data-warehouse,coursera.org,,
copilot,What is the difference between a data warehouse and a data lake?,main,sources,https://www.databricks.com/blog/data-lake-vs-cloud-data-warehouse,databricks.com,,
copilot,What is the difference between a data warehouse and a data lake?,main,sources,https://www.databricks.com/blog/data-lakes-vs-data-warehouses-what-your-organization-needs-know,databricks.com,,
copilot,What is the difference between a data warehouse and a data lake?,main,sources,https://www.databricks.com/blog/data-lake-vs-cloud-data-warehouse,databricks.com,,
copilot,How is total compensation structured at large tech companies?,main,sources,https://www.careerclimb.app/blog/what-total-comp-looks-like-at-each-level,careerclimb.app,,
copilot,How is total compensation structured at large tech companies?,main,sources,https://chiefviews.com/tech-executive-compensation-packages/,chiefviews.com,,
copilot,How is total compensation structured at large tech companies?,main,sources,https://www.careerclimb.app/blog/what-total-comp-looks-like-at-each-level,careerclimb.app,,
copilot,How is total compensation structured at large tech companies?,main,sources,https://www.topexecrecruiting.com/news-posts/tech-executive-compensation-guide,topexecrecruiting.com,,
copilot,How is total compensation structured at large tech companies?,main,sources,https://salarycheck.ai/guides/what-is-total-compensation-2026,salarycheck.ai,,
copilot,How is total compensation structured at large tech companies?,main,sources,https://www.careerclimb.app/blog/what-total-comp-looks-like-at-each-level,careerclimb.app,,
copilot,How is total compensation structured at large tech companies?,main,sources,https://businessmodelanalyst.com/tech-salaries-compared-across-major-companies/,businessmodelanalyst.com,,
copilot,How is total compensation structured at large tech companies?,main,sources,https://salarycheck.ai/guides/what-is-total-compensation-2026,salarycheck.ai,,
copilot,What questions are employers legally not allowed to ask in an interview?,main,sources,https://www.eeoc.gov/employers/small-business/what-shouldnt-i-ask-when-hiring,eeoc.gov,,
copilot,What questions are employers legally not allowed to ask in an interview?,main,sources,https://www.eeoc.gov/employers/small-business/4-what-cant-i-ask-when-hiring,eeoc.gov,,
copilot,What questions are employers legally not allowed to ask in an interview?,main,sources,https://mossconsulting.com/business-hr-insights/illegal-interview-questions-guide,mossconsulting.com,,
copilot,What questions are employers legally not allowed to ask in an interview?,main,sources,https://www.superlawyers.com/resources/employment-law-employee/illegal-intreview-questions/,superlawyers.com,,
copilot,What questions are employers legally not allowed to ask in an interview?,main,sources,https://workplacelogic.com/legal-pitfalls-in-job-interviews-questions-you-should-never-ask/,workplacelogic.com,,
copilot,What questions are employers legally not allowed to ask in an interview?,main,sources,https://workplacelogic.com/legal-pitfalls-in-job-interviews-questions-you-should-never-ask/,workplacelogic.com,,
copilot,How does usage based pricing work for SaaS tools?,main,sources,https://saasranger.com/blog/best-usage-based-billing-software-saas/,saasranger.com,,
copilot,How does usage based pricing work for SaaS tools?,main,sources,https://www.fluxrate.co/blog/best-usage-based-billing-software-2026,fluxrate.co,,
copilot,How does usage based pricing work for SaaS tools?,main,sources,https://www.hyperline.co/geo/top-10-usage-based-billing-platforms-saas-2026,hyperline.co,,
copilot,How does usage based pricing work for SaaS tools?,main,sources,https://www.ledgerup.ai/resources/best-usage-based-billing-software-2026,ledgerup.ai,,
copilot,What is a realistic offer timeline after a final interview?,main,sources,https://www.finalroundai.com/blog/how-long-to-hear-back-after-interview,finalroundai.com,,
copilot,What is a realistic offer timeline after a final interview?,main,sources,https://interviewboost.ai/answers/average-time-from-final-interview-to-job-offer-2026,interviewboost.ai,,
copilot,What is a realistic offer timeline after a final interview?,main,sources,https://inspireambitions.com/how-long-after-job-interview-to-get-offer/,inspireambitions.com,,
copilot,What is a realistic offer timeline after a final interview?,main,sources,https://www.finalroundai.com/blog/how-long-to-hear-back-after-interview,finalroundai.com,,
copilot,What is a realistic offer timeline after a final interview?,main,sources,https://interviewboost.ai/answers/average-time-from-final-interview-to-job-offer-2026,interviewboost.ai,,
copilot,What is a realistic offer timeline after a final interview?,main,sources,https://www.finalroundai.com/blog/how-long-to-hear-back-after-interview,finalroundai.com,,
copilot,What is a realistic offer timeline after a final interview?,main,sources,https://interviewboost.ai/answers/average-time-from-final-interview-to-job-offer-2026,interviewboost.ai,,
copilot,What is a realistic offer timeline after a final interview?,main,sources,https://www.finalroundai.com/blog/how-long-to-hear-back-after-interview,finalroundai.com,,
copilot,What is a realistic offer timeline after a final interview?,main,sources,https://interviewboost.ai/answers/average-time-from-final-interview-to-job-offer-2026,interviewboost.ai,,
copilot,What is a realistic offer timeline after a final interview?,main,sources,https://www.finalroundai.com/blog/how-long-to-hear-back-after-interview,finalroundai.com,,
copilot,What is a realistic offer timeline after a final interview?,main,sources,https://interviewboost.ai/answers/average-time-from-final-interview-to-job-offer-2026,interviewboost.ai,,
copilot,What is a realistic offer timeline after a final interview?,main,sources,https://climbtheladder.com/how-long-do-job-offers-take-the-full-timeline/,climbtheladder.com,,
copilot,What is a realistic offer timeline after a final interview?,main,sources,https://interviewboost.ai/answers/average-time-from-final-interview-to-job-offer-2026,interviewboost.ai,,
copilot,What is a realistic offer timeline after a final interview?,main,sources,https://climbtheladder.com/how-long-do-job-offers-take-the-full-timeline/,climbtheladder.com,,
copilot,What is a realistic offer timeline after a final interview?,main,sources,https://leonstaff.com/blogs/how-long-to-wait-after-final-interview/,leonstaff.com,,
copilot,What is a realistic offer timeline after a final interview?,main,sources,https://interviewboost.ai/answers/average-time-from-final-interview-to-job-offer-2026,interviewboost.ai,,
copilot,What is a realistic offer timeline after a final interview?,main,sources,https://interviewboost.ai/answers/average-time-from-final-interview-to-job-offer-2026,interviewboost.ai,,
copilot,What is a realistic offer timeline after a final interview?,main,sources,https://inspireambitions.com/how-long-after-job-interview-to-get-offer/,inspireambitions.com,,
copilot,What is a structured interview and why do companies use them?,main,sources,https://www.hrcloud.com/resources/glossary/structured-interview,hrcloud.com,,
copilot,What is a structured interview and why do companies use them?,main,sources,https://beatview.ai/blog/structured-interviews-the-complete-guide-to-better-hiring-decisions,beatview.ai,,
copilot,What is a structured interview and why do companies use them?,main,sources,https://beatview.ai/blog/structured-interviews-the-complete-guide-to-better-hiring-decisions,beatview.ai,,
copilot,What is a structured interview and why do companies use them?,main,sources,https://www.socialtalent.com/glossary/structured-interview,socialtalent.com,,
copilot,What is a structured interview and why do companies use them?,main,sources,https://beatview.ai/blog/structured-interviews-the-complete-guide-to-better-hiring-decisions,beatview.ai,,
copilot,What is a structured interview and why do companies use them?,main,sources,https://beatview.ai/blog/structured-interviews-the-complete-guide-to-better-hiring-decisions,beatview.ai,,
copilot,What is a structured interview and why do companies use them?,main,sources,https://www.candidately.com/glossary/structured-interview,candidately.com,,
copilot,What is a structured interview and why do companies use them?,main,sources,https://www.hrcloud.com/resources/glossary/structured-interview,hrcloud.com,,
copilot,What is a structured interview and why do companies use them?,main,sources,https://www.sigmaassessmentsystems.com/blog/what-are-structured-interviews-and-why-should-we-use-them/,sigmaassessmentsystems.com,,
copilot,What is a structured interview and why do companies use them?,main,sources,https://beatview.ai/blog/structured-interviews-the-complete-guide-to-better-hiring-decisions,beatview.ai,,
copilot,What is a structured interview and why do companies use them?,main,sources,https://www.sigmaassessmentsystems.com/blog/what-are-structured-interviews-and-why-should-we-use-them/,sigmaassessmentsystems.com,,
copilot,What is a structured interview and why do companies use them?,main,sources,https://www.sigmaassessmentsystems.com/blog/what-are-structured-interviews-and-why-should-we-use-them/,sigmaassessmentsystems.com,,
copilot,What is a structured interview and why do companies use them?,main,sources,https://www.hrcloud.com/resources/glossary/structured-interview,hrcloud.com,,
copilot,What is a structured interview and why do companies use them?,main,sources,https://www.candidately.com/glossary/structured-interview,candidately.com,,
copilot,What is a structured interview and why do companies use them?,main,sources,https://www.socialtalent.com/glossary/structured-interview,socialtalent.com,,
copilot,What do people regret about accepting their last job offer?,main,sources,https://www.forbes.com/sites/karadennison/2024/03/11/career-regrets-and-strategies-to-overcome-them/,forbes.com,,
copilot,What do people regret about accepting their last job offer?,main,sources,https://www.ciphr.com/blog/five-common-career-regrets-and-how-to-overcome-them,ciphr.com,,
copilot,What do people regret about accepting their last job offer?,main,sources,https://greggvanourek.com/7-most-common-career-regrets/,greggvanourek.com,,
copilot,What do people regret about accepting their last job offer?,main,sources,https://note.com/xaion_hrx1/n/n034d19cf965e?hl=en,note.com,,
copilot,What do people regret about accepting their last job offer?,main,sources,https://greggvanourek.com/7-most-common-career-regrets/,greggvanourek.com,,
copilot,What do people regret about accepting their last job offer?,main,sources,https://www.forbes.com/sites/karadennison/2024/03/11/career-regrets-and-strategies-to-overcome-them/,forbes.com,,
copilot,What do people regret about accepting their last job offer?,main,sources,https://www.ciphr.com/blog/five-common-career-regrets-and-how-to-overcome-them,ciphr.com,,
copilot,What do people regret about accepting their last job offer?,main,sources,https://note.com/xaion_hrx1/n/n034d19cf965e?hl=en,note.com,,
copilot,What do people regret about accepting their last job offer?,main,sources,https://greggvanourek.com/7-most-common-career-regrets/,greggvanourek.com,,
copilot,What do people regret about accepting their last job offer?,main,sources,https://www.innovativehumancapital.com/article/making-peace-with-career-regrets,innovativehumancapital.com,,
copilot,Is unlimited PTO actually a scam according to employees?,main,sources,https://www.yahoo.com/lifestyle/articles/unlimited-pto-workplace-perk-sham-190000967.html,yahoo.com,,
copilot,Is unlimited PTO actually a scam according to employees?,main,sources,https://www.aol.com/unlimited-pto-often-touted-workplace-203600654.html,aol.com,,
copilot,Is unlimited PTO actually a scam according to employees?,main,sources,https://www.aol.com/unlimited-pto-often-touted-workplace-203600654.html,aol.com,,
copilot,Is unlimited PTO actually a scam according to employees?,main,sources,https://www.yahoo.com/lifestyle/articles/unlimited-pto-workplace-perk-sham-190000967.html,yahoo.com,,
copilot,Is unlimited PTO actually a scam according to employees?,main,sources,https://partnersinfire.com/finance/work-culture/unlimited-paid-time-off-amazing-benefit-or-massive-scam/,partnersinfire.com,,
copilot,Is unlimited PTO actually a scam according to employees?,main,sources,https://resources.workable.com/inside-hr/stories-and-insights/unlimited-pto-workplace-culture-2025/,resources.workable.com,,
copilot,Is unlimited PTO actually a scam according to employees?,main,sources,https://resources.workable.com/inside-hr/stories-and-insights/unlimited-pto-workplace-culture-2025/,resources.workable.com,,
copilot,Is unlimited PTO actually a scam according to employees?,main,sources,https://www.aol.com/unlimited-pto-often-touted-workplace-203600654.html,aol.com,,
copilot,Is unlimited PTO actually a scam according to employees?,main,sources,https://www.yahoo.com/lifestyle/articles/unlimited-pto-workplace-perk-sham-190000967.html,yahoo.com,,
copilot,What is an ideal customer profile in B2B sales?,main,sources,https://www.hansdekker.ai/content/ideal-customer-profile-guide,hansdekker.ai,,
copilot,What is an ideal customer profile in B2B sales?,main,sources,https://pipeline.zoominfo.com/marketing/ideal-customer-profile,pipeline.zoominfo.com,,
copilot,What is an ideal customer profile in B2B sales?,main,sources,https://abmatic.ai/blog/what-is-an-ideal-customer-profile,abmatic.ai,,
copilot,What is an ideal customer profile in B2B sales?,main,sources,https://www.landbase.com/blog/how-to-define-icp-b2b-framework-2026,landbase.com,,
copilot,What is an ideal customer profile in B2B sales?,main,sources,https://abmatic.ai/blog/b2b-icp-ideal-customer-profile-complete-guide,abmatic.ai,,
copilot,What is an ideal customer profile in B2B sales?,main,sources,https://abmatic.ai/blog/what-is-an-ideal-customer-profile,abmatic.ai,,
copilot,What is an ideal customer profile in B2B sales?,main,sources,https://www.landbase.com/blog/how-to-define-icp-b2b-framework-2026,landbase.com,,
copilot,What is an ideal customer profile in B2B sales?,main,sources,https://www.landbase.com/blog/how-to-define-icp-b2b-framework-2026,landbase.com,,
copilot,What is an ideal customer profile in B2B sales?,main,sources,https://abmatic.ai/blog/b2b-icp-ideal-customer-profile-complete-guide,abmatic.ai,,
copilot,What is an ideal customer profile in B2B sales?,main,sources,https://www.hansdekker.ai/content/ideal-customer-profile-guide,hansdekker.ai,,
copilot,What is an ideal customer profile in B2B sales?,main,sources,https://www.landbase.com/blog/how-to-define-icp-b2b-framework-2026,landbase.com,,
copilot,What is an ideal customer profile in B2B sales?,main,sources,https://abmatic.ai/blog/what-is-an-ideal-customer-profile,abmatic.ai,,
copilot,What is an ideal customer profile in B2B sales?,main,sources,https://www.landbase.com/blog/how-to-define-icp-b2b-framework-2026,landbase.com,,
copilot,How do pay transparency laws affect job postings?,main,sources,https://generatecv.com/blog/pay-transparency-laws-data,generatecv.com,,
copilot,How do pay transparency laws affect job postings?,main,sources,https://www.nber.org/system/files/working_papers/w34480/w34480.pdf,nber.org,,
copilot,How do pay transparency laws affect job postings?,main,sources,https://jdgenerator.co/blog/salary-transparency-job-descriptions,jdgenerator.co,,
copilot,How do pay transparency laws affect job postings?,main,sources,https://libertystreeteconomics.newyorkfed.org/2025/10/do-employers-comply-with-pay-transparency-requirements-in-job-postings/,libertystreeteconomics.newyorkfed.org,,
copilot,How do pay transparency laws affect job postings?,main,sources,https://libertystreeteconomics.newyorkfed.org/2025/10/do-employers-comply-with-pay-transparency-requirements-in-job-postings/,libertystreeteconomics.newyorkfed.org,,
copilot,How do pay transparency laws affect job postings?,main,sources,https://jdgenerator.co/blog/salary-transparency-job-descriptions,jdgenerator.co,,
copilot,How do you become a certified financial planner?,main,sources,https://www.cfp.net/certification-process,cfp.net,,
copilot,How do you become a certified financial planner?,main,sources,https://www.cfp.net/why-get-certified/newsletter-insights/2024/10/4-steps-to-obtaining-cfp-certification,cfp.net,,
copilot,How do you become a certified financial planner?,main,sources,https://www.cfp.net/certification-process/education-requirement,cfp.net,,
copilot,Is relocating for a promotion usually worth it?,main,sources,https://www.consumeraffairs.com/movers/is-relocating-for-a-job-worth-it.html,consumeraffairs.com,,
copilot,Is relocating for a promotion usually worth it?,main,sources,https://www.apollotechnical.com/is-job-relocation-worth-it-the-pros-and-cons-no-one-talks-about/,apollotechnical.com,,
copilot,Is relocating for a promotion usually worth it?,main,sources,https://www.apollotechnical.com/is-job-relocation-worth-it-the-pros-and-cons-no-one-talks-about/,apollotechnical.com,,
copilot,Is relocating for a promotion usually worth it?,main,sources,https://www.consumeraffairs.com/movers/is-relocating-for-a-job-worth-it.html,consumeraffairs.com,,
copilot,Is relocating for a promotion usually worth it?,main,sources,https://www.consumeraffairs.com/movers/is-relocating-for-a-job-worth-it.html,consumeraffairs.com,,
copilot,Is relocating for a promotion usually worth it?,main,sources,https://www.apollotechnical.com/is-job-relocation-worth-it-the-pros-and-cons-no-one-talks-about/,apollotechnical.com,,
copilot,Is relocating for a promotion usually worth it?,main,sources,https://www.apollotechnical.com/is-job-relocation-worth-it-the-pros-and-cons-no-one-talks-about/,apollotechnical.com,,
copilot,Is relocating for a promotion usually worth it?,main,sources,https://moveadvisor.com/move/pros-and-cons-of-moving-for-a-job/,moveadvisor.com,,
copilot,Is relocating for a promotion usually worth it?,main,sources,https://moveadvisor.com/move/pros-and-cons-of-moving-for-a-job/,moveadvisor.com,,
copilot,Is relocating for a promotion usually worth it?,main,sources,https://www.consumeraffairs.com/movers/is-relocating-for-a-job-worth-it.html,consumeraffairs.com,,
copilot,Is relocating for a promotion usually worth it?,main,sources,https://www.forbes.com/sites/tracybrower/2024/04/02/how-to-decide-if-a-job-relocation-is-worth-it/,forbes.com,,
copilot,Is relocating for a promotion usually worth it?,main,sources,https://www.apollotechnical.com/is-job-relocation-worth-it-the-pros-and-cons-no-one-talks-about/,apollotechnical.com,,
copilot,Is relocating for a promotion usually worth it?,main,sources,https://moveadvisor.com/move/pros-and-cons-of-moving-for-a-job/,moveadvisor.com,,
copilot,Is relocating for a promotion usually worth it?,main,sources,https://www.forbes.com/sites/tracybrower/2024/04/02/how-to-decide-if-a-job-relocation-is-worth-it/,forbes.com,,
copilot,What do people say actually worked when negotiating a senior offer?,main,sources,https://assess-you.com/blog/how-to-negotiate-an-executive-job-offer,assess-you.com,,
copilot,What do people say actually worked when negotiating a senior offer?,main,sources,https://johpartners.com/insights/interview-guides/executive-offer-negotiation,johpartners.com,,
copilot,What do people say actually worked when negotiating a senior offer?,main,sources,https://hireflow.net/blog/salary-negotiation-strategies-for-us-senior-it-professionals-data-backed-tips-to-maximize-offers,hireflow.net,,
copilot,What do people say actually worked when negotiating a senior offer?,main,sources,https://www.forbes.com/councils/forbescoachescouncil/2023/10/18/19-tips-to-keep-in-mind-when-negotiating-a-new-senior-management-role/,forbes.com,,
copilot,What do people say actually worked when negotiating a senior offer?,main,sources,https://hireflow.net/blog/salary-negotiation-strategies-for-us-senior-it-professionals-data-backed-tips-to-maximize-offers,hireflow.net,,
copilot,What do people say actually worked when negotiating a senior offer?,main,sources,https://www.linkedin.com/pulse/how-effectively-negotiate-best-job-offer-paul-convery-2g2pc,linkedin.com,pulse,
copilot,What do people say actually worked when negotiating a senior offer?,main,sources,https://hireflow.net/blog/salary-negotiation-strategies-for-us-senior-it-professionals-data-backed-tips-to-maximize-offers,hireflow.net,,
copilot,What do people say actually worked when negotiating a senior offer?,main,sources,https://johpartners.com/insights/interview-guides/executive-offer-negotiation,johpartners.com,,
copilot,What do people say actually worked when negotiating a senior offer?,main,sources,https://assess-you.com/blog/how-to-negotiate-an-executive-job-offer,assess-you.com,,
copilot,What do people say actually worked when negotiating a senior offer?,main,sources,https://www.forbes.com/councils/forbescoachescouncil/2023/10/18/19-tips-to-keep-in-mind-when-negotiating-a-new-senior-management-role/,forbes.com,,
copilot,What do managers really think when an employee asks for a raise?,main,sources,https://lsaglobal.com/blog/7-steps-to-effectively-handle-a-request-for-a-raise/,lsaglobal.com,,
copilot,What do managers really think when an employee asks for a raise?,main,sources,https://recruitee.com/blog/employee-raises,recruitee.com,,
copilot,What do managers really think when an employee asks for a raise?,main,sources,https://www.insperity.com/blog/employee-asking-for-a-raise/,insperity.com,,
copilot,What do managers really think when an employee asks for a raise?,main,sources,https://gusto.com/resources/articles/hr/team-management/employee-asks-raise,gusto.com,,
copilot,What do managers really think when an employee asks for a raise?,main,sources,https://lsaglobal.com/blog/7-steps-to-effectively-handle-a-request-for-a-raise/,lsaglobal.com,,
copilot,What do managers really think when an employee asks for a raise?,main,sources,https://recruitee.com/blog/employee-raises,recruitee.com,,
copilot,What do managers really think when an employee asks for a raise?,main,sources,https://lsaglobal.com/blog/7-steps-to-effectively-handle-a-request-for-a-raise/,lsaglobal.com,,
copilot,What do managers really think when an employee asks for a raise?,main,sources,https://www.hrheadquarters.ie/leadership/how-to-handle-an-employees-pay-rise-request/,hrheadquarters.ie,,
copilot,What do managers really think when an employee asks for a raise?,main,sources,https://lsaglobal.com/blog/7-steps-to-effectively-handle-a-request-for-a-raise/,lsaglobal.com,,
copilot,What do managers really think when an employee asks for a raise?,main,sources,https://gusto.com/resources/articles/hr/team-management/employee-asks-raise,gusto.com,,
copilot,What do managers really think when an employee asks for a raise?,main,sources,https://www.hrheadquarters.ie/leadership/how-to-handle-an-employees-pay-rise-request/,hrheadquarters.ie,,
copilot,What is it actually like to move from IC to engineering manager?,main,sources,https://www.builtinnyc.com/articles/what-it-takes-become-engineering-manager-and-what-consider-making-transition,builtinnyc.com,,
copilot,What is it actually like to move from IC to engineering manager?,main,sources,https://www.linkedin.com/pulse/from-individual-contributor-engineering-manager-julio-rodriguez-zjdtc,linkedin.com,pulse,
copilot,What is it actually like to move from IC to engineering manager?,main,sources,https://jobsbyculture.com/blog/ic-to-manager-transition-2026,jobsbyculture.com,,
copilot,What is it actually like to move from IC to engineering manager?,main,sources,https://www.linkedin.com/pulse/from-individual-contributor-engineering-manager-julio-rodriguez-zjdtc,linkedin.com,pulse,
copilot,What is it actually like to move from IC to engineering manager?,main,sources,https://www.linkedin.com/pulse/from-individual-contributor-engineering-manager-julio-rodriguez-zjdtc,linkedin.com,pulse,
copilot,What is it actually like to move from IC to engineering manager?,main,sources,https://technology.complyadvantage.com/from-player-to-coach-my-journey-from-software-engineer-to-engineering-manager/,technology.complyadvantage.com,,
copilot,What is it actually like to move from IC to engineering manager?,main,sources,https://www.linkedin.com/pulse/from-individual-contributor-engineering-manager-julio-rodriguez-zjdtc,linkedin.com,pulse,
copilot,What is it actually like to move from IC to engineering manager?,main,sources,https://jobsbyculture.com/blog/ic-to-manager-transition-2026,jobsbyculture.com,,
copilot,What is it actually like to move from IC to engineering manager?,main,sources,https://leaddev.com/career-development/from-engineer-manager-told-from-both-sides,leaddev.com,,
copilot,What is it actually like to move from IC to engineering manager?,main,sources,https://www.builtinnyc.com/articles/what-it-takes-become-engineering-manager-and-what-consider-making-transition,builtinnyc.com,,
copilot,What is it actually like to move from IC to engineering manager?,main,sources,https://technology.complyadvantage.com/from-player-to-coach-my-journey-from-software-engineer-to-engineering-manager/,technology.complyadvantage.com,,
copilot,What is it actually like to move from IC to engineering manager?,main,sources,https://www.linkedin.com/pulse/from-individual-contributor-engineering-manager-julio-rodriguez-zjdtc,linkedin.com,pulse,
copilot,What is it actually like to move from IC to engineering manager?,main,sources,https://jobsbyculture.com/blog/ic-to-manager-transition-2026,jobsbyculture.com,,
copilot,What does a Six Sigma green belt certification involve?,main,sources,https://www.asq.org/cert/six-sigma-green-belt,asq.org,,
copilot,What does a Six Sigma green belt certification involve?,main,sources,https://orders.iassc.org/green-belt-certification/,orders.iassc.org,,
copilot,What does a Six Sigma green belt certification involve?,main,sources,https://sixsigmatest.com/blog/cssgb-certification-requirements-eligibility-and-application,sixsigmatest.com,,
copilot,What does a Six Sigma green belt certification involve?,main,sources,https://climbtheladder.com/how-to-get-a-six-sigma-green-belt-certification/,climbtheladder.com,,
copilot,What does a Six Sigma green belt certification involve?,main,sources,https://airacad.com/certification/lean-six-sigma-green-belt/,airacad.com,,
copilot,How do cost of living adjustments work for remote employees?,main,sources,https://www.jobboy.com/salaries/cost-of-living-adjustments-2026-salary-negotiation-tactics,jobboy.com,,
copilot,How do cost of living adjustments work for remote employees?,main,sources,https://www.jobboy.com/salaries/cost-of-living-adjustments-2026-salary-negotiation-tactics,jobboy.com,,
copilot,How do cost of living adjustments work for remote employees?,main,sources,https://www.kpmcpa.com/2026-fringe-benefit-cost-of-living-adjustments/,kpmcpa.com,,
copilot,How do cost of living adjustments work for remote employees?,main,sources,https://selector.kurlon.com/live/average-cost-of-living-adjustment-price-range-and-key-drivers-2026-47562.html,selector.kurlon.com,,
copilot,How do cost of living adjustments work for remote employees?,main,sources,https://decisionscalc.com/articles/how-much-does-remote-work-save/,decisionscalc.com,,
copilot,How do cost of living adjustments work for remote employees?,main,sources,https://wealthvieu.com/personal-finance/trending/remote-work-cost-savings-calculator/,wealthvieu.com,,
copilot,How do cost of living adjustments work for remote employees?,main,sources,https://decisionscalc.com/articles/how-much-does-remote-work-save/,decisionscalc.com,,
copilot,How do cost of living adjustments work for remote employees?,main,sources,https://www.jobboy.com/salaries/cost-of-living-adjustments-2026-salary-negotiation-tactics,jobboy.com,,
copilot,What happens to unvested RSUs when you get laid off?,main,sources,https://hrget.com/general/rsus-after-layoff-unvested-stock-refreshers/,hrget.com,,
copilot,What happens to unvested RSUs when you get laid off?,main,sources,https://sobellawsolutions.com/blog-equity-forfeiture-termination,sobellawsolutions.com,,
copilot,What happens to unvested RSUs when you get laid off?,main,sources,https://executiveseveranceadvisors.com/rsu-vesting-after-severance/,executiveseveranceadvisors.com,,
copilot,What happens to unvested RSUs when you get laid off?,main,sources,https://www.lifemoneyusa.com/blog/rsu-acceleration-in-tech-layoffs-negotiation-levers-at-250k-unvested,lifemoneyusa.com,,
copilot,What happens to unvested RSUs when you get laid off?,main,sources,https://hrget.com/general/rsus-after-layoff-unvested-stock-refreshers/,hrget.com,,
copilot,What happens to unvested RSUs when you get laid off?,main,sources,https://executiveseveranceadvisors.com/rsu-vesting-after-severance/,executiveseveranceadvisors.com,,
copilot,What happens to unvested RSUs when you get laid off?,main,sources,https://www.lifemoneyusa.com/blog/rsu-acceleration-in-tech-layoffs-what-s-negotiable,lifemoneyusa.com,,
copilot,What happens to unvested RSUs when you get laid off?,main,sources,https://www.lifemoneyusa.com/blog/rsu-acceleration-in-tech-layoffs-negotiation-levers-at-250k-unvested,lifemoneyusa.com,,
copilot,What happens to unvested RSUs when you get laid off?,main,sources,https://sobellawsolutions.com/blog-equity-forfeiture-termination,sobellawsolutions.com,,
copilot,What happens to unvested RSUs when you get laid off?,main,sources,https://hrget.com/general/rsus-after-layoff-unvested-stock-refreshers/,hrget.com,,
copilot,What happens to unvested RSUs when you get laid off?,main,sources,https://www.lifemoneyusa.com/blog/rsu-acceleration-in-tech-layoffs-what-s-negotiable,lifemoneyusa.com,,
copilot,What happens to unvested RSUs when you get laid off?,main,sources,https://sobellawsolutions.com/blog-equity-forfeiture-termination,sobellawsolutions.com,,
copilot,What happens to unvested RSUs when you get laid off?,main,sources,https://www.lifemoneyusa.com/blog/rsu-acceleration-in-tech-layoffs-what-s-negotiable,lifemoneyusa.com,,
copilot,How do applicant tracking systems rank resumes?,main,sources,https://www.syphonlabs.com/blog/how-ats-systems-score-your-resume,syphonlabs.com,,
copilot,How do applicant tracking systems rank resumes?,main,sources,https://www.atsgrade.com/blog/how-ats-match-scores-are-calculated-2026,atsgrade.com,,
copilot,How do applicant tracking systems rank resumes?,main,sources,https://hireflow.net/blog/how-resume-ranking-actually-works,hireflow.net,,
copilot,How do applicant tracking systems rank resumes?,main,sources,https://getplacedai.com/blog/how-ats-systems-score-your-resume-2026,getplacedai.com,,
copilot,How do applicant tracking systems rank resumes?,main,sources,https://www.atsgrade.com/blog/how-ats-match-scores-are-calculated-2026,atsgrade.com,,
copilot,How do applicant tracking systems rank resumes?,main,sources,https://hireflow.net/blog/how-resume-ranking-actually-works,hireflow.net,,
copilot,What do people think of personality tests in hiring?,main,sources,https://testlify.com/pros-and-cons-of-personality-tests-in-hiring-process/,testlify.com,,
copilot,What do people think of personality tests in hiring?,main,sources,https://www.poll-maker.com/personality-test-for-hiring,poll-maker.com,,
copilot,What do people think of personality tests in hiring?,main,sources,https://sigmundtest.com/en/ressources/blog-about-tests/sigmund/2026-05-28-pros-cons-psychometric-testing-en,sigmundtest.com,,
copilot,What do people think of personality tests in hiring?,main,sources,https://testlify.com/pros-and-cons-of-personality-tests-in-hiring-process/,testlify.com,,
copilot,What do people think of personality tests in hiring?,main,sources,https://www.cogn-iq.org/blog/best-personality-tests-hiring/,cogn-iq.org,,
copilot,What do people think of personality tests in hiring?,main,sources,https://www.cogn-iq.org/blog/best-personality-tests-hiring/,cogn-iq.org,,
copilot,What do people think of personality tests in hiring?,main,sources,https://www.testtrick.com/blogs/the-7-best-personality-assessment-tests-for-hiring-in-2026,testtrick.com,,
copilot,What do people think of personality tests in hiring?,main,sources,https://testlify.com/pros-and-cons-of-personality-tests-in-hiring-process/,testlify.com,,
copilot,Is Gong worth the price according to revenue teams?,main,sources,https://gaxonline.com/rankings/b2b-tools/gong/,gaxonline.com,,
copilot,Is Gong worth the price according to revenue teams?,main,sources,https://www.docket.io/resources/research/gong-review,docket.io,,
copilot,Is Gong worth the price according to revenue teams?,main,sources,https://fritz.ai/gong-ai-review/,fritz.ai,,
copilot,Is Gong worth the price according to revenue teams?,main,sources,https://aitoolsbakery.com/blog/gong-review/,aitoolsbakery.com,,
copilot,Is Gong worth the price according to revenue teams?,main,sources,https://makerstack.co/reviews/gong-review/,makerstack.co,,
copilot,Is Gong worth the price according to revenue teams?,main,sources,https://fritz.ai/gong-ai-review/,fritz.ai,,
copilot,Is Gong worth the price according to revenue teams?,main,sources,https://aitoolsbakery.com/blog/gong-review/,aitoolsbakery.com,,
copilot,Is Gong worth the price according to revenue teams?,main,sources,https://aitoolsbakery.com/blog/gong-review/,aitoolsbakery.com,,
copilot,Is Gong worth the price according to revenue teams?,main,sources,https://www.docket.io/resources/research/gong-review,docket.io,,
copilot,Is Gong worth the price according to revenue teams?,main,sources,https://fritz.ai/gong-ai-review/,fritz.ai,,
copilot,Is Gong worth the price according to revenue teams?,main,sources,https://makerstack.co/reviews/gong-review/,makerstack.co,,
copilot,Is Gong worth the price according to revenue teams?,main,sources,https://www.docket.io/resources/research/gong-review,docket.io,,
copilot,What is the difference between ARR and bookings?,main,sources,https://metrickittools.com/guides/bookings-vs-arr-guide,metrickittools.com,,
copilot,What is the difference between ARR and bookings?,main,sources,https://corporatefinanceinstitute.com/resources/valuation/bookings-vs-arr/,corporatefinanceinstitute.com,,
copilot,What is the difference between ARR and bookings?,main,sources,https://stripe.com/resources/more/bookings-vs-arr-explained-what-each-is-and-how-businesses-should-use-both,stripe.com,,
copilot,What is the difference between ARR and bookings?,main,sources,https://metrickittools.com/guides/bookings-vs-arr-guide,metrickittools.com,,
copilot,What is the CFA exam structure and pass rate?,main,sources,https://www.cfainstitute.org/about/press-room/2026/cfa-program-results-level-i-november-2025,cfainstitute.org,,
copilot,What is the CFA exam structure and pass rate?,main,sources,https://www.schweser.com/cfa/blog/how-to-pass-the-cfa-exam/what-is-the-cfa-exam-pass-rate,schweser.com,,
copilot,What is the CFA exam structure and pass rate?,main,sources,http://thebilliondollarfund.org/exam-results.html,thebilliondollarfund.org,,
copilot,What is the CFA exam structure and pass rate?,main,sources,https://www.investmentnews.com/practice-management/cfa-final-success-rate-climbs-to-50-while-below-decade-average/262688,investmentnews.com,,
copilot,What is the CFA exam structure and pass rate?,main,sources,https://markets.financialcontent.com/stocks/article/bizwire-2025-10-23-cfa-institute-reports-results-for-cfa-program-level-iii-testing-in-august-2025,markets.financialcontent.com,,
copilot,What is the CFA exam structure and pass rate?,main,sources,https://uniqueglobaleducation.com/cfa-exam-2025-complete-guide-to-pattern-career-scope-key-updates/,uniqueglobaleducation.com,,
copilot,What is the CFA exam structure and pass rate?,main,sources,https://www.getmyuni.com/exams/cfa-exam-pattern,getmyuni.com,,
copilot,What is the CFA exam structure and pass rate?,main,sources,https://www.cfainstitute.org/programs/cfa-program/exam,cfainstitute.org,,
copilot,What is the CFA exam structure and pass rate?,main,sources,https://clenta.com/cfa-exam-2025-syllabus-process-and-key-dates-explained/,clenta.com,,
copilot,What is the CFA exam structure and pass rate?,main,sources,https://www.cfainstitute.org/programs/cfa-program/exam,cfainstitute.org,,
copilot,What is the CFA exam structure and pass rate?,main,sources,https://www.cfainstitute.org/programs/cfa-program/curriculum,cfainstitute.org,,
copilot,What is the CFA exam structure and pass rate?,main,sources,https://www.cfainstitute.org/about/press-room/2026/cfa-program-results-level-i-november-2025,cfainstitute.org,,
copilot,What is the CFA exam structure and pass rate?,main,sources,https://www.schweser.com/cfa/blog/how-to-pass-the-cfa-exam/what-is-the-cfa-exam-pass-rate,schweser.com,,
copilot,What is the CFA exam structure and pass rate?,main,sources,http://thebilliondollarfund.org/exam-results.html,thebilliondollarfund.org,,
copilot,What is the CFA exam structure and pass rate?,main,sources,https://www.investmentnews.com/practice-management/cfa-final-success-rate-climbs-to-50-while-below-decade-average/262688,investmentnews.com,,
copilot,What is the CFA exam structure and pass rate?,main,sources,https://markets.financialcontent.com/stocks/article/bizwire-2025-10-23-cfa-institute-reports-results-for-cfa-program-level-iii-testing-in-august-2025,markets.financialcontent.com,,
copilot,What is the CFA exam structure and pass rate?,main,sources,https://clenta.com/cfa-exam-2025-syllabus-process-and-key-dates-explained/,clenta.com,,
copilot,What is the CFA exam structure and pass rate?,main,sources,https://www.cfainstitute.org/about/press-room/2026/cfa-program-results-level-i-november-2025,cfainstitute.org,,
copilot,What is the CFA exam structure and pass rate?,main,sources,https://markets.financialcontent.com/stocks/article/bizwire-2025-10-23-cfa-institute-reports-results-for-cfa-program-level-iii-testing-in-august-2025,markets.financialcontent.com,,
copilot,What does SOC 2 compliance actually certify?,main,sources,https://www.rapid7.com/fundamentals/soc-2-compliance/,rapid7.com,,
copilot,What does SOC 2 compliance actually certify?,main,sources,https://www.riskwatch.com/what-is-soc-2/,riskwatch.com,,
copilot,What does SOC 2 compliance actually certify?,main,sources,https://www.cyberhaven.com/infosec-essentials/what-is-soc2,cyberhaven.com,,
copilot,What does SOC 2 compliance actually certify?,main,sources,https://www.glocertinternational.com/resources/guides/what-is-soc-2/,glocertinternational.com,,
copilot,What does SOC 2 compliance actually certify?,main,sources,https://www.secure.com/glossary/what-is-soc2,secure.com,,
copilot,What does SOC 2 compliance actually certify?,main,sources,https://www.riskwatch.com/what-is-soc-2/,riskwatch.com,,
copilot,What does SOC 2 compliance actually certify?,main,sources,https://www.glocertinternational.com/resources/guides/what-is-soc-2/,glocertinternational.com,,
copilot,What does SOC 2 compliance actually certify?,main,sources,https://www.riskwatch.com/what-is-soc-2/,riskwatch.com,,
copilot,What does SOC 2 compliance actually certify?,main,sources,https://www.secure.com/glossary/what-is-soc2,secure.com,,
copilot,What does SOC 2 compliance actually certify?,main,sources,https://www.cyberhaven.com/infosec-essentials/what-is-soc2,cyberhaven.com,,
copilot,What does SOC 2 compliance actually certify?,main,sources,https://www.glocertinternational.com/resources/guides/what-is-soc-2/,glocertinternational.com,,
copilot,What does SOC 2 compliance actually certify?,main,sources,https://www.rapid7.com/fundamentals/soc-2-compliance/,rapid7.com,,
copilot,What does SOC 2 compliance actually certify?,main,sources,https://www.rapid7.com/fundamentals/soc-2-compliance/,rapid7.com,,
copilot,How long does a typical corporate hiring process take in 2026?,main,sources,https://interviewcost.com/time-to-hire,interviewcost.com,,
copilot,How long does a typical corporate hiring process take in 2026?,main,sources,https://skima.ai/blog/industry-trends-and-insights/average-time-to-hire-by-industry,skima.ai,,
copilot,How long does a typical corporate hiring process take in 2026?,main,sources,https://skima.ai/blog/industry-trends-and-insights/average-time-to-hire-by-industry,skima.ai,,
copilot,How long does a typical corporate hiring process take in 2026?,main,sources,https://interviewcost.com/time-to-hire,interviewcost.com,,
copilot,How long does a typical corporate hiring process take in 2026?,main,sources,https://skima.ai/blog/industry-trends-and-insights/average-time-to-hire-by-industry,skima.ai,,
copilot,How long does a typical corporate hiring process take in 2026?,main,sources,https://interviewcost.com/time-to-hire,interviewcost.com,,
copilot,How long does a typical corporate hiring process take in 2026?,main,sources,https://skima.ai/blog/industry-trends-and-insights/average-time-to-hire-by-industry,skima.ai,,
copilot,How long does a typical corporate hiring process take in 2026?,main,sources,https://interviewcost.com/time-to-hire,interviewcost.com,,
copilot,How long does a typical corporate hiring process take in 2026?,main,sources,https://skima.ai/blog/industry-trends-and-insights/average-time-to-hire-by-industry,skima.ai,,
copilot,How long does a typical corporate hiring process take in 2026?,main,sources,https://interviewcost.com/time-to-hire,interviewcost.com,,
copilot,How long does a typical corporate hiring process take in 2026?,main,sources,https://skima.ai/blog/industry-trends-and-insights/average-time-to-hire-by-industry,skima.ai,,
copilot,How long does a typical corporate hiring process take in 2026?,main,sources,https://interviewcost.com/time-to-hire,interviewcost.com,,
copilot,How long does a typical corporate hiring process take in 2026?,main,sources,https://interviewcost.com/time-to-hire,interviewcost.com,,
copilot,How long does a typical corporate hiring process take in 2026?,main,sources,https://www.theresource.com/2025/10/13/average-time-to-hire/,theresource.com,,
copilot,How long does a typical corporate hiring process take in 2026?,main,sources,https://www.theresource.com/2025/10/13/average-time-to-hire/,theresource.com,,
copilot,How long does a typical corporate hiring process take in 2026?,main,sources,https://interviewcost.com/time-to-hire,interviewcost.com,,
copilot,How long does a typical corporate hiring process take in 2026?,main,sources,https://skima.ai/blog/industry-trends-and-insights/average-time-to-hire-by-industry,skima.ai,,
copilot,How long does a typical corporate hiring process take in 2026?,main,sources,https://www.klearskill.com/resources/blog/time-to-hire-benchmark-2026,klearskill.com,,
copilot,How long does a typical corporate hiring process take in 2026?,main,sources,https://treegarden.io/blog/average-time-to-hire-benchmarks-2026/,treegarden.io,,
copilot,How long does a typical corporate hiring process take in 2026?,main,sources,https://treegarden.io/blog/average-time-to-hire-benchmarks-2026/,treegarden.io,,
copilot,How long does a typical corporate hiring process take in 2026?,main,sources,https://skima.ai/blog/industry-trends-and-insights/average-time-to-hire-by-industry,skima.ai,,
copilot,What do consultants say about leaving consulting for industry?,main,sources,https://umbrex.com/resources/the-consulting-career-guide/deciding-whether-to-leave-consulting/,umbrex.com,,
copilot,What do consultants say about leaving consulting for industry?,main,sources,https://charlesaris.com/thought-leadership/how-to-find-your-ideal-exit-opportunity-from-consulting/,charlesaris.com,,
copilot,What do consultants say about leaving consulting for industry?,main,sources,https://umbrex.com/resources/the-consulting-career-guide/staying-transferring-or-leaving-for-sustainability/,umbrex.com,,
copilot,What do consultants say about leaving consulting for industry?,main,sources,https://umbrex.com/resources/successful-exit-the-consultants-guide-to-landing-a-great-role-outside-the-firm/,umbrex.com,,
copilot,What do consultants say about leaving consulting for industry?,main,sources,https://charlesaris.com/thought-leadership/how-to-find-your-ideal-exit-opportunity-from-consulting/,charlesaris.com,,
copilot,What do consultants say about leaving consulting for industry?,main,sources,https://knowledge.insead.edu/career/how-transition-out-consulting,knowledge.insead.edu,,
copilot,What do consultants say about leaving consulting for industry?,main,sources,https://charlesaris.com/thought-leadership/how-to-find-your-ideal-exit-opportunity-from-consulting/,charlesaris.com,,
copilot,What do consultants say about leaving consulting for industry?,main,sources,https://umbrex.com/resources/successful-exit-the-consultants-guide-to-landing-a-great-role-outside-the-firm/,umbrex.com,,
copilot,What do consultants say about leaving consulting for industry?,main,sources,https://umbrex.com/resources/the-consulting-career-guide/staying-transferring-or-leaving-for-sustainability/,umbrex.com,,
copilot,What do consultants say about leaving consulting for industry?,main,sources,https://knowledge.insead.edu/career/how-transition-out-consulting,knowledge.insead.edu,,
copilot,What do consultants say about leaving consulting for industry?,main,sources,https://knowledge.insead.edu/career/how-transition-out-consulting,knowledge.insead.edu,,
copilot,What do consultants say about leaving consulting for industry?,main,sources,https://knowledge.insead.edu/career/how-transition-out-consulting,knowledge.insead.edu,,
copilot,What do consultants say about leaving consulting for industry?,main,sources,https://umbrex.com/resources/the-consulting-career-guide/deciding-whether-to-leave-consulting/,umbrex.com,,
copilot,What do consultants say about leaving consulting for industry?,main,sources,https://umbrex.com/resources/successful-exit-the-consultants-guide-to-landing-a-great-role-outside-the-firm/,umbrex.com,,
copilot,What do consultants say about leaving consulting for industry?,main,sources,https://knowledge.insead.edu/career/how-transition-out-consulting,knowledge.insead.edu,,
copilot,What do consultants say about leaving consulting for industry?,main,sources,https://umbrex.com/resources/the-consulting-career-guide/staying-transferring-or-leaving-for-sustainability/,umbrex.com,,
copilot,What do consultants say about leaving consulting for industry?,main,sources,https://umbrex.com/resources/successful-exit-the-consultants-guide-to-landing-a-great-role-outside-the-firm/,umbrex.com,,
copilot,What do consultants say about leaving consulting for industry?,main,sources,https://umbrex.com/resources/successful-exit-the-consultants-guide-to-landing-a-great-role-outside-the-firm/,umbrex.com,,
copilot,What do consultants say about leaving consulting for industry?,main,sources,https://umbrex.com/resources/successful-exit-the-consultants-guide-to-landing-a-great-role-outside-the-firm/,umbrex.com,,
copilot,What is garden leave and when does it apply?,main,sources,https://www.aihr.com/blog/garden-leave/,aihr.com,,
copilot,What is garden leave and when does it apply?,main,sources,https://www.remoteand.com/resources/garden-leave,remoteand.com,,
copilot,What is garden leave and when does it apply?,main,sources,https://www.remoteand.com/resources/garden-leave,remoteand.com,,
copilot,What is garden leave and when does it apply?,main,sources,https://www.legalstacktools.com/guides/garden-leave-explained,legalstacktools.com,,
copilot,What is garden leave and when does it apply?,main,sources,https://vlolawfirm.com/glossary/garden-leave,vlolawfirm.com,,
copilot,What is garden leave and when does it apply?,main,sources,https://www.investopedia.com/terms/g/gardening-leave.asp,investopedia.com,,
copilot,What is garden leave and when does it apply?,main,sources,https://www.aihr.com/blog/garden-leave/,aihr.com,,
copilot,What is garden leave and when does it apply?,main,sources,https://vlolawfirm.com/glossary/garden-leave,vlolawfirm.com,,
copilot,What is garden leave and when does it apply?,main,sources,https://www.legalstacktools.com/guides/garden-leave-explained,legalstacktools.com,,
copilot,What is garden leave and when does it apply?,main,sources,https://www.investopedia.com/terms/g/gardening-leave.asp,investopedia.com,,
copilot,How did people successfully negotiate fully remote arrangements?,main,sources,https://www.vizaca.com/leadership/negotiate-remote-work-2027/,vizaca.com,,
copilot,How did people successfully negotiate fully remote arrangements?,main,sources,https://workinanywhere.com/blog/negotiate-remote-work-agreement,workinanywhere.com,,
copilot,How did people successfully negotiate fully remote arrangements?,main,sources,https://workinanywhere.com/blog/negotiate-remote-work-agreement,workinanywhere.com,,
copilot,How did people successfully negotiate fully remote arrangements?,main,sources,https://www.vizaca.com/leadership/negotiate-remote-work-2027/,vizaca.com,,
copilot,How did people successfully negotiate fully remote arrangements?,main,sources,https://jobsbyculture.com/blog/how-to-negotiate-remote-work-in-hybrid-company-2026,jobsbyculture.com,,
copilot,How did people successfully negotiate fully remote arrangements?,main,sources,https://jobsbyculture.com/blog/how-to-negotiate-remote-work-in-hybrid-company-2026,jobsbyculture.com,,
copilot,How did people successfully negotiate fully remote arrangements?,main,sources,https://careerlaunchkit.com/resources/guides/negotiate-remote-work,careerlaunchkit.com,,
copilot,How did people successfully negotiate fully remote arrangements?,main,sources,https://www.vizaca.com/leadership/negotiate-remote-work-2027/,vizaca.com,,
copilot,How did people successfully negotiate fully remote arrangements?,main,sources,https://workinanywhere.com/blog/negotiate-remote-work-agreement,workinanywhere.com,,
copilot,How did people successfully negotiate fully remote arrangements?,main,sources,https://workinanywhere.com/blog/negotiate-remote-work-agreement,workinanywhere.com,,
copilot,How did people successfully negotiate fully remote arrangements?,main,sources,https://workinanywhere.com/blog/negotiate-remote-work-agreement,workinanywhere.com,,
copilot,How did people successfully negotiate fully remote arrangements?,main,sources,https://www.vizaca.com/leadership/negotiate-remote-work-2027/,vizaca.com,,
copilot,How did people successfully negotiate fully remote arrangements?,main,sources,https://jobsbyculture.com/blog/how-to-negotiate-remote-work-in-hybrid-company-2026,jobsbyculture.com,,
copilot,How did people successfully negotiate fully remote arrangements?,main,sources,https://www.liveq.ai/blog/how-to-negotiate-remote-work-scripts-and-strategies-when-the-job-posting-says-on-site,liveq.ai,,
copilot,How did people successfully negotiate fully remote arrangements?,main,sources,https://careerlaunchkit.com/resources/guides/negotiate-remote-work,careerlaunchkit.com,,
copilot,How did people successfully negotiate fully remote arrangements?,main,sources,https://www.vizaca.com/leadership/negotiate-remote-work-2027/,vizaca.com,,
copilot,How did people successfully negotiate fully remote arrangements?,main,sources,https://www.liveq.ai/blog/how-to-negotiate-remote-work-scripts-and-strategies-when-the-job-posting-says-on-site,liveq.ai,,
copilot,What do agencies say about reporting in GA4 for clients?,main,sources,https://www.breut.com/blog/ga4-reporting-for-agencies,breut.com,,
copilot,What do agencies say about reporting in GA4 for clients?,main,sources,https://agencydashboard.io/blog/ga4-reporting-for-agencies,agencydashboard.io,,
copilot,What do agencies say about reporting in GA4 for clients?,main,sources,https://agencydashboard.io/blog/ga4-reporting,agencydashboard.io,,
copilot,What do agencies say about reporting in GA4 for clients?,main,sources,https://sonrai.app/blog/ga4-reporting-guide-agencies,sonrai.app,,
copilot,What do agencies say about reporting in GA4 for clients?,main,sources,https://www.breut.com/blog/ga4-reporting-for-agencies,breut.com,,
copilot,What do agencies say about reporting in GA4 for clients?,main,sources,https://sonrai.app/blog/ga4-reporting-guide-agencies,sonrai.app,,
copilot,What do agencies say about reporting in GA4 for clients?,main,sources,https://agencydashboard.io/blog/ga4-reporting,agencydashboard.io,,
copilot,What do agencies say about reporting in GA4 for clients?,main,sources,https://agencydashboard.io/blog/ga4-reporting-for-agencies,agencydashboard.io,,
copilot,What do agencies say about reporting in GA4 for clients?,main,sources,https://agencydashboard.io/blog/ga4-custom-reports,agencydashboard.io,,
copilot,What do agencies say about reporting in GA4 for clients?,main,sources,https://agencydashboard.io/blog/ga4-reporting,agencydashboard.io,,
copilot,What do agencies say about reporting in GA4 for clients?,main,sources,https://agencydashboard.io/blog/ga4-custom-reports,agencydashboard.io,,
copilot,What surprised people most about becoming self employed?,main,sources,https://qz.com/freelancing-tips-before-quitting-your-job,qz.com,,
copilot,What surprised people most about becoming self employed?,main,sources,https://www.forbes.com/councils/forbesbusinesscouncil/2025/09/19/the-hidden-costs-of-entrepreneurship/,forbes.com,,
copilot,What surprised people most about becoming self employed?,main,sources,https://www.mymangocrm.com/post/5-hidden-realities-of-working-for-yourself,mymangocrm.com,,
copilot,What surprised people most about becoming self employed?,main,sources,https://www.simplybusiness.com/resource/the-challenges-of-going-solo-an-inside-look-at-solopreneur-sacrifices/,simplybusiness.com,,
copilot,What surprised people most about becoming self employed?,main,sources,https://www.selfemployed.com/should-you-become-self-employed/,selfemployed.com,,
copilot,What surprised people most about becoming self employed?,main,sources,https://qz.com/freelancing-tips-before-quitting-your-job,qz.com,,
copilot,What surprised people most about becoming self employed?,main,sources,https://www.selfemployed.com/should-you-become-self-employed/,selfemployed.com,,
copilot,What surprised people most about becoming self employed?,main,sources,https://qz.com/freelancing-tips-before-quitting-your-job,qz.com,,
copilot,What surprised people most about becoming self employed?,main,sources,https://www.mymangocrm.com/post/5-hidden-realities-of-working-for-yourself,mymangocrm.com,,
copilot,What surprised people most about becoming self employed?,main,sources,https://www.simplybusiness.com/resource/the-challenges-of-going-solo-an-inside-look-at-solopreneur-sacrifices/,simplybusiness.com,,
copilot,What surprised people most about becoming self employed?,main,sources,https://www.forbes.com/councils/forbesbusinesscouncil/2025/09/19/the-hidden-costs-of-entrepreneurship/,forbes.com,,
copilot,What surprised people most about becoming self employed?,main,sources,https://www.simplybusiness.com/resource/the-challenges-of-going-solo-an-inside-look-at-solopreneur-sacrifices/,simplybusiness.com,,
copilot,What surprised people most about becoming self employed?,main,sources,https://www.forbes.com/councils/forbesbusinesscouncil/2025/09/19/the-hidden-costs-of-entrepreneurship/,forbes.com,,
copilot,What surprised people most about becoming self employed?,main,sources,https://www.selfemployed.com/should-you-become-self-employed/,selfemployed.com,,
copilot,What surprised people most about becoming self employed?,main,sources,https://www.simplybusiness.com/resource/the-challenges-of-going-solo-an-inside-look-at-solopreneur-sacrifices/,simplybusiness.com,,
copilot,What surprised people most about becoming self employed?,main,sources,https://www.mymangocrm.com/post/5-hidden-realities-of-working-for-yourself,mymangocrm.com,,
copilot,Is job hopping every two years still frowned upon?,main,sources,https://www.jobcanvas.ai/blog/job-hopping-2026-analysis,jobcanvas.ai,,
copilot,Is job hopping every two years still frowned upon?,main,sources,https://resumeleap.app/blog/is-job-hopping-still-a-red-flag,resumeleap.app,,
copilot,Is job hopping every two years still frowned upon?,main,sources,https://ikimate.com/blog/gen-z-job-hopper-83-percent-2026,ikimate.com,,
copilot,Is job hopping every two years still frowned upon?,main,sources,https://gitnux.org/job-hopping-statistics/,gitnux.org,,
copilot,Is job hopping every two years still frowned upon?,main,sources,https://resumeleap.app/blog/is-job-hopping-still-a-red-flag,resumeleap.app,,
copilot,Is job hopping every two years still frowned upon?,main,sources,https://www.jobcanvas.ai/blog/job-hopping-2026-analysis,jobcanvas.ai,,
copilot,What is a typical bonus percentage for mid level managers?,main,sources,https://salarycheck.ai/guides/annual-performance-bonus-2026,salarycheck.ai,,
copilot,What is a typical bonus percentage for mid level managers?,main,sources,https://wealthvieu.com/salaries/paycheck-guide/average-bonus-by-industry/,wealthvieu.com,,
copilot,What is a typical bonus percentage for mid level managers?,main,sources,https://salarycheck.ai/guides/annual-performance-bonus-2026,salarycheck.ai,,
copilot,What is a typical bonus percentage for mid level managers?,main,sources,https://wealthvieu.com/salaries/paycheck-guide/average-bonus-by-industry/,wealthvieu.com,,
copilot,What is a typical bonus percentage for mid level managers?,main,sources,https://wealthvieu.com/salaries/paycheck-guide/average-bonus-by-industry/,wealthvieu.com,,
copilot,What is a typical bonus percentage for mid level managers?,main,sources,https://wealthvieu.com/salaries/paycheck-guide/average-bonus-by-industry/,wealthvieu.com,,
copilot,What is a typical bonus percentage for mid level managers?,main,sources,https://salarycheck.ai/guides/annual-performance-bonus-2026,salarycheck.ai,,
copilot,What is a typical bonus percentage for mid level managers?,main,sources,https://salarycheck.ai/guides/annual-performance-bonus-2026,salarycheck.ai,,
copilot,What is a typical bonus percentage for mid level managers?,main,sources,https://salarycheck.ai/guides/annual-performance-bonus-2026,salarycheck.ai,,
copilot,How do teams actually feel about async standups replacing meetings?,main,sources,https://blog.asa.team/async-standup-vs-sync-standup/,blog.asa.team,,
copilot,How do teams actually feel about async standups replacing meetings?,main,sources,https://pandev-metrics.com/docs/blog/daily-standup-alternatives,pandev-metrics.com,,
copilot,How do teams actually feel about async standups replacing meetings?,main,sources,https://scrumtool.io/blog/async-standups-vs-live-standups-which-one-is-right-for-your-team,scrumtool.io,,
copilot,How do teams actually feel about async standups replacing meetings?,main,sources,https://www.teamretro.com/guides/daily-standup-guide/async-and-remote-standups/,teamretro.com,,
copilot,How do teams actually feel about async standups replacing meetings?,main,sources,https://scrumtool.io/blog/async-standups-vs-live-standups-which-one-is-right-for-your-team,scrumtool.io,,
copilot,How do teams actually feel about async standups replacing meetings?,main,sources,https://www.teamretro.com/guides/daily-standup-guide/async-and-remote-standups/,teamretro.com,,
copilot,How do teams actually feel about async standups replacing meetings?,main,sources,https://www.teamretro.com/guides/daily-standup-guide/async-and-remote-standups/,teamretro.com,,
copilot,How do teams actually feel about async standups replacing meetings?,main,sources,https://www.teamretro.com/guides/daily-standup-guide/async-and-remote-standups/,teamretro.com,,
copilot,How do teams actually feel about async standups replacing meetings?,main,sources,https://pandev-metrics.com/docs/blog/daily-standup-alternatives,pandev-metrics.com,,
copilot,How do teams actually feel about async standups replacing meetings?,main,sources,https://scrumtool.io/blog/async-standups-vs-live-standups-which-one-is-right-for-your-team,scrumtool.io,,
copilot,How do teams actually feel about async standups replacing meetings?,main,sources,https://www.teamretro.com/guides/daily-standup-guide/async-and-remote-standups/,teamretro.com,,
copilot,How do teams actually feel about async standups replacing meetings?,main,sources,https://blog.asa.team/async-standup-vs-sync-standup/,blog.asa.team,,
copilot,How do teams actually feel about async standups replacing meetings?,main,sources,https://pandev-metrics.com/docs/blog/daily-standup-alternatives,pandev-metrics.com,,
copilot,How do non compete agreements work in California?,main,sources,https://www.nickbrooksesq.com/employment-law/californias-statutory-ban-on-noncompete-agreements-employer-duties-and-enforcement-in-2025,nickbrooksesq.com,,
copilot,How do non compete agreements work in California?,main,sources,https://www.1000attorneys.com/post/california-non-compete-ab-1076,1000attorneys.com,,
copilot,How do non compete agreements work in California?,main,sources,https://www.tomgallagherlaw.com/california-non-compete-law-guide/,tomgallagherlaw.com,,
copilot,How do non compete agreements work in California?,main,sources,https://www.gavelinsight.com/2025/09/are-california-non-competes-dead-new.html,gavelinsight.com,,
copilot,How do non compete agreements work in California?,main,sources,https://www.eagan.law/blog/employment/non-compete-agreements-california-unenforceable.html,eagan.law,,
copilot,How do non compete agreements work in California?,main,sources,https://www.nickbrooksesq.com/employment-law/californias-statutory-ban-on-noncompete-agreements-employer-duties-and-enforcement-in-2025,nickbrooksesq.com,,
copilot,How do non compete agreements work in California?,main,sources,https://www.1000attorneys.com/post/california-non-compete-ab-1076,1000attorneys.com,,
copilot,How do non compete agreements work in California?,main,sources,https://www.eagan.law/blog/employment/non-compete-agreements-california-unenforceable.html,eagan.law,,
copilot,"Can Notion replace Confluence for engineering docs, according to teams that tried?",main,sources,https://aisotools.com/blog/notion-vs-confluence-2026,aisotools.com,,
copilot,"Can Notion replace Confluence for engineering docs, according to teams that tried?",main,sources,https://knowledgebasesoftware.net/learn/notion-vs-confluence-which-one-is-worth-it-for-your-team-in,knowledgebasesoftware.net,,
copilot,"Can Notion replace Confluence for engineering docs, according to teams that tried?",main,sources,https://www.cloudyunicorn.com/confluence-vs-notion,cloudyunicorn.com,,
copilot,"Can Notion replace Confluence for engineering docs, according to teams that tried?",main,sources,https://semstage.com/comparisons/notion-vs-confluence/,semstage.com,,
copilot,"Can Notion replace Confluence for engineering docs, according to teams that tried?",main,sources,https://www.cloudyunicorn.com/confluence-vs-notion,cloudyunicorn.com,,
copilot,"Can Notion replace Confluence for engineering docs, according to teams that tried?",main,sources,https://aisotools.com/blog/notion-vs-confluence-2026,aisotools.com,,
copilot,"Can Notion replace Confluence for engineering docs, according to teams that tried?",main,sources,https://aisotools.com/blog/notion-vs-confluence-2026,aisotools.com,,
copilot,"Can Notion replace Confluence for engineering docs, according to teams that tried?",main,sources,https://aisotools.com/blog/notion-vs-confluence-2026,aisotools.com,,
copilot,"Can Notion replace Confluence for engineering docs, according to teams that tried?",main,sources,https://knowledgebasesoftware.net/learn/notion-vs-confluence-which-one-is-worth-it-for-your-team-in,knowledgebasesoftware.net,,
copilot,"Can Notion replace Confluence for engineering docs, according to teams that tried?",main,sources,https://knowledgebasesoftware.net/learn/notion-vs-confluence-which-one-is-worth-it-for-your-team-in,knowledgebasesoftware.net,,
copilot,"Can Notion replace Confluence for engineering docs, according to teams that tried?",main,sources,https://earnifyhub.com/blog/remote-work/notion-vs-confluence-remote-teams,earnifyhub.com,,
copilot,"Can Notion replace Confluence for engineering docs, according to teams that tried?",main,sources,https://semstage.com/comparisons/notion-vs-confluence/,semstage.com,,
copilot,"Can Notion replace Confluence for engineering docs, according to teams that tried?",main,sources,https://aisotools.com/blog/notion-vs-confluence-2026,aisotools.com,,
copilot,"Can Notion replace Confluence for engineering docs, according to teams that tried?",main,sources,https://semstage.com/comparisons/notion-vs-confluence/,semstage.com,,
copilot,"Can Notion replace Confluence for engineering docs, according to teams that tried?",main,sources,https://aisotools.com/blog/notion-vs-confluence-2026,aisotools.com,,
copilot,"Can Notion replace Confluence for engineering docs, according to teams that tried?",main,sources,https://knowledgebasesoftware.net/learn/notion-vs-confluence-which-one-is-worth-it-for-your-team-in,knowledgebasesoftware.net,,
copilot,"Can Notion replace Confluence for engineering docs, according to teams that tried?",main,sources,https://earnifyhub.com/blog/remote-work/notion-vs-confluence-remote-teams,earnifyhub.com,,
copilot,"Can Notion replace Confluence for engineering docs, according to teams that tried?",main,sources,https://knowledgebasesoftware.net/learn/notion-vs-confluence-which-one-is-worth-it-for-your-team-in,knowledgebasesoftware.net,,
copilot,"Can Notion replace Confluence for engineering docs, according to teams that tried?",main,sources,https://semstage.com/comparisons/notion-vs-confluence/,semstage.com,,
copilot,What is the difference between a W2 employee and a 1099 contractor?,main,sources,https://sunnybill.com/guides/1099-vs-w2-explained,sunnybill.com,,
copilot,What is the difference between a W2 employee and a 1099 contractor?,main,sources,https://spew.money/resources/guides/w2-vs-1099-comparison/,spew.money,,
copilot,What is the difference between a W2 employee and a 1099 contractor?,main,sources,https://www.paycor.com/resource-center/articles/w2-vs-1099/,paycor.com,,
copilot,What is the difference between a W2 employee and a 1099 contractor?,main,sources,https://bookkeepingflow.com/blog/taxes/1099-vs-w2-differences/,bookkeepingflow.com,,
copilot,What is the difference between a W2 employee and a 1099 contractor?,main,sources,https://onpay.com/insights/employee-vs-independent-contractor/,onpay.com,,
copilot,What is the difference between a W2 employee and a 1099 contractor?,main,sources,https://sunnybill.com/guides/1099-vs-w2-explained,sunnybill.com,,
copilot,What is the difference between a W2 employee and a 1099 contractor?,main,sources,https://www.paycor.com/resource-center/articles/w2-vs-1099/,paycor.com,,
copilot,"What equity is realistic at a Series B startup, according to people who negotiated it?",main,sources,https://www.founder-math.com/blog/negotiate-equity-offer.html,founder-math.com,,
copilot,"What equity is realistic at a Series B startup, according to people who negotiated it?",main,sources,https://www.founder-math.com/blog/posts/startup-employee-equity-guide.html,founder-math.com,,
copilot,"What equity is realistic at a Series B startup, according to people who negotiated it?",main,sources,https://valueaddvc.com/blog/how-to-negotiate-equity-at-a-startup-the-framework-employees-use-to-not-leave-money-on-the-table,valueaddvc.com,,
copilot,"What equity is realistic at a Series B startup, according to people who negotiated it?",main,sources,https://www.founder-math.com/blog/posts/how-much-equity-should-i-ask-for.html,founder-math.com,,
copilot,"What equity is realistic at a Series B startup, according to people who negotiated it?",main,sources,https://www.founder-math.com/blog/negotiate-equity-offer.html,founder-math.com,,
copilot,"What equity is realistic at a Series B startup, according to people who negotiated it?",main,sources,https://valueaddvc.com/blog/how-to-negotiate-equity-at-a-startup-the-framework-employees-use-to-not-leave-money-on-the-table,valueaddvc.com,,
copilot,"What equity is realistic at a Series B startup, according to people who negotiated it?",main,sources,https://www.founder-math.com/blog/negotiate-equity-offer.html,founder-math.com,,
copilot,"What equity is realistic at a Series B startup, according to people who negotiated it?",main,sources,https://valueaddvc.com/blog/how-to-negotiate-equity-at-a-startup-the-framework-employees-use-to-not-leave-money-on-the-table,valueaddvc.com,,
copilot,"What equity is realistic at a Series B startup, according to people who negotiated it?",main,sources,https://www.founder-math.com/blog/posts/startup-employee-equity-guide.html,founder-math.com,,
copilot,"What equity is realistic at a Series B startup, according to people who negotiated it?",main,sources,https://www.founder-math.com/blog/posts/how-much-equity-should-i-ask-for.html,founder-math.com,,
copilot,"What equity is realistic at a Series B startup, according to people who negotiated it?",main,sources,https://www.founder-math.com/blog/startup-equity-benchmarks-guide.html,founder-math.com,,
copilot,"What equity is realistic at a Series B startup, according to people who negotiated it?",main,sources,https://valueaddvc.com/blog/how-to-negotiate-equity-at-a-startup-the-framework-employees-use-to-not-leave-money-on-the-table,valueaddvc.com,,
copilot,"What equity is realistic at a Series B startup, according to people who negotiated it?",main,sources,https://www.founder-math.com/blog/posts/how-much-equity-should-i-ask-for.html,founder-math.com,,
copilot,What do recruiters actually think of one page resumes?,main,sources,https://aiinsightsblogs.com/blogs/2339afc2-f4d4-4b00-883f-173f3f39b959-one-page-vs-two-page-resume-2026,aiinsightsblogs.com,,
copilot,What do recruiters actually think of one page resumes?,main,sources,https://hireresume.ai/blogs/one-page-vs-two-page-resume-debate-2026,hireresume.ai,,
copilot,What do recruiters actually think of one page resumes?,main,sources,https://hireflow.net/blog/are-resumes-supposed-to-be-one-page,hireflow.net,,
copilot,What do recruiters actually think of one page resumes?,main,sources,https://resumeprotips.com/one-page-vs-two-page-resume,resumeprotips.com,,
copilot,What do recruiters actually think of one page resumes?,main,sources,https://hireflow.net/blog/one-page-vs-two-pages-us-resume-length-rules,hireflow.net,,
copilot,What do recruiters actually think of one page resumes?,main,sources,https://hireresume.ai/blogs/one-page-vs-two-page-resume-debate-2026,hireresume.ai,,
copilot,What do recruiters actually think of one page resumes?,main,sources,https://hireflow.net/blog/are-resumes-supposed-to-be-one-page,hireflow.net,,
copilot,What do remote workers say helps most against burnout?,main,sources,https://roamjobs.com/guides/safety/remote-work-mental-health-burnout-prevention/,roamjobs.com,,
copilot,What do remote workers say helps most against burnout?,main,sources,https://samatahealth.com/blog/work-life-balance-tips-for-remote-workers,samatahealth.com,,
copilot,What do remote workers say helps most against burnout?,main,sources,https://www.igrowfit.com/blog/remote-work-mental-health-15-proven-tips-for-sustainable-wellbeing,igrowfit.com,,
copilot,What do remote workers say helps most against burnout?,main,sources,https://roamjobs.com/guides/safety/remote-work-mental-health-burnout-prevention/,roamjobs.com,,
copilot,What do remote workers say helps most against burnout?,main,sources,https://inspiringexecutives.com/work-life-balance-in-remote-and-hybrid-work-practical-strategies-to-boost-productivity-and-prevent-burnout/,inspiringexecutives.com,,
copilot,What do remote workers say helps most against burnout?,main,sources,https://samatahealth.com/blog/work-life-balance-tips-for-remote-workers,samatahealth.com,,
copilot,What do remote workers say helps most against burnout?,main,sources,https://roamjobs.com/guides/safety/remote-work-mental-health-burnout-prevention/,roamjobs.com,,
copilot,What do remote workers say helps most against burnout?,main,sources,https://inspiringexecutives.com/work-life-balance-for-remote-hybrid-teams-10-practical-habits-to-protect-energy-and-prevent-burnout/,inspiringexecutives.com,,
copilot,What do remote workers say helps most against burnout?,main,sources,https://roamjobs.com/guides/safety/remote-work-mental-health-burnout-prevention/,roamjobs.com,,
copilot,What do remote workers say helps most against burnout?,main,sources,https://inspiringexecutives.com/work-life-balance-in-remote-and-hybrid-work-practical-strategies-to-boost-productivity-and-prevent-burnout/,inspiringexecutives.com,,
copilot,What do remote workers say helps most against burnout?,main,sources,https://inspiringexecutives.com/work-life-balance-for-remote-hybrid-teams-10-practical-habits-to-protect-energy-and-prevent-burnout/,inspiringexecutives.com,,
copilot,What do remote workers say helps most against burnout?,main,sources,https://www.igrowfit.com/blog/remote-work-mental-health-15-proven-tips-for-sustainable-wellbeing,igrowfit.com,,
copilot,What do remote workers say helps most against burnout?,main,sources,https://samatahealth.com/blog/work-life-balance-tips-for-remote-workers,samatahealth.com,,
copilot,What do remote workers say helps most against burnout?,main,sources,https://inspiringexecutives.com/work-life-balance-in-remote-and-hybrid-work-practical-strategies-to-boost-productivity-and-prevent-burnout/,inspiringexecutives.com,,
copilot,What do remote workers say helps most against burnout?,main,sources,https://www.igrowfit.com/blog/remote-work-mental-health-15-proven-tips-for-sustainable-wellbeing,igrowfit.com,,
copilot,What do remote workers say helps most against burnout?,main,sources,https://www.igrowfit.com/blog/remote-work-mental-health-15-proven-tips-for-sustainable-wellbeing,igrowfit.com,,
copilot,What do remote workers say helps most against burnout?,main,sources,https://www.igrowfit.com/blog/remote-work-mental-health-15-proven-tips-for-sustainable-wellbeing,igrowfit.com,,
copilot,What do remote workers say helps most against burnout?,main,sources,https://roamjobs.com/guides/safety/remote-work-mental-health-burnout-prevention/,roamjobs.com,,
copilot,What do remote workers say helps most against burnout?,main,sources,https://roamjobs.com/guides/safety/remote-work-mental-health-burnout-prevention/,roamjobs.com,,
copilot,What do remote workers say helps most against burnout?,main,sources,https://roamjobs.com/guides/safety/remote-work-mental-health-burnout-prevention/,roamjobs.com,,
copilot,What do remote workers say helps most against burnout?,main,sources,https://inspiringexecutives.com/work-life-balance-in-remote-and-hybrid-work-practical-strategies-to-boost-productivity-and-prevent-burnout/,inspiringexecutives.com,,
copilot,What is the difference between a CRM and a CDP?,main,sources,https://www.salesforce.com/marketing/data/cdp-vs-crm/,salesforce.com,,
copilot,What is the difference between a CRM and a CDP?,main,sources,https://cdp.com/glossary/cdp-vs-crm/,cdp.com,,
copilot,What is the difference between a CRM and a CDP?,main,sources,https://www.twilio.com/en-us/blog/insights/data/crm-vs-cdp,twilio.com,,
copilot,What is the difference between a CRM and a CDP?,main,sources,https://mailchimp.com/resources/cdp-vs-crm/,mailchimp.com,,
copilot,What do interviewers say are instant red flags in candidates?,main,sources,https://www.candidate.so/blog/interview-red-flags,candidate.so,,
copilot,What do interviewers say are instant red flags in candidates?,main,sources,https://aptlyhired.com/blogs/10-interview-red-flags-kill-your-chances-how-to-avoid,aptlyhired.com,,
copilot,What do interviewers say are instant red flags in candidates?,main,sources,https://www.candidate.so/blog/interview-red-flags,candidate.so,,
copilot,What do interviewers say are instant red flags in candidates?,main,sources,https://www.candidate.so/blog/interview-red-flags,candidate.so,,
copilot,What do interviewers say are instant red flags in candidates?,main,sources,https://aptlyhired.com/blogs/10-interview-red-flags-kill-your-chances-how-to-avoid,aptlyhired.com,,
copilot,What do interviewers say are instant red flags in candidates?,main,sources,https://www.candidate.so/blog/interview-red-flags,candidate.so,,
copilot,What do interviewers say are instant red flags in candidates?,main,sources,https://www.candidate.so/blog/interview-red-flags,candidate.so,,
copilot,What do interviewers say are instant red flags in candidates?,main,sources,https://www.candidate.so/blog/interview-red-flags,candidate.so,,
copilot,What do interviewers say are instant red flags in candidates?,main,sources,https://aptlyhired.com/blogs/10-interview-red-flags-kill-your-chances-how-to-avoid,aptlyhired.com,,
copilot,What do interviewers say are instant red flags in candidates?,main,sources,https://aptlyhired.com/blogs/10-interview-red-flags-kill-your-chances-how-to-avoid,aptlyhired.com,,
copilot,What do interviewers say are instant red flags in candidates?,main,sources,https://www.candidate.so/blog/interview-red-flags,candidate.so,,
copilot,What do interviewers say are instant red flags in candidates?,main,sources,https://www.candidate.so/blog/interview-red-flags,candidate.so,,
copilot,What do interviewers say are instant red flags in candidates?,main,sources,https://aptlyhired.com/blogs/10-interview-red-flags-kill-your-chances-how-to-avoid,aptlyhired.com,,
copilot,What is a 409A valuation and why does it matter for stock options?,main,sources,https://www.aranca.com/knowledge-library/articles/valuation/409a-valuation-guide-startups,aranca.com,,
copilot,What is a 409A valuation and why does it matter for stock options?,main,sources,https://www.thestartuplawblog.com/409a-valuations-what-every-startup-needs-to-know/,thestartuplawblog.com,,
copilot,What is a 409A valuation and why does it matter for stock options?,main,sources,https://www.thestartuplawblog.com/409a-valuations-what-every-startup-needs-to-know/,thestartuplawblog.com,,
copilot,What is a 409A valuation and why does it matter for stock options?,main,sources,https://409a-valuation.com/insights/what-is-a-409a,409a-valuation.com,,
copilot,What is a 409A valuation and why does it matter for stock options?,main,sources,https://www.bpm.com/insights/409a-valuation/,bpm.com,,
copilot,What is a 409A valuation and why does it matter for stock options?,main,sources,https://www.aranca.com/knowledge-library/articles/valuation/409a-valuation-guide-startups,aranca.com,,
copilot,What is a 409A valuation and why does it matter for stock options?,main,sources,https://bowerylegal.com/articles/409a-valuation-stock-options/,bowerylegal.com,,
copilot,What is a 409A valuation and why does it matter for stock options?,main,sources,https://www.thestartuplawblog.com/409a-valuations-what-every-startup-needs-to-know/,thestartuplawblog.com,,
copilot,What is a 409A valuation and why does it matter for stock options?,main,sources,https://bowerylegal.com/articles/409a-valuation-stock-options/,bowerylegal.com,,
copilot,What is a 409A valuation and why does it matter for stock options?,main,sources,https://409a-valuation.com/insights/what-is-a-409a,409a-valuation.com,,
copilot,What is a 409A valuation and why does it matter for stock options?,main,sources,https://bowerylegal.com/articles/409a-valuation-stock-options/,bowerylegal.com,,
copilot,What is a 409A valuation and why does it matter for stock options?,main,sources,https://bowerylegal.com/articles/409a-valuation-stock-options/,bowerylegal.com,,
copilot,What is a 409A valuation and why does it matter for stock options?,main,sources,https://www.aranca.com/knowledge-library/articles/valuation/409a-valuation-guide-startups,aranca.com,,
copilot,What is a 409A valuation and why does it matter for stock options?,main,sources,https://409a-valuation.com/insights/what-is-a-409a,409a-valuation.com,,
copilot,What do employees really think of return to office mandates?,main,sources,https://www.zmescience.com/science/a-study-of-7704-workers-challenges-a-major-argument-for-return-to-office-mandates/,zmescience.com,,
copilot,What do employees really think of return to office mandates?,main,sources,https://ceoworld.biz/2026/08/15/return-to-office-mandates-are-killing-workplace-trust/,ceoworld.biz,,
copilot,What do employees really think of return to office mandates?,main,sources,https://www.pewresearch.org/short-reads/2025/01/13/many-remote-workers-say-theyd-be-likely-to-leave-their-job-if-they-could-no-longer-work-from-home/,pewresearch.org,,
copilot,What do employees really think of return to office mandates?,main,sources,https://topresume.com/career-advice/press-2025-01-29,topresume.com,,
copilot,What do employees really think of return to office mandates?,main,sources,https://www.bamboohr.com/resources/data-at-work/data-stories/2025-return-to-office,bamboohr.com,,
copilot,What do employees really think of return to office mandates?,main,sources,https://www.jll.com/en-us/insights/workforce-preference-barometer,jll.com,,
copilot,What do employees really think of return to office mandates?,main,sources,https://www.pewresearch.org/short-reads/2025/01/13/many-remote-workers-say-theyd-be-likely-to-leave-their-job-if-they-could-no-longer-work-from-home/,pewresearch.org,,
copilot,What skills do data engineering roles require in 2026?,main,sources,https://ai-de.net/guide/data-engineer-skills,ai-de.net,,
copilot,What skills do data engineering roles require in 2026?,main,sources,https://www.dataquest.io/blog/data-engineering-skills/,dataquest.io,,
copilot,What skills do data engineering roles require in 2026?,main,sources,https://www.bristowholland.com/insights/industry-insights/top-5-data-engineering-skills-that-matter-for-hiring-in-2026/,bristowholland.com,,
copilot,What skills do data engineering roles require in 2026?,main,sources,https://devarena.io/blog/data-engineer-hiring-guide/,devarena.io,,
copilot,What skills do data engineering roles require in 2026?,main,sources,https://axialsearch.com/insights/data-engineering-skills,axialsearch.com,,
copilot,What skills do data engineering roles require in 2026?,main,sources,https://ai-de.net/guide/data-engineer-skills,ai-de.net,,
copilot,What skills do data engineering roles require in 2026?,main,sources,https://www.bristowholland.com/insights/industry-insights/top-5-data-engineering-skills-that-matter-for-hiring-in-2026/,bristowholland.com,,
copilot,What skills do data engineering roles require in 2026?,main,sources,https://axialsearch.com/insights/data-engineering-skills,axialsearch.com,,
copilot,What skills do data engineering roles require in 2026?,main,sources,https://devarena.io/blog/data-engineer-hiring-guide/,devarena.io,,
copilot,What skills do data engineering roles require in 2026?,main,sources,https://ai-de.net/guide/data-engineer-skills,ai-de.net,,
copilot,What skills do data engineering roles require in 2026?,main,sources,https://ai-de.net/guide/data-engineer-skills,ai-de.net,,
copilot,What skills do data engineering roles require in 2026?,main,sources,https://www.bristowholland.com/insights/industry-insights/top-5-data-engineering-skills-that-matter-for-hiring-in-2026/,bristowholland.com,,
copilot,What skills do data engineering roles require in 2026?,main,sources,https://ai-de.net/guide/data-engineer-skills,ai-de.net,,
copilot,What skills do data engineering roles require in 2026?,main,sources,https://axialsearch.com/insights/data-engineering-skills,axialsearch.com,,
copilot,What skills do data engineering roles require in 2026?,main,sources,https://ai-de.net/guide/data-engineer-skills,ai-de.net,,
copilot,What skills do data engineering roles require in 2026?,main,sources,https://axialsearch.com/insights/data-engineering-skills,axialsearch.com,,
copilot,What skills do data engineering roles require in 2026?,main,sources,https://axialsearch.com/insights/data-engineering-skills,axialsearch.com,,
copilot,What skills do data engineering roles require in 2026?,main,sources,https://axialsearch.com/insights/data-engineering-skills,axialsearch.com,,
copilot,How do SSO and SCIM provisioning work in enterprise software?,main,sources,https://contentwave.net/article/enterprise-identity-federation-for-hybrid-cloud-scalable-sso,contentwave.net,,
copilot,How do SSO and SCIM provisioning work in enterprise software?,main,sources,https://startwithidentity.com/guides/implementation/scim-provisioning-implementation-guide/,startwithidentity.com,,
copilot,How do SSO and SCIM provisioning work in enterprise software?,main,sources,https://securityboulevard.com/2026/06/scim-provisioning-for-saas-a-complete-implementation-guide/,securityboulevard.com,,
copilot,How do SSO and SCIM provisioning work in enterprise software?,main,sources,https://credentialgovernance.avatier.com/en/blog/scim-provisioning-standard-2026,credentialgovernance.avatier.com,,
copilot,How do SSO and SCIM provisioning work in enterprise software?,main,sources,https://contentwave.net/article/saas-scim-provisioning-guide-setup-testing-and-2026-best-practices,contentwave.net,,
copilot,How do SSO and SCIM provisioning work in enterprise software?,main,sources,https://credentialgovernance.avatier.com/en/blog/scim-provisioning-standard-2026,credentialgovernance.avatier.com,,
copilot,How do hiring managers really view career breaks in 2026?,main,sources,https://mirrai.careers/insights/career-break-on-resume,mirrai.careers,,
copilot,How do hiring managers really view career breaks in 2026?,main,sources,https://resumeprotips.com/employment-gap-resume-guide,resumeprotips.com,,
copilot,How do hiring managers really view career breaks in 2026?,main,sources,https://mirrai.careers/insights/career-break-on-resume,mirrai.careers,,
copilot,How do hiring managers really view career breaks in 2026?,main,sources,https://resumeprotips.com/employment-gap-resume-guide,resumeprotips.com,,
copilot,How do hiring managers really view career breaks in 2026?,main,sources,https://resumeaiopt.com/articles/employment-gaps-resume,resumeaiopt.com,,
copilot,How do hiring managers really view career breaks in 2026?,main,sources,https://mirrai.careers/insights/career-break-on-resume,mirrai.careers,,
copilot,How do hiring managers really view career breaks in 2026?,main,sources,https://hireflow.net/blog/how-to-explain-a-career-break-in-the-us-resume-interview,hireflow.net,,
copilot,How do hiring managers really view career breaks in 2026?,main,sources,https://hireflow.net/blog/how-to-explain-a-career-break-in-the-us-resume-interview,hireflow.net,,
copilot,How do hiring managers really view career breaks in 2026?,main,sources,https://mirrai.careers/insights/career-break-on-resume,mirrai.careers,,
copilot,How do hiring managers really view career breaks in 2026?,main,sources,https://resumeaiopt.com/articles/employment-gaps-resume,resumeaiopt.com,,
copilot,How do hiring managers really view career breaks in 2026?,main,sources,https://hireflow.net/blog/how-to-explain-a-career-break-in-the-us-resume-interview,hireflow.net,,
copilot,How do hiring managers really view career breaks in 2026?,main,sources,https://mirrai.careers/insights/career-break-on-resume,mirrai.careers,,
copilot,How do hiring managers really view career breaks in 2026?,main,sources,https://cvcircle.io/blog/career-gap-resume-guide,cvcircle.io,,
copilot,How do hiring managers really view career breaks in 2026?,main,sources,https://resumeprotips.com/employment-gap-resume-guide,resumeprotips.com,,
copilot,How do hiring managers really view career breaks in 2026?,main,sources,https://cvcircle.io/blog/career-gap-resume-guide,cvcircle.io,,
copilot,How do recruiters feel about candidates who use AI to write applications?,main,sources,https://www.cv-library.co.uk/recruitment-insight/ai-in-recruitment-survey/,cv-library.co.uk,,
copilot,How do recruiters feel about candidates who use AI to write applications?,main,sources,https://resumegenius.com/blog/ai-impact-on-hiring-2026,resumegenius.com,,
copilot,How do recruiters feel about candidates who use AI to write applications?,main,sources,https://topresume.com/career-advice/ai-in-hiring-survey,topresume.com,,
copilot,How do recruiters feel about candidates who use AI to write applications?,main,sources,https://www.cv-library.co.uk/recruitment-insight/ai-in-recruitment-survey/,cv-library.co.uk,,
copilot,How do recruiters feel about candidates who use AI to write applications?,main,sources,https://www.businessinsider.com/how-use-ai-job-search-applications-hr-pros-2026-8,businessinsider.com,,
copilot,What is salary banding and how do companies set it?,main,sources,https://lattice.com/articles/what-are-salary-bands,lattice.com,,
copilot,What is salary banding and how do companies set it?,main,sources,https://pointfactors.com/posts/salary-bands,pointfactors.com,,
copilot,What is salary banding and how do companies set it?,main,sources,https://www.aihr.com/hr-glossary/salary-bands/,aihr.com,,
copilot,What is salary banding and how do companies set it?,main,sources,https://lattice.com/articles/what-are-salary-bands,lattice.com,,
copilot,What is salary banding and how do companies set it?,main,sources,https://www.jrgpartners.com/what-compensation-band-how-employers-set-executive-pay-ranges/,jrgpartners.com,,
copilot,What is salary banding and how do companies set it?,main,sources,https://pointfactors.com/posts/salary-bands,pointfactors.com,,
copilot,What is salary banding and how do companies set it?,main,sources,https://pointfactors.com/posts/salary-bands,pointfactors.com,,
copilot,What is salary banding and how do companies set it?,main,sources,https://lattice.com/articles/what-are-salary-bands,lattice.com,,
copilot,What is salary banding and how do companies set it?,main,sources,https://www.salarycube.com/academy/salary-banding,salarycube.com,,
copilot,What is salary banding and how do companies set it?,main,sources,https://www.salarycube.com/academy/salary-banding,salarycube.com,,
copilot,What is salary banding and how do companies set it?,main,sources,https://www.aihr.com/hr-glossary/salary-bands/,aihr.com,,
copilot,What is salary banding and how do companies set it?,main,sources,https://www.salarycube.com/academy/salary-banding,salarycube.com,,
copilot,What do employees say about AI tools being pushed at work?,main,sources,https://www.pewresearch.org/social-trends/2025/02/25/workers-views-of-ai-use-in-the-workplace/,pewresearch.org,,
copilot,What do employees say about AI tools being pushed at work?,main,sources,https://www.pewresearch.org/social-trends/2025/02/25/u-s-workers-are-more-worried-than-hopeful-about-future-ai-use-in-the-workplace/,pewresearch.org,,
copilot,What do employees say about AI tools being pushed at work?,main,sources,https://www.pewresearch.org/social-trends/2025/02/25/workers-views-of-ai-use-in-the-workplace/,pewresearch.org,,
copilot,What do employees say about AI tools being pushed at work?,main,sources,https://news.stanford.edu/stories/2025/07/what-workers-really-want-from-ai,news.stanford.edu,,
copilot,What do employees say about AI tools being pushed at work?,main,sources,https://www.pewresearch.org/social-trends/2025/02/25/workers-views-of-ai-use-in-the-workplace/,pewresearch.org,,
copilot,What do employees say about AI tools being pushed at work?,main,sources,https://www.pewresearch.org/social-trends/2025/02/25/workers-views-of-ai-use-in-the-workplace/,pewresearch.org,,
copilot,What do employees say about AI tools being pushed at work?,main,sources,https://rosresearch.com/press-release/ai-in-the-workplace-employee-attitudes-and-adoption-barriers/,rosresearch.com,,
copilot,What do employees say about AI tools being pushed at work?,main,sources,https://news.stanford.edu/stories/2025/07/what-workers-really-want-from-ai,news.stanford.edu,,
copilot,What do employees say about AI tools being pushed at work?,main,sources,https://news.stanford.edu/stories/2025/07/what-workers-really-want-from-ai,news.stanford.edu,,
copilot,What do employees say about AI tools being pushed at work?,main,sources,https://news.stanford.edu/stories/2025/07/what-workers-really-want-from-ai,news.stanford.edu,,
copilot,What do employees say about AI tools being pushed at work?,main,sources,https://www.pewresearch.org/social-trends/2025/02/25/workers-views-of-ai-use-in-the-workplace/,pewresearch.org,,
copilot,What do employees say about AI tools being pushed at work?,main,sources,https://rosresearch.com/press-release/ai-in-the-workplace-employee-attitudes-and-adoption-barriers/,rosresearch.com,,
copilot,What do employees say about AI tools being pushed at work?,main,sources,https://rosresearch.com/press-release/ai-in-the-workplace-employee-attitudes-and-adoption-barriers/,rosresearch.com,,
copilot,What do employees say about AI tools being pushed at work?,main,sources,https://news.stanford.edu/stories/2025/07/what-workers-really-want-from-ai,news.stanford.edu,,
copilot,Do hiring managers actually look at personal websites and portfolios?,main,sources,https://www.linkedin.com/pulse/inside-hiring-managers-mind-evaluating-tech-sarthak-chaubey-anpyf,linkedin.com,pulse,
copilot,Do hiring managers actually look at personal websites and portfolios?,main,sources,https://devplaybook.cc/blog/developer-portfolio-checklist-20-things-hiring-managers/,devplaybook.cc,,
copilot,Do hiring managers actually look at personal websites and portfolios?,main,sources,https://soychristian.com/contents/developer-portfolio-guide/,soychristian.com,,
copilot,Do hiring managers actually look at personal websites and portfolios?,main,sources,https://www.linkedin.com/pulse/inside-hiring-managers-mind-evaluating-tech-sarthak-chaubey-anpyf,linkedin.com,pulse,
copilot,Do hiring managers actually look at personal websites and portfolios?,main,sources,https://www.linkedin.com/pulse/inside-hiring-managers-mind-evaluating-tech-sarthak-chaubey-anpyf,linkedin.com,pulse,
copilot,Do hiring managers actually look at personal websites and portfolios?,main,sources,https://myresumee.com/blog/gjnb-how-recruiters-evaluate-personal-websites-alongside-resumes,myresumee.com,,
copilot,Do hiring managers actually look at personal websites and portfolios?,main,sources,https://soychristian.com/contents/developer-portfolio-guide/,soychristian.com,,
copilot,Do hiring managers actually look at personal websites and portfolios?,main,sources,https://devplaybook.cc/blog/developer-portfolio-checklist-20-things-hiring-managers/,devplaybook.cc,,
copilot,Do hiring managers actually look at personal websites and portfolios?,main,sources,https://devplaybook.cc/blog/developer-portfolio-checklist-20-things-hiring-managers/,devplaybook.cc,,
copilot,Do hiring managers actually look at personal websites and portfolios?,main,sources,https://soychristian.com/contents/developer-portfolio-guide/,soychristian.com,,
copilot,Do hiring managers actually look at personal websites and portfolios?,main,sources,https://myresumee.com/blog/gjnb-how-recruiters-evaluate-personal-websites-alongside-resumes,myresumee.com,,
copilot,Do hiring managers care about cover letters anymore?,main,sources,https://resumegenius.com/blog/cover-letter-help/cover-letter-statistics,resumegenius.com,,
copilot,Do hiring managers care about cover letters anymore?,main,sources,https://www.forbes.com/sites/carolinecenizalevine/2026/06/14/do-cover-letters-still-matter-6-recruiters-weigh-in/,forbes.com,,
copilot,Do hiring managers care about cover letters anymore?,main,sources,https://hireflow.net/blog/why-cover-letters-still-matter-in-2026,hireflow.net,,
copilot,Do hiring managers care about cover letters anymore?,main,sources,https://www.cvoria.com/blog/do-cover-letters-still-matter-in-2026,cvoria.com,,
copilot,Do hiring managers care about cover letters anymore?,main,sources,https://resumeoptimizerpro.com/blog/is-a-cover-letter-necessary,resumeoptimizerpro.com,,
copilot,Do hiring managers care about cover letters anymore?,main,sources,https://resumegenius.com/blog/cover-letter-help/cover-letter-statistics,resumegenius.com,,
copilot,Do hiring managers care about cover letters anymore?,main,sources,https://resumegenius.com/blog/cover-letter-help/cover-letter-statistics,resumegenius.com,,
copilot,Do hiring managers care about cover letters anymore?,main,sources,https://resumeoptimizerpro.com/blog/is-a-cover-letter-necessary,resumeoptimizerpro.com,,
copilot,Do hiring managers care about cover letters anymore?,main,sources,https://resumeoptimizerpro.com/blog/is-a-cover-letter-necessary,resumeoptimizerpro.com,,
copilot,Do hiring managers care about cover letters anymore?,main,sources,https://www.cvoria.com/blog/do-cover-letters-still-matter-in-2026,cvoria.com,,
copilot,Do hiring managers care about cover letters anymore?,main,sources,https://www.forbes.com/sites/carolinecenizalevine/2026/06/14/do-cover-letters-still-matter-6-recruiters-weigh-in/,forbes.com,,
copilot,Do hiring managers care about cover letters anymore?,main,sources,https://www.cvoria.com/blog/do-cover-letters-still-matter-in-2026,cvoria.com,,
copilot,Do hiring managers care about cover letters anymore?,main,sources,https://resumeoptimizerpro.com/blog/is-a-cover-letter-necessary,resumeoptimizerpro.com,,
copilot,Do hiring managers care about cover letters anymore?,main,sources,https://resumegenius.com/blog/cover-letter-help/cover-letter-statistics,resumegenius.com,,
copilot,Do hiring managers care about cover letters anymore?,main,sources,https://resumegenius.com/blog/cover-letter-help/cover-letter-statistics,resumegenius.com,,
copilot,Do hiring managers care about cover letters anymore?,main,sources,https://www.forbes.com/sites/carolinecenizalevine/2026/06/14/do-cover-letters-still-matter-6-recruiters-weigh-in/,forbes.com,,
copilot,Do hiring managers care about cover letters anymore?,main,sources,https://hireflow.net/blog/why-cover-letters-still-matter-in-2026,hireflow.net,,
copilot,What is the average merit increase budget for 2026?,main,sources,https://salarycheck.ai/guides/average-merit-increase-2026,salarycheck.ai,,
copilot,What is the average merit increase budget for 2026?,main,sources,https://salarycheck.ai/guides/average-raise-2026,salarycheck.ai,,
copilot,What is the average merit increase budget for 2026?,main,sources,https://salary-atlas.com/articles/average-merit-increase,salary-atlas.com,,
copilot,What is the average merit increase budget for 2026?,main,sources,https://salarycheck.ai/guides/average-raise-percentage,salarycheck.ai,,
copilot,What is the average merit increase budget for 2026?,main,sources,https://compensationforce.com/pay-for-performance/merit-increases/,compensationforce.com,,
copilot,What is the average merit increase budget for 2026?,main,sources,https://salarycheck.ai/guides/average-merit-increase-2026,salarycheck.ai,,
copilot,What is the average merit increase budget for 2026?,main,sources,https://www.forbes.com/sites/johnbremen/2026/07/31/whats-going-on-with-salary-increases-and-inflation-in-2026/,forbes.com,,
copilot,What is the average merit increase budget for 2026?,main,sources,https://salarycheck.ai/guides/average-merit-increase-2026,salarycheck.ai,,
copilot,What is the average merit increase budget for 2026?,main,sources,https://salarycheck.ai/guides/average-merit-increase-2026,salarycheck.ai,,
copilot,What is the average merit increase budget for 2026?,main,sources,https://salary-atlas.com/articles/average-merit-increase,salary-atlas.com,,
copilot,What is the average merit increase budget for 2026?,main,sources,https://salary-atlas.com/articles/average-merit-increase,salary-atlas.com,,
copilot,What is the average merit increase budget for 2026?,main,sources,https://salarycheck.ai/guides/average-raise-2026,salarycheck.ai,,
copilot,What is the average merit increase budget for 2026?,main,sources,https://salarycheck.ai/guides/average-raise-percentage,salarycheck.ai,,
copilot,What is the average merit increase budget for 2026?,main,sources,https://salarycheck.ai/guides/average-merit-increase-2026,salarycheck.ai,,
copilot,What is the average merit increase budget for 2026?,main,sources,https://salarycheck.ai/guides/average-raise-2026,salarycheck.ai,,
copilot,What is the average merit increase budget for 2026?,main,sources,https://salarycheck.ai/guides/average-merit-increase-2026,salarycheck.ai,,
copilot,What is the average merit increase budget for 2026?,main,sources,https://salarycheck.ai/guides/average-raise-2026,salarycheck.ai,,
copilot,What is the average merit increase budget for 2026?,main,sources,https://salarycheck.ai/guides/average-raise-percentage,salarycheck.ai,,
copilot,What is the average merit increase budget for 2026?,main,sources,https://salarycheck.ai/guides/average-raise-2026,salarycheck.ai,,
copilot,What is the average merit increase budget for 2026?,main,sources,https://salarycheck.ai/guides/average-raise-percentage,salarycheck.ai,,
copilot,What is the average merit increase budget for 2026?,main,sources,https://salary-atlas.com/articles/average-merit-increase,salary-atlas.com,,
copilot,What is the average merit increase budget for 2026?,main,sources,https://compensationforce.com/pay-for-performance/merit-increases/,compensationforce.com,,
copilot,What do RevOps people think of Clay for outbound prospecting?,main,sources,https://aisotools.com/clay-review,aisotools.com,,
copilot,What do RevOps people think of Clay for outbound prospecting?,main,sources,https://aiagentsquare.com/agents/clay,aiagentsquare.com,,
copilot,What do RevOps people think of Clay for outbound prospecting?,main,sources,https://www.g2.com/products/clay-com-clay/reviews,g2.com,,
copilot,What do RevOps people think of Clay for outbound prospecting?,main,sources,https://beststacked.com/reviews/clay,beststacked.com,,
copilot,What do RevOps people think of Clay for outbound prospecting?,main,sources,https://aisotools.com/clay-review,aisotools.com,,
copilot,What do RevOps people think of Clay for outbound prospecting?,main,sources,https://aiagentsquare.com/agents/clay,aiagentsquare.com,,
copilot,What do RevOps people think of Clay for outbound prospecting?,main,sources,https://aiagentsquare.com/agents/clay,aiagentsquare.com,,
copilot,What do RevOps people think of Clay for outbound prospecting?,main,sources,https://www.airecmark.com/saas/clay-review,airecmark.com,,
copilot,What do RevOps people think of Clay for outbound prospecting?,main,sources,https://aisotools.com/clay-review,aisotools.com,,
copilot,How do employee stock purchase plans work?,main,sources,https://www.investopedia.com/terms/e/espp.asp,investopedia.com,,
copilot,How do employee stock purchase plans work?,main,sources,https://www.fidelity.com/learning-center/personal-finance/what-is-an-ESPP,fidelity.com,,
copilot,How do employee stock purchase plans work?,main,sources,https://www.schwab.com/learn/story/employee-stock-purchase-plans-guide,schwab.com,,
copilot,How do employee stock purchase plans work?,main,sources,https://www.investopedia.com/articles/stocks/12/employee-stock-purchase-plans.asp,investopedia.com,,
copilot,How do employee stock purchase plans work?,main,sources,https://www.nerdwallet.com/investing/learn/espp,nerdwallet.com,,
copilot,How do employee stock purchase plans work?,main,sources,https://www.schwab.com/learn/story/employee-stock-purchase-plans-guide,schwab.com,,
copilot,How does COBRA coverage work between jobs?,main,sources,https://www.dol.gov/agencies/ebsa/laws-and-regulations/laws/cobra,dol.gov,,
copilot,How does COBRA coverage work between jobs?,main,sources,https://www.dol.gov/index.php/general/topic/health-plans/cobra,dol.gov,,
copilot,How does COBRA coverage work between jobs?,main,sources,https://www.dol.gov/index.php/agencies/ebsa/about-ebsa/our-activities/resource-center/publications/workers-guide-health-benefits-cobra,dol.gov,,
copilot,How does COBRA coverage work between jobs?,main,sources,https://www.usa.gov/cobra-health-insurance,usa.gov,,
copilot,How does COBRA coverage work between jobs?,main,sources,https://www.dol.gov/index.php/agencies/ebsa/about-ebsa/our-activities/resource-center/faqs/cobra-continuation-health-coverage-workers,dol.gov,,
copilot,How does COBRA coverage work between jobs?,main,sources,https://www.dol.gov/index.php/agencies/ebsa/about-ebsa/our-activities/resource-center/publications/workers-guide-health-benefits-cobra,dol.gov,,
copilot,How does COBRA coverage work between jobs?,main,sources,https://www.usa.gov/cobra-health-insurance,usa.gov,,
copilot,How does COBRA coverage work between jobs?,main,sources,https://www.dol.gov/agencies/ebsa/laws-and-regulations/laws/cobra,dol.gov,,
copilot,How does COBRA coverage work between jobs?,main,sources,https://www.dol.gov/index.php/agencies/ebsa/about-ebsa/our-activities/resource-center/faqs/cobra-continuation-health-coverage-workers,dol.gov,,
copilot,How does COBRA coverage work between jobs?,main,sources,https://www.usa.gov/cobra-health-insurance,usa.gov,,
copilot,How does COBRA coverage work between jobs?,main,sources,https://www.dol.gov/agencies/ebsa/laws-and-regulations/laws/cobra,dol.gov,,
copilot,How does COBRA coverage work between jobs?,main,sources,https://www.dol.gov/agencies/ebsa/laws-and-regulations/laws/cobra,dol.gov,,
copilot,How does COBRA coverage work between jobs?,main,sources,https://www.dol.gov/index.php/agencies/ebsa/about-ebsa/our-activities/resource-center/publications/workers-guide-health-benefits-cobra,dol.gov,,
copilot,What do people regret most about switching careers in their 30s?,main,sources,https://pathwise.io/career-change-mistakes/,pathwise.io,,
copilot,What do people regret most about switching careers in their 30s?,main,sources,https://greggvanourek.com/7-most-common-career-regrets/,greggvanourek.com,,
copilot,What do people regret most about switching careers in their 30s?,main,sources,https://kompiq.com/blog/career-regret-statistics-2026,kompiq.com,,
copilot,What do people regret most about switching careers in their 30s?,main,sources,https://greggvanourek.com/7-most-common-career-regrets/,greggvanourek.com,,
copilot,What do people regret most about switching careers in their 30s?,main,sources,https://pathwise.io/career-change-mistakes/,pathwise.io,,
copilot,What do people regret most about switching careers in their 30s?,main,sources,https://www.brainzmagazine.com/post/17-most-common-career-change-mistakes,brainzmagazine.com,,
copilot,What do people regret most about switching careers in their 30s?,main,sources,https://www.brainzmagazine.com/post/17-most-common-career-change-mistakes,brainzmagazine.com,,
copilot,What do people regret most about switching careers in their 30s?,main,sources,https://pathwise.io/career-change-mistakes/,pathwise.io,,
copilot,What do people regret most about switching careers in their 30s?,main,sources,https://www.ciphr.com/blog/five-common-career-regrets-and-how-to-overcome-them,ciphr.com,,
copilot,What do people regret most about switching careers in their 30s?,main,sources,https://kompiq.com/blog/career-regret-statistics-2026,kompiq.com,,
copilot,What do people regret most about switching careers in their 30s?,main,sources,https://kompiq.com/blog/career-regret-statistics-2026,kompiq.com,,
copilot,Do referrals actually matter as much as people claim?,main,sources,https://www.ignitehcm.com/blog/the-power-of-referrals-leveraging-employee-networks-to-supercharge-recruiting,ignitehcm.com,,
copilot,Do referrals actually matter as much as people claim?,main,sources,https://www.rolealign.com/posts/why-employee-referrals-are-best-kept-secret.html,rolealign.com,,
copilot,Do referrals actually matter as much as people claim?,main,sources,https://www.rolealign.com/posts/why-employee-referrals-are-best-kept-secret.html,rolealign.com,,
copilot,Do referrals actually matter as much as people claim?,main,sources,https://www.referpool.io/insights/what-is-employee-referral,referpool.io,,
copilot,Do referrals actually matter as much as people claim?,main,sources,https://www.rolealign.com/posts/why-employee-referrals-are-best-kept-secret.html,rolealign.com,,
copilot,Do referrals actually matter as much as people claim?,main,sources,https://www.ignitehcm.com/blog/the-power-of-referrals-leveraging-employee-networks-to-supercharge-recruiting,ignitehcm.com,,
copilot,Do referrals actually matter as much as people claim?,main,sources,https://www.referpool.io/insights/what-is-employee-referral,referpool.io,,
copilot,Do referrals actually matter as much as people claim?,main,sources,https://www.rolealign.com/posts/why-employee-referrals-are-best-kept-secret.html,rolealign.com,,
copilot,Do referrals actually matter as much as people claim?,main,sources,https://www.ignitehcm.com/blog/the-power-of-referrals-leveraging-employee-networks-to-supercharge-recruiting,ignitehcm.com,,
copilot,Do referrals actually matter as much as people claim?,main,sources,https://www.referpool.io/insights/what-is-employee-referral,referpool.io,,
copilot,Do referrals actually matter as much as people claim?,main,sources,https://www.rolealign.com/posts/why-employee-referrals-are-best-kept-secret.html,rolealign.com,,
copilot,Do referrals actually matter as much as people claim?,main,sources,https://www.ignitehcm.com/blog/the-power-of-referrals-leveraging-employee-networks-to-supercharge-recruiting,ignitehcm.com,,
copilot,Do referrals actually matter as much as people claim?,main,sources,https://www.jazzhr.com/blog/the-referral-advantage-turning-employees-into-your-best-hiring-source,jazzhr.com,,
copilot,What do marketers say about switching from Mailchimp to Klaviyo?,main,sources,https://www.goshdigital.co/blog/klaviyo-vs-mailchimp-deep-dive,goshdigital.co,,
copilot,What do marketers say about switching from Mailchimp to Klaviyo?,main,sources,https://www.klaviyo.com/blog/5-brands-finding-success-by-canceling-mailchimp,klaviyo.com,,
copilot,What do marketers say about switching from Mailchimp to Klaviyo?,main,sources,https://steenyreviews.com/klaviyo-vs-mailchimp,steenyreviews.com,,
copilot,What do marketers say about switching from Mailchimp to Klaviyo?,main,sources,https://www.goshdigital.co/blog/klaviyo-vs-mailchimp-deep-dive,goshdigital.co,,
copilot,What do marketers say about switching from Mailchimp to Klaviyo?,main,sources,https://semstage.com/comparisons/klaviyo-vs-mailchimp/,semstage.com,,
copilot,What do marketers say about switching from Mailchimp to Klaviyo?,main,sources,https://steenyreviews.com/klaviyo-vs-mailchimp,steenyreviews.com,,
copilot,What do marketers say about switching from Mailchimp to Klaviyo?,main,sources,https://www.klaviyo.com/blog/5-brands-finding-success-by-canceling-mailchimp,klaviyo.com,,
copilot,What do marketers say about switching from Mailchimp to Klaviyo?,main,sources,https://gatilab.com/mailchimp-vs-klaviyo/,gatilab.com,,
copilot,What do marketers say about switching from Mailchimp to Klaviyo?,main,sources,https://www.goshdigital.co/blog/klaviyo-vs-mailchimp-deep-dive,goshdigital.co,,
copilot,"Is Asana or Monday better for a marketing team, according to users?",main,sources,https://techstackdaily.com/comparison/asana-vs-monday-com-marketing-teams-2026/,techstackdaily.com,,
copilot,"Is Asana or Monday better for a marketing team, according to users?",main,sources,https://www.gartner.com/reviews/market/product-roadmapping-tools-for-software-engineering/compare/asana-vs-monday-com,gartner.com,,
copilot,"Is Asana or Monday better for a marketing team, according to users?",main,sources,https://scalegrowth.digital/resources/comparisons/monday-vs-asana/,scalegrowth.digital,,
copilot,"Is Asana or Monday better for a marketing team, according to users?",main,sources,https://aitoolpick.org/blog/monday-vs-asana-for-marketing-teams-2026/,aitoolpick.org,,
copilot,"Is Asana or Monday better for a marketing team, according to users?",main,sources,https://listicler.com/comparisons/asana-vs-monday-marketing-teams,listicler.com,,
copilot,How is severance pay typically calculated?,main,sources,https://www.simpleseverance.co/resources/calculate-severance-pay,simpleseverance.co,,
copilot,How is severance pay typically calculated?,main,sources,https://severancecalc.com/blog/how-to-calculate-severance-pay,severancecalc.com,,
copilot,How is severance pay typically calculated?,main,sources,https://remotelaws.com/tools/severance-pay-calculator/,remotelaws.com,,
copilot,How is severance pay typically calculated?,main,sources,https://severancecalc.com/blog/how-to-calculate-severance-pay,severancecalc.com,,
copilot,How is severance pay typically calculated?,main,sources,https://severancecalc.com/blog/how-to-calculate-severance-pay,severancecalc.com,,
copilot,How is severance pay typically calculated?,main,sources,https://www.simpleseverance.co/resources/calculate-severance-pay,simpleseverance.co,,
copilot,How is severance pay typically calculated?,main,sources,https://www.layoffnext.com/financial-tools/severance-pay-calculator,layoffnext.com,,
copilot,How is severance pay typically calculated?,main,sources,https://www.simpleseverance.co/resources/calculate-severance-pay,simpleseverance.co,,
copilot,How is severance pay typically calculated?,main,sources,https://remotelaws.com/tools/severance-pay-calculator/,remotelaws.com,,
copilot,How is severance pay typically calculated?,main,sources,https://severancecalc.com/,severancecalc.com,,
copilot,How do H1B transfers work when switching employers?,main,sources,https://www.grapelaw.com/blog/us-immigration/the-h1b-visa-transfer-process,grapelaw.com,,
copilot,How do H1B transfers work when switching employers?,main,sources,https://visapulseusa.com/guides/h1b-transfer,visapulseusa.com,,
copilot,How do H1B transfers work when switching employers?,main,sources,https://www.h1bcentral.com/blog/h1b-visa-transfer-guide/,h1bcentral.com,,
copilot,How do H1B transfers work when switching employers?,main,sources,https://amberbird.ai/guides/h-1b-employer-transfer,amberbird.ai,,
copilot,How do H1B transfers work when switching employers?,main,sources,https://h1boptions.com/guide/h1b-transfer-process-explained/,h1boptions.com,,
copilot,How do H1B transfers work when switching employers?,main,sources,https://h1boptions.com/guide/h1b-transfer-process-explained/,h1boptions.com,,
copilot,How do H1B transfers work when switching employers?,main,sources,https://www.grapelaw.com/blog/us-immigration/the-h1b-visa-transfer-process,grapelaw.com,,
copilot,How do H1B transfers work when switching employers?,main,sources,https://visapulseusa.com/guides/h1b-transfer,visapulseusa.com,,
copilot,How do H1B transfers work when switching employers?,main,sources,https://visapulseusa.com/guides/h1b-transfer,visapulseusa.com,,
copilot,How do H1B transfers work when switching employers?,main,sources,https://h1boptions.com/guide/h1b-transfer-process-explained/,h1boptions.com,,
copilot,How do H1B transfers work when switching employers?,main,sources,https://www.grapelaw.com/blog/us-immigration/the-h1b-visa-transfer-process,grapelaw.com,,
copilot,How do H1B transfers work when switching employers?,main,sources,https://www.h1bcentral.com/blog/h1b-visa-transfer-guide/,h1bcentral.com,,
copilot,How do H1B transfers work when switching employers?,main,sources,https://h1boptions.com/guide/h1b-transfer-process-explained/,h1boptions.com,,
copilot,How do H1B transfers work when switching employers?,main,sources,https://visapulseusa.com/guides/h1b-transfer,visapulseusa.com,,
copilot,How do H1B transfers work when switching employers?,main,sources,https://amberbird.ai/guides/h-1b-employer-transfer,amberbird.ai,,
copilot,How do H1B transfers work when switching employers?,main,sources,https://amberbird.ai/guides/h-1b-employer-transfer,amberbird.ai,,
copilot,How do H1B transfers work when switching employers?,main,sources,https://visapulseusa.com/guides/h1b-transfer,visapulseusa.com,,
copilot,How do H1B transfers work when switching employers?,main,sources,https://amberbird.ai/guides/h-1b-employer-transfer,amberbird.ai,,
copilot,How do H1B transfers work when switching employers?,main,sources,https://www.grapelaw.com/blog/us-immigration/the-h1b-visa-transfer-process,grapelaw.com,,
copilot,How do H1B transfers work when switching employers?,main,sources,https://www.h1bcentral.com/blog/h1b-visa-transfer-guide/,h1bcentral.com,,
copilot,How do H1B transfers work when switching employers?,main,sources,https://www.h1bcentral.com/blog/h1b-visa-transfer-guide/,h1bcentral.com,,
copilot,How do H1B transfers work when switching employers?,main,sources,https://visapulseusa.com/guides/h1b-transfer,visapulseusa.com,,
copilot,How do H1B transfers work when switching employers?,main,sources,https://visapulseusa.com/guides/h1b-transfer,visapulseusa.com,,
copilot,How do H1B transfers work when switching employers?,main,sources,https://amberbird.ai/guides/h-1b-employer-transfer,amberbird.ai,,
copilot,What is the difference between a scrum master and a product owner?,main,sources,https://www.storypointlab.com/docs/roles/product-owner-vs-scrum-master,storypointlab.com,,
copilot,What is the difference between a scrum master and a product owner?,main,sources,https://yardstick.team/compare-roles/what-is-the-difference-between-a-product-owner-and-a-scrum-master,yardstick.team,,
copilot,What is the difference between a scrum master and a product owner?,main,sources,https://scaledagile.com/blog/scrum-master-vs-product-owner/,scaledagile.com,,
copilot,What is the difference between a scrum master and a product owner?,main,sources,https://projectmanagementformula.com/scrum-master-vs-product-owner/,projectmanagementformula.com,,
copilot,What is the difference between a scrum master and a product owner?,main,sources,https://skillbake.com/blog/product-owner-vs-scrum-master-key-differences-explained,skillbake.com,,
copilot,What does at will employment actually mean?,main,sources,https://www.findlaw.com/employment/hiring-process/at-will-employee-faq-s.html,findlaw.com,,
copilot,What does at will employment actually mean?,main,sources,https://www.lexpilot.us/insights/what-is-at-will-employment-and-its-limits,lexpilot.us,,
copilot,What does at will employment actually mean?,main,sources,https://www.paylocity.com/resources/glossary/employment-at-will/,paylocity.com,,
copilot,What does at will employment actually mean?,main,sources,https://www.paylocity.com/resources/glossary/employment-at-will/,paylocity.com,,
copilot,What does at will employment actually mean?,main,sources,https://www.findlaw.com/employment/hiring-process/at-will-employee-faq-s.html,findlaw.com,,
copilot,What does at will employment actually mean?,main,sources,https://en.wikipedia.org/wiki/At-will_employment,en.wikipedia.org,,
copilot,What does at will employment actually mean?,main,sources,https://www.findlaw.com/employment/hiring-process/at-will-employee-faq-s.html,findlaw.com,,
copilot,What does at will employment actually mean?,main,sources,https://www.lexpilot.us/insights/what-is-at-will-employment-and-its-limits,lexpilot.us,,
copilot,What does at will employment actually mean?,main,sources,https://www.paylocity.com/resources/glossary/employment-at-will/,paylocity.com,,
copilot,What does at will employment actually mean?,main,sources,https://www.law.cornell.edu/wex/employment-at-will_doctrine,law.cornell.edu,,
copilot,What does at will employment actually mean?,main,sources,https://www.law.cornell.edu/wex/employment-at-will_doctrine,law.cornell.edu,,
copilot,What does at will employment actually mean?,main,sources,https://www.law.cornell.edu/wex/employment-at-will_doctrine,law.cornell.edu,,
copilot,What does at will employment actually mean?,main,sources,https://www.lexpilot.us/insights/what-is-at-will-employment-and-its-limits,lexpilot.us,,
copilot,What does at will employment actually mean?,main,sources,https://www.lexpilot.us/insights/what-is-at-will-employment-and-its-limits,lexpilot.us,,
copilot,What does at will employment actually mean?,main,sources,https://www.paylocity.com/resources/glossary/employment-at-will/,paylocity.com,,
copilot,What do recruiters say gets a resume past screening software?,main,sources,https://www.simplecvbuilder.com/blog/ats-friendly-resume,simplecvbuilder.com,,
copilot,What do recruiters say gets a resume past screening software?,main,sources,https://hireflow.net/blog/ats-resume-formatting-rules-us-recruiter-edition,hireflow.net,,
copilot,What do recruiters say gets a resume past screening software?,main,sources,https://www.indeed.com/career-advice/resumes-cover-letters/automated-screening-resume,indeed.com,,
copilot,What do recruiters say gets a resume past screening software?,main,sources,https://www.indeed.com/career-advice/resumes-cover-letters/ats-resume,indeed.com,,
copilot,What do recruiters say gets a resume past screening software?,main,sources,https://hireflow.net/blog/ats-resume-formatting-rules-us-recruiter-edition,hireflow.net,,
copilot,Do people who quit big tech for smaller companies regret it?,main,sources,https://www.thetechedvocate.org/the-quiet-revolution-senior-engineers-ditching-big-tech-for-startup-gold-mines/,thetechedvocate.org,,
copilot,Do people who quit big tech for smaller companies regret it?,main,sources,https://www.businessinsider.com/amazon-meta-google-microsoft-big-tech-workers-quit-job-market-2026-2,businessinsider.com,,
copilot,Do people who quit big tech for smaller companies regret it?,main,sources,https://www.businessinsider.com/why-google-employees-leaving-quitting-big-tech-ai-startup-careers-2026-6,businessinsider.com,,
copilot,Do people who quit big tech for smaller companies regret it?,main,sources,https://www.businessinsider.com/big-tech-workers-quitting-new-startup-boom-entrepreneurship-businesses-layoffs-2026-4,businessinsider.com,,
copilot,Do people who quit big tech for smaller companies regret it?,main,sources,https://www.roles.cc/blog/switching-from-big-tech-to-a-startup,roles.cc,,
copilot,Do people who quit big tech for smaller companies regret it?,main,sources,https://www.thetechedvocate.org/the-quiet-revolution-senior-engineers-ditching-big-tech-for-startup-gold-mines/,thetechedvocate.org,,
copilot,Do people who quit big tech for smaller companies regret it?,main,sources,https://www.businessinsider.com/amazon-meta-google-microsoft-big-tech-workers-quit-job-market-2026-2,businessinsider.com,,
copilot,Do people who quit big tech for smaller companies regret it?,main,sources,https://www.businessinsider.com/why-google-employees-leaving-quitting-big-tech-ai-startup-careers-2026-6,businessinsider.com,,
copilot,Do people who quit big tech for smaller companies regret it?,main,sources,https://www.businessinsider.com/big-tech-workers-quitting-new-startup-boom-entrepreneurship-businesses-layoffs-2026-4,businessinsider.com,,
copilot,Do people who quit big tech for smaller companies regret it?,main,sources,https://www.businessinsider.com/big-tech-workers-quitting-new-startup-boom-entrepreneurship-businesses-layoffs-2026-4,businessinsider.com,,
copilot,Do people who quit big tech for smaller companies regret it?,main,sources,https://www.roles.cc/blog/switching-from-big-tech-to-a-startup,roles.cc,,
copilot,Do people who quit big tech for smaller companies regret it?,main,sources,https://www.roles.cc/blog/switching-from-big-tech-to-a-startup,roles.cc,,
copilot,Do people who quit big tech for smaller companies regret it?,main,sources,https://www.roles.cc/blog/switching-from-big-tech-to-a-startup,roles.cc,,
copilot,Do people who quit big tech for smaller companies regret it?,main,sources,https://www.businessinsider.com/amazon-meta-google-microsoft-big-tech-workers-quit-job-market-2026-2,businessinsider.com,,
copilot,Do people who quit big tech for smaller companies regret it?,main,sources,https://www.thetechedvocate.org/the-quiet-revolution-senior-engineers-ditching-big-tech-for-startup-gold-mines/,thetechedvocate.org,,
copilot,Do people who quit big tech for smaller companies regret it?,main,sources,https://www.roles.cc/blog/switching-from-big-tech-to-a-startup,roles.cc,,
copilot,Do people who quit big tech for smaller companies regret it?,main,sources,https://www.businessinsider.com/why-google-employees-leaving-quitting-big-tech-ai-startup-careers-2026-6,businessinsider.com,,
copilot,Do people who quit big tech for smaller companies regret it?,main,sources,https://www.roles.cc/blog/switching-from-big-tech-to-a-startup,roles.cc,,
copilot,How do seat based and consumption based licensing compare?,main,sources,https://revenuemap.app/blog/per-seat-vs-usage-based-pricing,revenuemap.app,,
copilot,How do seat based and consumption based licensing compare?,main,sources,https://www.pertamapartners.com/insights/per-seat-vs-consumption-pricing-ai,pertamapartners.com,,
copilot,How do seat based and consumption based licensing compare?,main,sources,https://www.ideaplan.io/compare/usage-based-vs-seat-based-pricing,ideaplan.io,,
copilot,How do seat based and consumption based licensing compare?,main,sources,https://discover.gtmplaybook.co/usage-based-vs-seat-based-pricing,discover.gtmplaybook.co,,
copilot,How do seat based and consumption based licensing compare?,main,sources,https://www.pertamapartners.com/insights/per-seat-vs-consumption-pricing-ai,pertamapartners.com,,
copilot,How do seat based and consumption based licensing compare?,main,sources,https://www.launchadvisor.co/guides/saas-pricing-model-comparison,launchadvisor.co,,
copilot,How do seat based and consumption based licensing compare?,main,sources,https://discover.gtmplaybook.co/usage-based-vs-seat-based-pricing,discover.gtmplaybook.co,,
copilot,How do seat based and consumption based licensing compare?,main,sources,https://www.pertamapartners.com/insights/per-seat-vs-consumption-pricing-ai,pertamapartners.com,,
copilot,Do support teams prefer Zendesk or Intercom in practice?,main,sources,https://toolradar.com/compare/zendesk-vs-intercom,toolradar.com,,
copilot,Do support teams prefer Zendesk or Intercom in practice?,main,sources,https://www.saas-finder.ai/blog/zendesk-vs-intercom-2026,saas-finder.ai,,
copilot,Do support teams prefer Zendesk or Intercom in practice?,main,sources,https://automationatlas.io/guides/intercom-vs-zendesk-comparison-2026/,automationatlas.io,,
copilot,Do support teams prefer Zendesk or Intercom in practice?,main,sources,https://clonepartner.com/blog/zendesk-vs-intercom-2026-the-operations-leads-guide,clonepartner.com,,
copilot,Do support teams prefer Zendesk or Intercom in practice?,main,sources,https://clonepartner.com/blog/zendesk-vs-intercom-2026-the-operations-leads-guide,clonepartner.com,,
copilot,Do support teams prefer Zendesk or Intercom in practice?,main,sources,https://automationatlas.io/guides/intercom-vs-zendesk-comparison-2026/,automationatlas.io,,
copilot,Do support teams prefer Zendesk or Intercom in practice?,main,sources,https://clonepartner.com/blog/zendesk-vs-intercom-2026-the-operations-leads-guide,clonepartner.com,,
copilot,Do support teams prefer Zendesk or Intercom in practice?,main,sources,https://www.saas-finder.ai/blog/zendesk-vs-intercom-2026,saas-finder.ai,,
copilot,Do support teams prefer Zendesk or Intercom in practice?,main,sources,https://saascompared.com/blog/zendesk-vs-intercom-2026,saascompared.com,,
copilot,Do support teams prefer Zendesk or Intercom in practice?,main,sources,https://clonepartner.com/blog/zendesk-vs-intercom-2026-the-operations-leads-guide,clonepartner.com,,
copilot,What does the AWS Solutions Architect Associate exam cover?,main,sources,https://docs.aws.amazon.com/aws-certification/latest/solutions-architect-associate-03/solutions-architect-associate-03.pdf,docs.aws.amazon.com,,
copilot,What does the AWS Solutions Architect Associate exam cover?,main,sources,https://docs.aws.amazon.com/aws-certification/latest/solutions-architect-associate-03/solutions-architect-associate-03.md,docs.aws.amazon.com,,
copilot,What does the AWS Solutions Architect Associate exam cover?,main,sources,https://d1.awsstatic.com/training-and-certification/docs-sa-assoc/AWS-Certified-Solutions-Architect-Associate_Exam-Guide_C03.pdf,d1.awsstatic.com,,
copilot,What does the AWS Solutions Architect Associate exam cover?,main,sources,https://docs.aws.amazon.com/aws-certification/latest/solutions-architect-associate-03/solutions-architect-associate-03.md,docs.aws.amazon.com,,
copilot,What does the AWS Solutions Architect Associate exam cover?,main,sources,https://d1.awsstatic.com/training-and-certification/docs-sa-assoc/AWS-Certified-Solutions-Architect-Associate_Exam-Guide_C03.pdf,d1.awsstatic.com,,
copilot,What does the AWS Solutions Architect Associate exam cover?,main,sources,https://docs.aws.amazon.com/aws-certification/latest/solutions-architect-associate-03/solutions-architect-associate-03.pdf,docs.aws.amazon.com,,
copilot,What does the AWS Solutions Architect Associate exam cover?,main,sources,https://docs.aws.amazon.com/aws-certification/latest/solutions-architect-associate-03/solutions-architect-associate-03.pdf,docs.aws.amazon.com,,
copilot,What does the AWS Solutions Architect Associate exam cover?,main,sources,https://docs.aws.amazon.com/aws-certification/latest/solutions-architect-associate-03/solutions-architect-associate-03.md,docs.aws.amazon.com,,
copilot,What does the AWS Solutions Architect Associate exam cover?,main,sources,https://docs.aws.amazon.com/aws-certification/latest/solutions-architect-associate-03/solutions-architect-associate-03.md,docs.aws.amazon.com,,
copilot,What does the AWS Solutions Architect Associate exam cover?,main,sources,https://d1.awsstatic.com/training-and-certification/docs-sa-assoc/AWS_certified_solutions_architect_associate_blueprint.pdf,d1.awsstatic.com,,
copilot,What does the AWS Solutions Architect Associate exam cover?,main,sources,https://d1.awsstatic.com/training-and-certification/docs-sa-assoc/AWS_certified_solutions_architect_associate_blueprint.pdf,d1.awsstatic.com,,
copilot,What do executives say about negotiating severance terms up front?,main,sources,https://sobellawsolutions.com/blog-executive-severance-negotiation,sobellawsolutions.com,,
copilot,What do executives say about negotiating severance terms up front?,main,sources,https://www.indeed.com/career-advice/career-development/executive-severance-packages,indeed.com,,
copilot,What do executives say about negotiating severance terms up front?,main,sources,https://www.simpleseverance.co/resources/executive-severance-guide,simpleseverance.co,,
copilot,What do executives say about negotiating severance terms up front?,main,sources,https://www.simpleseverance.co/resources/executive-severance-guide,simpleseverance.co,,
copilot,What do executives say about negotiating severance terms up front?,main,sources,https://sobellawsolutions.com/blog-executive-severance-negotiation,sobellawsolutions.com,,
copilot,What do executives say about negotiating severance terms up front?,main,sources,https://sobellawsolutions.com/blog-executive-severance-negotiation,sobellawsolutions.com,,
copilot,What do executives say about negotiating severance terms up front?,main,sources,https://sobellawsolutions.com/blog-executive-severance-negotiation,sobellawsolutions.com,,
copilot,What do executives say about negotiating severance terms up front?,main,sources,https://severancecalc.com/guides/complete-severance-negotiation-guide,severancecalc.com,,
copilot,What do executives say about negotiating severance terms up front?,main,sources,https://www.simpleseverance.co/resources/executive-severance-guide,simpleseverance.co,,
copilot,What do executives say about negotiating severance terms up front?,main,sources,https://sobellawsolutions.com/blog-executive-severance-negotiation,sobellawsolutions.com,,
copilot,What do executives say about negotiating severance terms up front?,main,sources,https://www.simpleseverance.co/resources/executive-severance-guide,simpleseverance.co,,
copilot,What do executives say about negotiating severance terms up front?,main,sources,https://www.investopedia.com/articles/personal-finance/052214/seven-considerations-when-you-negotiate-severance.asp,investopedia.com,,
copilot,What do sales teams actually think of HubSpot vs Salesforce?,main,sources,https://www.b2bs.com/vs/salesforce-vs-hubspot-b2b-crm-comparison-2026/,b2bs.com,,
copilot,What do sales teams actually think of HubSpot vs Salesforce?,main,sources,https://ventureharbour.com/hubspot-vs-salesforce/,ventureharbour.com,,
copilot,What do sales teams actually think of HubSpot vs Salesforce?,main,sources,https://www.softwareadvice.com/compare/1854-HubSpot-CRM/vs/2764-Salesforce/,softwareadvice.com,,
copilot,What do sales teams actually think of HubSpot vs Salesforce?,main,sources,https://www.gartner.com/reviews/market/sales-force-automation-platforms/compare/hubspot-vs-salesforce,gartner.com,,
copilot,What do sales teams actually think of HubSpot vs Salesforce?,main,sources,https://ivristech.com/hubspot-vs-salesforce/,ivristech.com,,
copilot,What do sales teams actually think of HubSpot vs Salesforce?,main,sources,https://www.b2bs.com/vs/salesforce-vs-hubspot-b2b-crm-comparison-2026/,b2bs.com,,
copilot,What do sales teams actually think of HubSpot vs Salesforce?,main,sources,https://ivristech.com/hubspot-vs-salesforce/,ivristech.com,,
copilot,What do sales teams actually think of HubSpot vs Salesforce?,main,sources,https://www.b2bs.com/vs/salesforce-vs-hubspot-b2b-crm-comparison-2026/,b2bs.com,,
copilot,What do sales teams actually think of HubSpot vs Salesforce?,main,sources,https://www.b2bs.com/vs/salesforce-vs-hubspot-b2b-crm-comparison-2026/,b2bs.com,,
copilot,What do sales teams actually think of HubSpot vs Salesforce?,main,sources,https://www.softwareadvice.com/compare/1854-HubSpot-CRM/vs/2764-Salesforce/,softwareadvice.com,,
copilot,What do sales teams actually think of HubSpot vs Salesforce?,main,sources,https://www.gartner.com/reviews/market/sales-force-automation-platforms/compare/hubspot-vs-salesforce,gartner.com,,
copilot,What do sales teams actually think of HubSpot vs Salesforce?,main,sources,https://ventureharbour.com/hubspot-vs-salesforce/,ventureharbour.com,,
copilot,Is hot desking as unpopular as it sounds?,main,sources,https://stealthagents.com/research/remote-work-hot-desking-statistics-2026,stealthagents.com,,
copilot,Is hot desking as unpopular as it sounds?,main,sources,https://archieapp.co/blog/hot-desking-statistics/,archieapp.co,,
copilot,Is hot desking as unpopular as it sounds?,main,sources,https://stealthagents.com/research/remote-work-hot-desking-statistics-2026,stealthagents.com,,
copilot,Is hot desking as unpopular as it sounds?,main,sources,https://stealthagents.com/research/remote-work-hot-desking-statistics-2026,stealthagents.com,,
copilot,Is hot desking as unpopular as it sounds?,main,sources,https://www.gable.to/blog/post/hot-desking,gable.to,,
copilot,Is hot desking as unpopular as it sounds?,main,sources,https://www.officespacesoftware.com/blog/hotddesking-101-what-is-hot-desking/,officespacesoftware.com,,
copilot,Is hot desking as unpopular as it sounds?,main,sources,https://archieapp.co/blog/hot-desking-statistics/,archieapp.co,,
copilot,Is hot desking as unpopular as it sounds?,main,sources,https://archieapp.co/blog/hot-desking-statistics/,archieapp.co,,
copilot,Is hot desking as unpopular as it sounds?,main,sources,https://archieapp.co/blog/hot-desking-statistics/,archieapp.co,,
copilot,Is hot desking as unpopular as it sounds?,main,sources,https://www.wherewework.com/us/en/news-articles/the-office-you-return-to-today-likely-has-more-colleagues-than-desks-united-states-205,wherewework.com,,
copilot,Is hot desking as unpopular as it sounds?,main,sources,https://archieapp.co/blog/hot-desking-statistics/,archieapp.co,,
copilot,Is hot desking as unpopular as it sounds?,main,sources,https://archieapp.co/blog/hot-desking-statistics/,archieapp.co,,
copilot,What are realistic product manager salaries in 2026?,main,sources,https://www.ideaplan.io/pm-compensation-report,ideaplan.io,,
copilot,What are realistic product manager salaries in 2026?,main,sources,https://officialsalary.com/blog/product-manager-salary-2026,officialsalary.com,,
copilot,What are realistic product manager salaries in 2026?,main,sources,https://www.bestpmjobs.com/resources/pm-salary-guide,bestpmjobs.com,,
copilot,What are realistic product manager salaries in 2026?,main,sources,https://careerbldr.com/blog/product-manager-salary-guide/,careerbldr.com,,
copilot,What are realistic product manager salaries in 2026?,main,sources,https://makeitnice.de/en/research/pm-salary-report-2026/,makeitnice.de,,
copilot,What are realistic product manager salaries in 2026?,main,sources,https://www.ideaplan.io/pm-compensation-report,ideaplan.io,,
copilot,What are realistic product manager salaries in 2026?,main,sources,https://officialsalary.com/blog/product-manager-salary-2026,officialsalary.com,,
copilot,What are realistic product manager salaries in 2026?,main,sources,https://careerbldr.com/blog/product-manager-salary-guide/,careerbldr.com,,
copilot,What are realistic product manager salaries in 2026?,main,sources,https://www.ideaplan.io/pm-compensation-report,ideaplan.io,,
copilot,What are realistic product manager salaries in 2026?,main,sources,https://officialsalary.com/blog/product-manager-salary-2026,officialsalary.com,,
copilot,What are realistic product manager salaries in 2026?,main,sources,https://makeitnice.de/en/research/pm-salary-report-2026/,makeitnice.de,,
copilot,What are realistic product manager salaries in 2026?,main,sources,https://www.ideaplan.io/pm-compensation-report,ideaplan.io,,
copilot,What are realistic product manager salaries in 2026?,main,sources,https://careerbldr.com/blog/product-manager-salary-guide/,careerbldr.com,,
copilot,What are realistic product manager salaries in 2026?,main,sources,https://makeitnice.de/en/research/pm-salary-report-2026/,makeitnice.de,,
copilot,What are realistic product manager salaries in 2026?,main,sources,https://www.ideaplan.io/pm-compensation-report,ideaplan.io,,
copilot,What are realistic product manager salaries in 2026?,main,sources,https://www.ideaplan.io/pm-compensation-report,ideaplan.io,,
copilot,What are realistic product manager salaries in 2026?,main,sources,https://officialsalary.com/blog/product-manager-salary-2026,officialsalary.com,,
copilot,What are realistic product manager salaries in 2026?,main,sources,https://makeitnice.de/en/research/pm-salary-report-2026/,makeitnice.de,,
copilot,What are realistic product manager salaries in 2026?,main,sources,https://www.ideaplan.io/pm-compensation-report,ideaplan.io,,
copilot,What are realistic product manager salaries in 2026?,main,sources,https://officialsalary.com/blog/product-manager-salary-2026,officialsalary.com,,
copilot,What are realistic product manager salaries in 2026?,main,sources,https://makeitnice.de/en/research/pm-salary-report-2026/,makeitnice.de,,
copilot,What are realistic product manager salaries in 2026?,main,sources,https://www.ideaplan.io/pm-compensation-report,ideaplan.io,,
copilot,What are realistic product manager salaries in 2026?,main,sources,https://www.bestpmjobs.com/resources/pm-salary-guide,bestpmjobs.com,,
copilot,What are realistic product manager salaries in 2026?,main,sources,https://makeitnice.de/en/research/pm-salary-report-2026/,makeitnice.de,,
copilot,What are realistic product manager salaries in 2026?,main,sources,https://www.ideaplan.io/pm-compensation-report,ideaplan.io,,
copilot,What are realistic product manager salaries in 2026?,main,sources,https://officialsalary.com/blog/product-manager-salary-2026,officialsalary.com,,
copilot,What are realistic product manager salaries in 2026?,main,sources,https://officialsalary.com/blog/product-manager-salary-2026,officialsalary.com,,
copilot,What are realistic product manager salaries in 2026?,main,sources,https://www.bestpmjobs.com/resources/pm-salary-guide,bestpmjobs.com,,
copilot,What are realistic product manager salaries in 2026?,main,sources,https://officialsalary.com/blog/product-manager-salary-2026,officialsalary.com,,
copilot,What are realistic product manager salaries in 2026?,main,sources,https://www.ideaplan.io/pm-compensation-report,ideaplan.io,,
copilot,What are realistic product manager salaries in 2026?,main,sources,https://www.bestpmjobs.com/resources/pm-salary-guide,bestpmjobs.com,,
copilot,What are realistic product manager salaries in 2026?,main,sources,https://makeitnice.de/en/research/pm-salary-report-2026/,makeitnice.de,,
copilot,What are realistic product manager salaries in 2026?,main,sources,https://careerbldr.com/blog/product-manager-salary-guide/,careerbldr.com,,
copilot,What are realistic product manager salaries in 2026?,main,sources,https://officialsalary.com/blog/product-manager-salary-2026,officialsalary.com,,
copilot,What are realistic product manager salaries in 2026?,main,sources,https://makeitnice.de/en/research/pm-salary-report-2026/,makeitnice.de,,
copilot,What are realistic product manager salaries in 2026?,main,sources,https://careerbldr.com/blog/product-manager-salary-guide/,careerbldr.com,,
copilot,Do counteroffers from a current employer ever end well?,main,sources,https://hartwellsearch.com/insights/counter-offer-data-review.html,hartwellsearch.com,,
copilot,Do counteroffers from a current employer ever end well?,main,sources,https://rowansearch.com/insights/counter-offer-success-rates,rowansearch.com,,
copilot,Do counteroffers from a current employer ever end well?,main,sources,https://emersonsearch.com/insights/counter-offer-statistics,emersonsearch.com,,
copilot,Do counteroffers from a current employer ever end well?,main,sources,https://gitnux.org/accepting-a-counter-offer-statistics/,gitnux.org,,
copilot,Do counteroffers from a current employer ever end well?,main,sources,https://crimsontalent.com/insights/counter-offer-data,crimsontalent.com,,
copilot,Do counteroffers from a current employer ever end well?,main,sources,https://gitnux.org/accepting-a-counter-offer-statistics/,gitnux.org,,
copilot,Do counteroffers from a current employer ever end well?,main,sources,https://gitnux.org/accepting-a-counter-offer-statistics/,gitnux.org,,
copilot,How long does it take to get a CPA license?,main,sources,https://ledgerism.net/how-to-become-a-cpa/,ledgerism.net,,
copilot,How long does it take to get a CPA license?,main,sources,https://howtogetlicensed.com/cpa/maryland/,howtogetlicensed.com,,
copilot,How long does it take to get a CPA license?,main,sources,https://ledgerism.net/how-to-become-a-cpa/,ledgerism.net,,
copilot,How long does it take to get a CPA license?,main,sources,https://atlascpaindex.com/cpa-requirements/maryland,atlascpaindex.com,,
copilot,How long does it take to get a CPA license?,main,sources,https://howtogetlicensed.com/cpa/maryland/,howtogetlicensed.com,,
copilot,How long does it take to get a CPA license?,main,sources,https://atlascpaindex.com/cpa-requirements/maryland,atlascpaindex.com,,
gemini,Do four day work weeks actually work for companies that tried them?,main,citations,https://www.makerstations.io/four-day-workweek-statistics/,makerstations.io,,
gemini,Do four day work weeks actually work for companies that tried them?,main,citations,https://www.reddit.com/r/Futurology/comments/11cwxx4/a_fourday_workweek_pilot_was_so_successful_most/,reddit.com,,
gemini,Do four day work weeks actually work for companies that tried them?,main,citations,https://www.4dayweek.com/long-term-2023-pilot-results,4dayweek.com,,
gemini,Do four day work weeks actually work for companies that tried them?,main,citations,https://founderreports.com/four-day-workweek-statistics/,founderreports.com,,
gemini,Do four day work weeks actually work for companies that tried them?,main,citations,https://www.apa.org/monitor/2025/01/rise-of-4-day-workweek,apa.org,,
gemini,Do four day work weeks actually work for companies that tried them?,main,citations,https://www.weforum.org/stories/jobs-and-the-future-of-work/four-day-week-work-life-balance-trial/,weforum.org,,
gemini,What do managers say makes one on ones actually useful?,main,citations,https://www.radicalcandor.com/blog/effective-one-on-ones,radicalcandor.com,,
gemini,What do managers say makes one on ones actually useful?,main,citations,https://primalogik.com/blog/one-on-one-meeting-complete-guide/,primalogik.com,,
gemini,What do managers say makes one on ones actually useful?,main,citations,https://www.cultureamp.com/blog/a-managers-ultimate-checklist-for-effective-1-on-1s,cultureamp.com,,
gemini,What do managers say makes one on ones actually useful?,main,citations,https://www.library.hbs.edu/working-knowledge/master-the-one-on-one-meeting,library.hbs.edu,,
gemini,What is the CFA exam structure and pass rate?,main,citations,https://www.learnsignal.com/blog/cfa-pass-rate/,learnsignal.com,,
gemini,What is the CFA exam structure and pass rate?,main,citations,https://quintedge.com/blog/cfa-exam-pass-rates,quintedge.com,,
gemini,What is the CFA exam structure and pass rate?,main,citations,https://www.cfainstitute.org/programs/cfa-program/exam,cfainstitute.org,,
gemini,What is the CFA exam structure and pass rate?,main,citations,https://www.cfainstitute.org/programs/cfa-program/candidate-resources/level-i-exam,cfainstitute.org,,
gemini,What is the CFA exam structure and pass rate?,main,citations,https://finance.uworld.com/cfa/pass-rates-scores/,finance.uworld.com,,
gemini,Is job hopping every two years still frowned upon?,main,citations,https://www.reddit.com/r/careeradvice/comments/1tzbp6x/is_frequent_job_hopping_going_to_accepted_by/,reddit.com,,
gemini,Is job hopping every two years still frowned upon?,main,citations,https://blog.aghires.com/job-hopping-in-2026,blog.aghires.com,,
gemini,Is job hopping every two years still frowned upon?,main,citations,https://wearecareer.com/blogs/news/job-hopping-on-resume-2026,wearecareer.com,,
gemini,How does usage based pricing work for SaaS tools?,main,citations,https://ordwaylabs.com/resources/guides/usage-based-pricing-guide/,ordwaylabs.com,,
gemini,How does usage based pricing work for SaaS tools?,main,citations,https://baremetrics.com/blog/usage-based-pricing,baremetrics.com,,
gemini,How does usage based pricing work for SaaS tools?,main,citations,https://schematichq.com/blog/why-usage-based-billing-is-taking-over-saas,schematichq.com,,
gemini,How does usage based pricing work for SaaS tools?,main,citations,https://www.stigg.io/blog-posts/usage-based-pricing,stigg.io,,
gemini,How does usage based pricing work for SaaS tools?,main,citations,https://getlago.com/blog/the-full-playbook-how-to-design-usage-based-pricing-models,getlago.com,,
gemini,How do cost of living adjustments work for remote employees?,main,citations,https://hiring.monster.com/resources/recruiting-strategies/compensation/how-to-pay-remote-workers/,hiring.monster.com,,
gemini,How do cost of living adjustments work for remote employees?,main,citations,https://www.getro.com/blog/the-future-of-remote-working-and-cost-of-living-adjustments-cola,getro.com,,
gemini,How do cost of living adjustments work for remote employees?,main,citations,https://www.fisherphillips.com/en/insights/insights/pay-your-remote-workers-less-than-office-workers-pay-model-in-a-new-era,fisherphillips.com,,
gemini,How do cost of living adjustments work for remote employees?,main,citations,https://remote.com/blog/insights-center/remote-compensation,remote.com,,
gemini,How do cost of living adjustments work for remote employees?,main,citations,https://www.belfint.com/adjust-pay-rates-remote-employees/,belfint.com,,
gemini,"What equity is realistic at a Series B startup, according to people who negotiated it?",main,citations,https://www.reddit.com/r/techsales/comments/1r7hqw7/for_those_that_work_at_series_ab_what_is_typical/,reddit.com,,
gemini,"What equity is realistic at a Series B startup, according to people who negotiated it?",main,citations,https://topstartups.io/startup-salary-equity-database/?stage=Series+B,topstartups.io,,
gemini,"What equity is realistic at a Series B startup, according to people who negotiated it?",main,citations,https://www.reddit.com/r/ProductManagement/comments/er2hyk/equity_negotiation_for_a_series_b_funded_startup/,reddit.com,,
gemini,"What equity is realistic at a Series B startup, according to people who negotiated it?",main,citations,https://www.thestartuplawblog.com/startup-employee-equity-negotiation/,thestartuplawblog.com,,
gemini,"What equity is realistic at a Series B startup, according to people who negotiated it?",main,citations,https://www.reddit.com/r/UXDesign/comments/1rgb99i/what_equity_are_series_b_startups_giving_out/,reddit.com,,
gemini,What do executives say about negotiating severance terms up front?,main,citations,https://www.bertelsonlaw.com/blog/2022/01/why-executives-should-negotiate-their-exit-before-they-start-their-employment/,bertelsonlaw.com,,
gemini,What do executives say about negotiating severance terms up front?,main,citations,https://chief.com/articles/how-to-negotiate-a-severance-package-that-protects-your-money-and-reputation-up-front,chief.com,,
gemini,What do executives say about negotiating severance terms up front?,main,citations,https://www.sdtplanning.com/blog/executive-severance-packages,sdtplanning.com,,
gemini,What does the Series 7 exam allow you to do?,main,citations,https://www.finra.org/registration-exams-ce/qualification-exams/series7,finra.org,,
gemini,What do people regret about accepting their last job offer?,main,citations,https://www.bamboohr.com/resources/data-at-work/data-stories/2023-onboarding-statistics,bamboohr.com,,
gemini,What do people regret about accepting their last job offer?,main,citations,https://zety.com/blog/biggest-career-regrets,zety.com,,
gemini,What do people regret about accepting their last job offer?,main,citations,https://www.bamboohr.com/about-bamboohr/press-release/44-of-new-hires-regret-their-decision-within-a-week-bamboohr-study-finds,bamboohr.com,,
gemini,How long does it take to get a CPA license?,main,citations,https://www.sacbee.com/careers-education/how-long-does-it-take-to-get-a-cpa/,sacbee.com,,
gemini,How long does it take to get a CPA license?,main,citations,https://testprepinsight.com/resources/how-long-to-become-cpa/,testprepinsight.com,,
gemini,How long does it take to get a CPA license?,main,citations,https://www.purdueglobal.edu/blog/business/what-it-takes-to-become-cpa/,purdueglobal.edu,,
gemini,How long does it take to get a CPA license?,main,citations,https://www.mileseducation.com/blog/accounting/how-long-does-it-take-to-earn-cpa-certification,mileseducation.com,,
gemini,How long does it take to get a CPA license?,main,citations,https://www.becker.com/cpa-review/how-to-become-a-cpa,becker.com,,
gemini,How long does it take to get a CPA license?,main,citations,https://www.intuit.com/blog/life-at-intuit/intuit-experts/how-to-become-a-cpa-in-illinois/,intuit.com,,
gemini,How does 401k vesting work when you change jobs?,main,citations,https://www.onemainfinancial.com/personal-loans/resources/401k-vesting,onemainfinancial.com,,
gemini,How does 401k vesting work when you change jobs?,main,citations,https://www.communityfirstcu.org/cfcu-you/blog/2024/3/when-changing-jobs-know-your-401(k)-options,communityfirstcu.org,,
gemini,How does 401k vesting work when you change jobs?,main,citations,https://www.equifax.com/personal/education/personal-finance/articles/-/learn/401k-vesting-changing-jobs/,equifax.com,,
gemini,How does 401k vesting work when you change jobs?,main,citations,https://investor.vanguard.com/investor-resources-education/article/what-happens-401k-when-you-quit,investor.vanguard.com,,
gemini,What do remote workers say helps most against burnout?,main,citations,https://hybo.app/en/blog/burnout-and-remote-working/,hybo.app,,
gemini,What do remote workers say helps most against burnout?,main,citations,https://www.insightful.io/blog/remote-work-health,insightful.io,,
gemini,What do remote workers say helps most against burnout?,main,citations,https://deconstructingstigma.org/guides/working-from-home,deconstructingstigma.org,,
gemini,What do remote workers say helps most against burnout?,main,citations,https://www.brownhealth.org/be-well/7-ways-prevent-work-home-burnout,brownhealth.org,,
gemini,What do remote workers say helps most against burnout?,main,citations,https://madeiraremote.com/blog/burnout-prevention-strategies,madeiraremote.com,,
gemini,What do remote workers say helps most against burnout?,main,citations,https://www.helloezra.com/remote-work-mental-health,helloezra.com,,
gemini,What do remote workers say helps most against burnout?,main,citations,https://www.webmdhealthservices.com/blog/mental-health-of-remote-workers/,webmdhealthservices.com,,
gemini,How is severance pay typically calculated?,main,citations,https://www.rippling.com/blog/typical-severance-package,rippling.com,,
gemini,How is severance pay typically calculated?,main,citations,https://www.opm.gov/policy-data-oversight/pay-leave/pay-administration/fact-sheets/severance-pay-estimation-worksheet/,opm.gov,,
gemini,How is severance pay typically calculated?,main,citations,https://www.commerce.gov/hr/practitioners/compensation-policies/general-pay/severance-pay,commerce.gov,,
gemini,What do finance teams complain about most in NetSuite?,main,citations,https://www.kimberlitepartners.com/blog/netsuite-reporting-limitations,kimberlitepartners.com,,
gemini,What do finance teams complain about most in NetSuite?,main,citations,https://suitesciens.com/why-most-saas-teams-struggle-with-netsuite-integration-and-how-to-fix-it/,suitesciens.com,,
gemini,What do finance teams complain about most in NetSuite?,main,citations,https://www.coras-consulting.com/5-most-common-netsuite-complaints/,coras-consulting.com,,
gemini,What do finance teams complain about most in NetSuite?,main,citations,https://www.brokenrubik.com/blog/oracle-netsuite-pros-and-cons-the-definitive-guide,brokenrubik.com,,
gemini,What do RevOps people think of Clay for outbound prospecting?,main,citations,https://delverise.com/blog/clay-vs-apollo-sales-teams,delverise.com,,
gemini,What do RevOps people think of Clay for outbound prospecting?,main,citations,https://pipeline.zoominfo.com/sales/clay-reviews,pipeline.zoominfo.com,,
gemini,What do RevOps people think of Clay for outbound prospecting?,main,citations,https://ziellab.com/post/revops-supercharged-with-ai-how-clay-transforms-every-stage-of-your-revenue-engine,ziellab.com,,
gemini,What do RevOps people think of Clay for outbound prospecting?,main,citations,https://improvitz.com/choosing-between-clay-and-apollo-a-head-of-revenue-ops-perspective/,improvitz.com,,
gemini,What do RevOps people think of Clay for outbound prospecting?,main,citations,https://www.reddit.com/r/revops/comments/1qv0787/anyone_using_clay_what_are_things_to_lookout_for/,reddit.com,,
gemini,What background checks do employers actually run?,main,citations,https://ethico.com/blog/the-most-common-types-of-background-checks/,ethico.com,,
gemini,What background checks do employers actually run?,main,citations,https://legal.thomsonreuters.com/blog/the-importance-of-background-checks-for-employers-what-to-look-for/,legal.thomsonreuters.com,,
gemini,What background checks do employers actually run?,main,citations,https://www.paycom.com/resources/blog/employee-background-checks/,paycom.com,,
gemini,What background checks do employers actually run?,main,citations,https://www.veremark.com/blog/10-different-types-of-employment-background-checks-to-consider-in-your-hiring-process,veremark.com,,
gemini,What background checks do employers actually run?,main,citations,https://www.indeed.com/hire/c/info/background-check-for-employment,indeed.com,,
gemini,What background checks do employers actually run?,main,citations,https://www.eeoc.gov/laws/guidance/background-checks-what-employers-need-know,eeoc.gov,,
gemini,What are realistic product manager salaries in 2026?,main,citations,https://www.productmanagerjobboard.com/salary,productmanagerjobboard.com,,
gemini,What are realistic product manager salaries in 2026?,main,citations,https://www.kore1.com/technical-product-manager-salary-guide/,kore1.com,,
gemini,What are realistic product manager salaries in 2026?,main,citations,https://recruitslab.com/salary-guides/product-manager-salary-guide-2026,recruitslab.com,,
gemini,"Can Notion replace Confluence for engineering docs, according to teams that tried?",main,citations,https://www.usecarly.com/blog/confluence-vs-notion/,usecarly.com,,
gemini,"Can Notion replace Confluence for engineering docs, according to teams that tried?",main,citations,https://www.atlassian.com/blog/confluence/v-notion,atlassian.com,,
gemini,"Can Notion replace Confluence for engineering docs, according to teams that tried?",main,citations,https://ones.com/blog/notion-vs-confluence-comparison-8-features-tested-head-to-head/,ones.com,,
gemini,Do hiring managers care about cover letters anymore?,main,citations,https://jobcannon.io/blog/do-cover-letters-still-matter-in-2026,jobcannon.io,,
gemini,Do hiring managers care about cover letters anymore?,main,citations,https://dev.to/charliemorrison/the-cover-letter-is-mostly-dead-in-2026-i-asked-22-hiring-managers-what-replaced-it-1en1,dev.to,,
gemini,Do hiring managers care about cover letters anymore?,main,citations,https://resumeoptimizerpro.com/blog/do-you-need-a-cover-letter-2026,resumeoptimizerpro.com,,
gemini,Do hiring managers care about cover letters anymore?,main,links_attached,https://jobcannon.io/blog/do-cover-letters-still-matter-in-2026,jobcannon.io,,
gemini,What is the average merit increase budget for 2026?,main,citations,https://www.mercer.com/en-us/insights/total-rewards/navigating-the-fog-charting-your-2026-compensation-planning-strategy/,mercer.com,,
gemini,What is the average merit increase budget for 2026?,main,citations,https://www.conference-board.org/press/pay-raise-budgets,conference-board.org,,
gemini,What is the average merit increase budget for 2026?,main,citations,https://pearlmeyer.com/insights-and-research/advisor-blog/2026-compensation-planning-data-and-insights-to-inform-your-salary-budget-decisions,pearlmeyer.com,,
gemini,What is the average merit increase budget for 2026?,main,citations,https://worldatwork.org/publications/workspan-daily/worldatwork-2026-salary-increase-budgets-project-u-s-global-caution,worldatwork.org,,
gemini,What is the average merit increase budget for 2026?,main,citations,https://www.imercer.com/articleinsights/2026-increase-budgets,imercer.com,,
gemini,How do H1B transfers work when switching employers?,main,citations,https://dworkenlaw.com/changing-jobs-with-the-h1b-visa-transfer/,dworkenlaw.com,,
gemini,How do H1B transfers work when switching employers?,main,citations,https://www.davidsonmorris.com/h1b-transfer/,davidsonmorris.com,,
gemini,How do H1B transfers work when switching employers?,main,citations,https://www.pollakimmigration.com/blog/h1b-transfer-change-of-employer-processing-time-fee-and-everything-you-need-to-know,pollakimmigration.com,,
gemini,How do H1B transfers work when switching employers?,main,citations,https://immigrationhelpla.com/h1b-visa-transfer/,immigrationhelpla.com,,
gemini,How do H1B transfers work when switching employers?,main,citations,https://global.temple.edu/isss/faculty-staff-and-researchers/international-employees/h-1b-applicants/changing-employers-while-holding-h-1b-status,global.temple.edu,,
gemini,What happens to unvested RSUs when you get laid off?,main,citations,https://www.astor.app/blog/rsus-when-laid-off,astor.app,,
gemini,What happens to unvested RSUs when you get laid off?,main,citations,https://www.unleashedfinancial.com/blog/got-laid-off-heres-what-happens-to-your-rsus/,unleashedfinancial.com,,
gemini,"Is Asana or Monday better for a marketing team, according to users?",main,citations,https://saasforwork.com/monday-com-vs-asana-for-marketing-teams-which-tool-wins-in-2026/,saasforwork.com,,
gemini,"Is Asana or Monday better for a marketing team, according to users?",main,citations,https://zapier.com/blog/monday-vs-asana/,zapier.com,,
gemini,What do sales teams actually think of HubSpot vs Salesforce?,main,citations,https://www.reddit.com/r/sales/comments/x5wbrq/which_is_better_hubspot_or_salesforce_and_why/,reddit.com,,
gemini,What do sales teams actually think of HubSpot vs Salesforce?,main,citations,https://www.reddit.com/r/hubspot/comments/1td6p16/hubspot_vs_salesforce/,reddit.com,,
gemini,What do sales teams actually think of HubSpot vs Salesforce?,main,citations,https://www.g2.com/compare/agentforce-sales-formerly-salesforce-sales-cloud-vs-hubspot-sales-hub,g2.com,,
gemini,What do sales teams actually think of HubSpot vs Salesforce?,main,citations,https://www.reddit.com/r/MarketingAutomation/comments/1vte35t/hubspot_vs_salesforce_i_know_this_gets_asked_a/,reddit.com,,
gemini,What do sales teams actually think of HubSpot vs Salesforce?,main,citations,https://www.reddit.com/r/CRMSoftware/comments/1u0x5jx/hubspot_crm_vs_salesforce_reddit_opinions_which/,reddit.com,,
gemini,What do sales teams actually think of HubSpot vs Salesforce?,main,citations,https://mcgaw.io/blog/hubspot-vs-salesforce-crm-comparison/,mcgaw.io,,
gemini,Do recruiting teams like Greenhouse or Lever better?,main,citations,https://edencapitalcareers.com/compare-ats/greenhouse-vs-lever,edencapitalcareers.com,,
gemini,Do recruiting teams like Greenhouse or Lever better?,main,citations,https://www.peoplepilot.io/blog/greenhouse-vs-lever-2026,peoplepilot.io,,
gemini,Do recruiting teams like Greenhouse or Lever better?,main,citations,https://100hires.com/lever-vs-greenhouse.html,100hires.com,,
gemini,Do recruiting teams like Greenhouse or Lever better?,main,citations,https://www.hiretruffle.com/compare/greenhouse-vs-lever,hiretruffle.com,,
gemini,How do SSO and SCIM provisioning work in enterprise software?,main,citations,https://ssojet.com/blog/scim-vs-sso-understanding-identity-provisioning-vs-authentication,ssojet.com,,
gemini,How do SSO and SCIM provisioning work in enterprise software?,main,citations,https://www.rhombus.com/blog/scim-sso-provisioning-access-control/,rhombus.com,,
gemini,Is Gong worth the price according to revenue teams?,main,citations,https://www.claap.io/blog/gong-pricing,claap.io,,
gemini,Is Gong worth the price according to revenue teams?,main,citations,https://www.oliv.ai/blog/gong-reviews,oliv.ai,,
gemini,Is Gong worth the price according to revenue teams?,main,citations,https://fritz.ai/gong-ai-review/,fritz.ai,,
gemini,Is Gong worth the price according to revenue teams?,main,citations,https://www.g2.com/products/gong/reviews,g2.com,,
gemini,Is Gong worth the price according to revenue teams?,main,citations,https://www.replysequence.com/blog/is-gong-worth-the-price-honest-breakdown-for-growing-sales-teams,replysequence.com,,
gemini,Is Gong worth the price according to revenue teams?,main,citations,https://www.getmaxiq.com/blog/gong-ai-pricing,getmaxiq.com,,
gemini,What is the difference between a W2 employee and a 1099 contractor?,main,citations,https://www.paycor.com/resource-center/articles/w2-vs-1099/,paycor.com,,
gemini,What is the difference between a W2 employee and a 1099 contractor?,main,citations,https://www.jacksonhewitt.com/tax-help/tax-tips-topics/personal-finance-savings/is-it-better-to-be-paid-1099-or-w-2/,jacksonhewitt.com,,
gemini,How long does a typical corporate hiring process take in 2026?,main,citations,https://www.theresource.com/2025/10/13/average-time-to-hire/,theresource.com,,
gemini,How long does a typical corporate hiring process take in 2026?,main,citations,https://curriculo.me/time-to-hire-2026/,curriculo.me,,
gemini,How long does a typical corporate hiring process take in 2026?,main,citations,https://www.manatal.com/blog/time-to-hire-by-industry,manatal.com,,
gemini,What are the requirements for the PMP certification in 2026?,main,citations,https://www.woloyem.com/blog/pmp-certification-requirements-2026-the-strategic-eligibility-guide,woloyem.com,,
gemini,What are the requirements for the PMP certification in 2026?,main,citations,https://www.4pmti.com/pmp-certification-requirements/,4pmti.com,,
gemini,What are the requirements for the PMP certification in 2026?,main,citations,https://www.vcareprojectmanagement.com/blogs/news/pmp-exam-2026-complete-guide,vcareprojectmanagement.com,,
gemini,What are the requirements for the PMP certification in 2026?,main,citations,https://www.coursera.org/articles/the-pmp-certification-a-guide-to-getting-started,coursera.org,,
gemini,What are the requirements for the PMP certification in 2026?,main,citations,https://www.pmi.org/certifications/project-management-pmp/new-exam,pmi.org,,
gemini,What do employees really think of return to office mandates?,main,citations,https://pmc.ncbi.nlm.nih.gov/articles/PMC10126217/,pmc.ncbi.nlm.nih.gov,,
gemini,What do employees really think of return to office mandates?,main,citations,https://aubreydaniels.com/blog/do-return-to-office-mandates-help-or-hurt,aubreydaniels.com,,
gemini,What do employees really think of return to office mandates?,main,citations,https://siepr.stanford.edu/publications/work/great-resistance-getting-employees-back-office,siepr.stanford.edu,,
gemini,What do employees really think of return to office mandates?,main,citations,https://www.reddit.com/r/WFH/comments/1cokuo8/study_on_returntooffice_mandates_gets/,reddit.com,,
gemini,What do employees really think of return to office mandates?,main,citations,https://qz.com/office-return-mandate-companies-stock-drop,qz.com,,
gemini,What do employees really think of return to office mandates?,main,citations,https://www.hcamag.com/us/specialization/corporate-wellness/hybrid-work-sounded-like-the-happiest-medium-it-isnt/586922,hcamag.com,,
gemini,What is a typical bonus percentage for mid level managers?,main,citations,https://flawlessmlm.com/en/faq/how-much-is-typically-awarded-as-a-company-bonus,flawlessmlm.com,,
gemini,What is a typical bonus percentage for mid level managers?,main,citations,https://www.oysterhr.com/library/what-is-a-good-bonus-percentage,oysterhr.com,,
gemini,What is a typical bonus percentage for mid level managers?,main,citations,https://www.sharewillow.com/blog/average-bonus-percentage,sharewillow.com,,
gemini,What is a typical bonus percentage for mid level managers?,main,citations,https://getstello.ai/annual-performance-bonuses/,getstello.ai,,
gemini,How do you become a certified financial planner?,main,citations,https://dalton-education.com/article/four-steps-how-to-become-a-certified-financial-planner,dalton-education.com,,
gemini,How do you become a certified financial planner?,main,citations,https://www.cfp.net/certification-process,cfp.net,,
gemini,How do you become a certified financial planner?,main,citations,https://www.bostonifi.com/resources/blog/everything-cfp-certification,bostonifi.com,,
gemini,How does COBRA coverage work between jobs?,main,citations,https://www.northwesternmutual.com/life-and-money/what-is-cobra-health-insurance/,northwesternmutual.com,,
gemini,How does COBRA coverage work between jobs?,main,citations,https://www.cobrainsurance.com/,cobrainsurance.com,,
gemini,How does COBRA coverage work between jobs?,main,citations,https://www.dol.gov/agencies/ebsa/about-ebsa/our-activities/resource-center/faqs/cobra-continuation-health-coverage-workers,dol.gov,,
gemini,How does COBRA coverage work between jobs?,main,citations,https://www.uhc.com/understanding-health-insurance/types-of-health-insurance/cobra-insurance,uhc.com,,
gemini,How does COBRA coverage work between jobs?,main,citations,https://www.dol.gov/general/topic/health-plans/cobra,dol.gov,,
gemini,How does COBRA coverage work between jobs?,main,citations,https://www.medicare.gov/basics/get-started-with-medicare/medicare-basics/working-past-65/cobra-coverage,medicare.gov,,
gemini,How does COBRA coverage work between jobs?,main,citations,https://www.cigna.com/knowledge-center/what-is-cobra-insurance,cigna.com,,
gemini,What do consultants say about leaving consulting for industry?,main,citations,https://caseinterview.com/consulting-exit-opportunities,caseinterview.com,,
gemini,What do consultants say about leaving consulting for industry?,main,citations,https://www.reddit.com/r/consulting/comments/18zehot/how_did_you_know_it_was_time_for_you_to_exit_the/,reddit.com,,
gemini,What do consultants say about leaving consulting for industry?,main,citations,https://www.reddit.com/r/consulting/comments/1k3qoa7/regretting_moving_to_industry/,reddit.com,,
gemini,What do consultants say about leaving consulting for industry?,main,citations,https://www.reddit.com/r/consulting/comments/13geag5/why_leave_consulting_when_you_can_grow_faster/,reddit.com,,
gemini,What do consultants say about leaving consulting for industry?,main,citations,https://medium.com/@anna_35406/4-invaluable-lessons-ive-learned-from-my-move-out-of-consulting-68223ac67374,medium.com,,
gemini,What do consultants say about leaving consulting for industry?,main,citations,https://www.wallstreetoasis.com/forum/consulting/5-most-important-things-i-learned-when-exiting-consulting,wallstreetoasis.com,,
gemini,Do people who quit big tech for smaller companies regret it?,main,citations,https://www.reddit.com/r/cscareerquestions/comments/weazp7/people_who_left_big_tech_companies_for_something/,reddit.com,,
gemini,Do people who quit big tech for smaller companies regret it?,main,citations,https://www.reddit.com/r/cscareerquestions/comments/1erra49/did_anyone_ever_leave_big_tech_for_a_more_chill/,reddit.com,,
gemini,How do non compete agreements work in California?,main,citations,https://www.kolmogorovlaw.com/non-compete-agreements-in-california-what-business-owners-need-to-know-in-2026,kolmogorovlaw.com,,
gemini,How do non compete agreements work in California?,main,citations,https://ceb.com/blog/navigating-californias-updated-non-compete-statute-what-changed-and-what-you-must-know/,ceb.com,,
gemini,How do non compete agreements work in California?,main,citations,https://www.purduegloballawschool.edu/blog/news/california-noncompete-agreement-ban,purduegloballawschool.edu,,
gemini,How do non compete agreements work in California?,main,citations,https://www.kingsiegel.com/noncompete-attorney-ca/,kingsiegel.com,,
gemini,What does the AWS Solutions Architect Associate exam cover?,main,citations,https://docs.aws.amazon.com/aws-certification/latest/solutions-architect-associate-03/solutions-architect-associate-03.html,docs.aws.amazon.com,,
gemini,What does the AWS Solutions Architect Associate exam cover?,main,citations,https://www.pluralsight.com/resources/blog/cloud/AWS-saa-c03-exam,pluralsight.com,,
gemini,What does the AWS Solutions Architect Associate exam cover?,main,citations,https://preporato.com/blog/aws-saa-c03-exam-domains-complete-breakdown-2026,preporato.com,,
gemini,What does the AWS Solutions Architect Associate exam cover?,main,citations,https://sailor.sh/blog/aws-solutions-architect-exam-topics/,sailor.sh,,
gemini,What does the AWS Solutions Architect Associate exam cover?,main,citations,https://skillbuilder.aws/learning-plan/UYRXS2DF85/exam-prep-plan-aws-certified-solutions-architect--associate-saac03--english/U991QUF9C3,skillbuilder.aws,,
gemini,What do interviewers say are instant red flags in candidates?,main,citations,https://www.hiretruffle.com/blog/red-flag-candidate,hiretruffle.com,,
gemini,What do interviewers say are instant red flags in candidates?,main,citations,https://recruitee.com/blog/interview-red-flags,recruitee.com,,
gemini,What do interviewers say are instant red flags in candidates?,main,citations,https://www.noota.io/en/interview-red-flags-guide,noota.io,,
gemini,What do interviewers say are instant red flags in candidates?,main,citations,https://qz.com/922762/a-top-recruiter-lists-the-red-flags-that-ruin-any-interview,qz.com,,
gemini,What do recruiters say gets a resume past screening software?,main,citations,https://www.reddit.com/r/recruitinghell/comments/198tybl/what_does_probably_your_resume_didnt_pass_ats/,reddit.com,,
gemini,What do recruiters say gets a resume past screening software?,main,citations,https://www.reddit.com/r/Recruitment/comments/1rmk97u/recruiters_how_do_atss_work_and_are_cv_scanners/,reddit.com,,
gemini,What do recruiters say gets a resume past screening software?,main,citations,https://www.reddit.com/r/jobsearchhacks/comments/1r32a25/i_spent_8_months_testing_how_ats_systems_actually/,reddit.com,,
gemini,What do recruiters say gets a resume past screening software?,main,citations,https://kristenfife.medium.com/understanding-how-the-ats-reads-and-interacts-with-your-resume-401bd00b66db,kristenfife.medium.com,,
gemini,What do recruiters say gets a resume past screening software?,main,citations,https://www.indeed.com/career-advice/resumes-cover-letters/automated-screening-resume,indeed.com,,
gemini,What do recruiters say gets a resume past screening software?,main,citations,https://www.roberthalf.com/us/en/insights/landing-job/get-your-resume-past-the-robots-5-tips-to-conquer-applicant-screening-systems,roberthalf.com,,
gemini,Is hot desking as unpopular as it sounds?,main,citations,https://archieapp.co/blog/hot-desking-statistics/,archieapp.co,,
gemini,Is hot desking as unpopular as it sounds?,main,citations,https://www.gensler.com/blog/hot-desking-may-be-costing-your-culture,gensler.com,,
gemini,Is hot desking as unpopular as it sounds?,main,citations,https://www.sheldon.com.au/workplace-insights/why-hot-desking-isnt-working,sheldon.com.au,,
gemini,Is hot desking as unpopular as it sounds?,main,citations,https://www.kornferry.com/insights/this-week-in-leadership/hot-desking-not-so-hot-with-employees,kornferry.com,,
gemini,Is hot desking as unpopular as it sounds?,main,citations,https://floorplanmapper.com/employees-hate-hot-desking/,floorplanmapper.com,,
gemini,Is hot desking as unpopular as it sounds?,main,citations,https://www.deskbird.com/blog/hybrid-work-statistics,deskbird.com,,
gemini,Do support teams prefer Zendesk or Intercom in practice?,main,citations,https://www.lorikeetcx.ai/articles/zendesk-vs-intercom,lorikeetcx.ai,,
gemini,Do support teams prefer Zendesk or Intercom in practice?,main,citations,https://www.usecarly.com/blog/zendesk-vs-intercom/,usecarly.com,,
gemini,Do support teams prefer Zendesk or Intercom in practice?,main,citations,https://pluno.ai/blog/zendesk-vs-intercom-2026,pluno.ai,,
gemini,Do support teams prefer Zendesk or Intercom in practice?,main,citations,https://helpcrunch.com/blog/zendesk-vs-intercom/,helpcrunch.com,,
gemini,How do recruiters feel about candidates who use AI to write applications?,main,citations,https://www.liftmycv.com/blog/using-ai-for-cover-letter/,liftmycv.com,,
gemini,How do recruiters feel about candidates who use AI to write applications?,main,citations,https://www.wahresume.com/blog/avoid-ai-detection-writing-authentic-cover-letters-in-2026,wahresume.com,,
gemini,How do hiring managers really view career breaks in 2026?,main,citations,https://resumevera.com/blogs/employment-gap-resume-explanation-2026,resumevera.com,,
gemini,How do hiring managers really view career breaks in 2026?,main,citations,https://www.hiration.com/blog/do-employers-care-about-career-gaps/,hiration.com,,
gemini,How do hiring managers really view career breaks in 2026?,main,citations,https://scale.jobs/blog/resume-gaps-how-to-explain-without-getting-rejected,scale.jobs,,
gemini,How do hiring managers really view career breaks in 2026?,main,citations,https://www.kraftcv.com/blog/career-gaps-resume-2026-guide,kraftcv.com,,
gemini,How do hiring managers really view career breaks in 2026?,main,citations,https://employmenthero.com/blog/career-break-interview-guide/,employmenthero.com,,
gemini,How does the Google Analytics certification work?,main,citations,https://www.coursera.org/articles/google-analytics-certification,coursera.org,,
gemini,How does the Google Analytics certification work?,main,citations,https://sg.indeed.com/career-advice/finding-a-job/is-google-analytics-certification-worth-it,sg.indeed.com,,
gemini,How does the Google Analytics certification work?,main,citations,https://support.google.com/analytics/answer/15440208?hl=en,support.google.com,,
gemini,How do pay transparency laws affect job postings?,main,citations,https://icomppayroll.com/the-impact-of-pay-transparency-laws-on-job-postings/,icomppayroll.com,,
gemini,How do pay transparency laws affect job postings?,main,citations,https://www.paycor.com/resource-center/articles/pay-transparency-laws-by-state/,paycor.com,,
gemini,How do pay transparency laws affect job postings?,main,citations,https://carta.com/learn/startups/compensation/pay-transparency/,carta.com,,
perplexity,How do SSO and SCIM provisioning work in enterprise software?,main,citations,https://learn.microsoft.com/en-us/answers/questions/1554022/how-sso-and-scim-can-help-us-in-users-groups-provi,learn.microsoft.com,,
perplexity,How do SSO and SCIM provisioning work in enterprise software?,main,citations,https://workos.com/guide/scim-vs-sso,workos.com,,
perplexity,How do SSO and SCIM provisioning work in enterprise software?,main,citations,https://securityboulevard.com/2025/12/scim-vs-sso-understanding-identity-provisioning-vs-authentication/,securityboulevard.com,,
perplexity,How do SSO and SCIM provisioning work in enterprise software?,main,citations,https://www.miniorange.com/blog/scim-vs-sso/,miniorange.com,,
perplexity,How do SSO and SCIM provisioning work in enterprise software?,main,citations,https://www.scalekit.com/blog/scim-vs-sso,scalekit.com,,
perplexity,How do SSO and SCIM provisioning work in enterprise software?,main,citations,https://www.strongdm.com/blog/scim-provisioning,strongdm.com,,
perplexity,How do SSO and SCIM provisioning work in enterprise software?,main,citations,https://www.loginradius.com/blog/identity/what-is-scim,loginradius.com,,
perplexity,How do SSO and SCIM provisioning work in enterprise software?,main,citations,https://ssojet.com/blog/sso-and-scim-together-enterprise-need-both,ssojet.com,,
perplexity,How do SSO and SCIM provisioning work in enterprise software?,main,citations,https://ssojet.com/blog/scim-vs-sso-understanding-identity-provisioning-vs-authentication,ssojet.com,,
perplexity,How do SSO and SCIM provisioning work in enterprise software?,main,citations,https://ravenna.ai/blog/scim-vs-sso,ravenna.ai,,
perplexity,How do SSO and SCIM provisioning work in enterprise software?,main,sources,https://learn.microsoft.com/en-us/answers/questions/1554022/how-sso-and-scim-can-help-us-in-users-groups-provi,learn.microsoft.com,,
perplexity,How do SSO and SCIM provisioning work in enterprise software?,main,sources,https://workos.com/guide/scim-vs-sso,workos.com,,
perplexity,How do SSO and SCIM provisioning work in enterprise software?,main,sources,https://securityboulevard.com/2025/12/scim-vs-sso-understanding-identity-provisioning-vs-authentication/,securityboulevard.com,,
perplexity,How do SSO and SCIM provisioning work in enterprise software?,main,sources,https://www.miniorange.com/blog/scim-vs-sso/,miniorange.com,,
perplexity,How do SSO and SCIM provisioning work in enterprise software?,main,sources,https://www.scalekit.com/blog/scim-vs-sso,scalekit.com,,
perplexity,How do SSO and SCIM provisioning work in enterprise software?,main,sources,https://www.strongdm.com/blog/scim-provisioning,strongdm.com,,
perplexity,How do SSO and SCIM provisioning work in enterprise software?,main,sources,https://www.loginradius.com/blog/identity/what-is-scim,loginradius.com,,
perplexity,How do SSO and SCIM provisioning work in enterprise software?,main,sources,https://ssojet.com/blog/sso-and-scim-together-enterprise-need-both,ssojet.com,,
perplexity,How do SSO and SCIM provisioning work in enterprise software?,main,sources,https://ssojet.com/blog/scim-vs-sso-understanding-identity-provisioning-vs-authentication,ssojet.com,,
perplexity,How do SSO and SCIM provisioning work in enterprise software?,main,sources,https://ravenna.ai/blog/scim-vs-sso,ravenna.ai,,
perplexity,What is the difference between a W2 employee and a 1099 contractor?,main,citations,https://squareup.com/us/en/the-bottom-line/operating-your-business/1099-vs-w2-which-do-you-want,squareup.com,,
perplexity,What is the difference between a W2 employee and a 1099 contractor?,main,citations,https://www.adp.com/spark/articles/2021/05/1099-vs-w2-what-you-dont-know-could-cost-you.aspx,adp.com,,
perplexity,What is the difference between a W2 employee and a 1099 contractor?,main,citations,https://www.paycor.com/resource-center/articles/w2-vs-1099/,paycor.com,,
perplexity,What is the difference between a W2 employee and a 1099 contractor?,main,citations,https://quickbooks.intuit.com/payroll/1099-vs-w2/,quickbooks.intuit.com,,
perplexity,What is the difference between a W2 employee and a 1099 contractor?,main,citations,https://www.deel.com/blog/getting-paid-1099-vs-w-2/,deel.com,,
perplexity,What is the difference between a W2 employee and a 1099 contractor?,main,citations,https://www.nerdwallet.com/taxes/learn/1099-vs-w2-difference,nerdwallet.com,,
perplexity,What is the difference between a W2 employee and a 1099 contractor?,main,citations,https://ramp.com/blog/1099-vs-w2,ramp.com,,
perplexity,What is the difference between a W2 employee and a 1099 contractor?,main,citations,https://www.uschamber.com/co/run/finance/taxes-for-w2-vs-1099-workers,uschamber.com,,
perplexity,What is the difference between a W2 employee and a 1099 contractor?,main,citations,https://www.completepayrollsolutions.com/blog/w2-vs-1099,completepayrollsolutions.com,,
perplexity,What is the difference between a W2 employee and a 1099 contractor?,main,citations,https://oforce.com/blog/ndependent-contractor-1099-vs-w2,oforce.com,,
perplexity,What is the difference between a W2 employee and a 1099 contractor?,main,sources,https://squareup.com/us/en/the-bottom-line/operating-your-business/1099-vs-w2-which-do-you-want,squareup.com,,
perplexity,What is the difference between a W2 employee and a 1099 contractor?,main,sources,https://www.adp.com/spark/articles/2021/05/1099-vs-w2-what-you-dont-know-could-cost-you.aspx,adp.com,,
perplexity,What is the difference between a W2 employee and a 1099 contractor?,main,sources,https://www.paycor.com/resource-center/articles/w2-vs-1099/,paycor.com,,
perplexity,What is the difference between a W2 employee and a 1099 contractor?,main,sources,https://quickbooks.intuit.com/payroll/1099-vs-w2/,quickbooks.intuit.com,,
perplexity,What is the difference between a W2 employee and a 1099 contractor?,main,sources,https://www.deel.com/blog/getting-paid-1099-vs-w-2/,deel.com,,
perplexity,What is the difference between a W2 employee and a 1099 contractor?,main,sources,https://www.nerdwallet.com/taxes/learn/1099-vs-w2-difference,nerdwallet.com,,
perplexity,What is the difference between a W2 employee and a 1099 contractor?,main,sources,https://ramp.com/blog/1099-vs-w2,ramp.com,,
perplexity,What is the difference between a W2 employee and a 1099 contractor?,main,sources,https://www.uschamber.com/co/run/finance/taxes-for-w2-vs-1099-workers,uschamber.com,,
perplexity,What is the difference between a W2 employee and a 1099 contractor?,main,sources,https://www.completepayrollsolutions.com/blog/w2-vs-1099,completepayrollsolutions.com,,
perplexity,What is the difference between a W2 employee and a 1099 contractor?,main,sources,https://oforce.com/blog/ndependent-contractor-1099-vs-w2,oforce.com,,
perplexity,Do counteroffers from a current employer ever end well?,main,citations,https://hbr.org/podcast/2019/04/counteroffers,hbr.org,,
perplexity,Do counteroffers from a current employer ever end well?,main,citations,https://www.shrm.org/topics-tools/news/benefits-compensation/pros-cons-counteroffers,shrm.org,,
perplexity,Do counteroffers from a current employer ever end well?,main,citations,https://www.hays.com.au/career-advice/job-hunting/how-to-deal-with-a-counter-offer,hays.com.au,,
perplexity,Do counteroffers from a current employer ever end well?,main,citations,https://www.northwesternmutual.com/life-and-money/heres-how-to-handle-a-counteroffer-from-your-job/,northwesternmutual.com,,
perplexity,Do counteroffers from a current employer ever end well?,main,citations,https://www.askamanager.org/2026/01/everything-you-need-to-know-about-counteroffers-and-why-you-usually-shouldnt-take-one.html,askamanager.org,,
perplexity,Do counteroffers from a current employer ever end well?,main,citations,https://www.reddit.com/r/sysadmin/comments/12g8na8/what_are_your_experiences_with_counteroffers/,reddit.com,,
perplexity,Do counteroffers from a current employer ever end well?,main,citations,https://www.davron.net/the-truth-about-counteroffers-why-most-backfire-within-6-months/,davron.net,,
perplexity,Do counteroffers from a current employer ever end well?,main,citations,https://www.reddit.com/r/careerguidance/comments/13v54wr/those_of_you_who_have_accepted_counteroffers_from/,reddit.com,,
perplexity,Do counteroffers from a current employer ever end well?,main,citations,https://www.reddit.com/r/managers/comments/1pt26vs/have_you_ever_seen_a_counter_offer_work_out/,reddit.com,,
perplexity,Do counteroffers from a current employer ever end well?,main,citations,https://www.reddit.com/r/careeradvice/comments/1camu7j/need_some_reminders_as_to_why_accepting_a/,reddit.com,,
perplexity,Do counteroffers from a current employer ever end well?,main,sources,https://hbr.org/podcast/2019/04/counteroffers,hbr.org,,
perplexity,Do counteroffers from a current employer ever end well?,main,sources,https://www.shrm.org/topics-tools/news/benefits-compensation/pros-cons-counteroffers,shrm.org,,
perplexity,Do counteroffers from a current employer ever end well?,main,sources,https://www.hays.com.au/career-advice/job-hunting/how-to-deal-with-a-counter-offer,hays.com.au,,
perplexity,Do counteroffers from a current employer ever end well?,main,sources,https://www.northwesternmutual.com/life-and-money/heres-how-to-handle-a-counteroffer-from-your-job/,northwesternmutual.com,,
perplexity,Do counteroffers from a current employer ever end well?,main,sources,https://www.askamanager.org/2026/01/everything-you-need-to-know-about-counteroffers-and-why-you-usually-shouldnt-take-one.html,askamanager.org,,
perplexity,Do counteroffers from a current employer ever end well?,main,sources,https://www.reddit.com/r/sysadmin/comments/12g8na8/what_are_your_experiences_with_counteroffers/,reddit.com,,
perplexity,Do counteroffers from a current employer ever end well?,main,sources,https://www.davron.net/the-truth-about-counteroffers-why-most-backfire-within-6-months/,davron.net,,
perplexity,Do counteroffers from a current employer ever end well?,main,sources,https://www.reddit.com/r/careerguidance/comments/13v54wr/those_of_you_who_have_accepted_counteroffers_from/,reddit.com,,
perplexity,Do counteroffers from a current employer ever end well?,main,sources,https://www.reddit.com/r/managers/comments/1pt26vs/have_you_ever_seen_a_counter_offer_work_out/,reddit.com,,
perplexity,Do counteroffers from a current employer ever end well?,main,sources,https://www.reddit.com/r/careeradvice/comments/1camu7j/need_some_reminders_as_to_why_accepting_a/,reddit.com,,
perplexity,Is it smart to reveal your current salary in a negotiation?,main,citations,https://www.asaecenter.org/association-careerhq/career/articles/job-search-strategies/salary-negotiation-dont-disclose-your-range-too-early,asaecenter.org,,
perplexity,Is it smart to reveal your current salary in a negotiation?,main,citations,https://www.agencycentral.co.uk/articles/how-to-negotiate-a-better-salary-should-you-disclose-current-pay/,agencycentral.co.uk,,
perplexity,Is it smart to reveal your current salary in a negotiation?,main,citations,https://www.lockedinai.com/blog/expected-salary-what-to-say-instead,lockedinai.com,,
perplexity,Is it smart to reveal your current salary in a negotiation?,main,citations,https://www.reddit.com/r/Salary/comments/1idc58u/does_it_make_sense_to_share_my_current_salary_in/,reddit.com,,
perplexity,Is it smart to reveal your current salary in a negotiation?,main,citations,https://www.reddit.com/r/PersonalFinanceCanada/comments/5wwzt2/is_it_a_good_idea_to_reveal_current_salary_when/,reddit.com,,
perplexity,Is it smart to reveal your current salary in a negotiation?,main,citations,https://www.reddit.com/r/careerguidance/comments/15klh8a/should_i_tell_potential_employers_how_much_i/,reddit.com,,
perplexity,Is it smart to reveal your current salary in a negotiation?,main,citations,https://www.reddit.com/r/cscareerquestions/comments/m8fncp/would_you_hide_your_current_salary_in_a_salary/,reddit.com,,
perplexity,Is it smart to reveal your current salary in a negotiation?,main,citations,https://www.linkedin.com/posts/lucygilmour-careercoach_things-you-should-never-say-in-a-salary-negotiation-activity-7394419463493726208-N8hX,linkedin.com,posts,
perplexity,Is it smart to reveal your current salary in a negotiation?,main,citations,https://www.reddit.com/r/ITCareerQuestions/comments/1e6er5g/would_say_your_current_salary_during_interview/,reddit.com,,
perplexity,Is it smart to reveal your current salary in a negotiation?,main,citations,https://news.ycombinator.com/item?id=9126753,news.ycombinator.com,,
perplexity,Is it smart to reveal your current salary in a negotiation?,main,sources,https://www.asaecenter.org/association-careerhq/career/articles/job-search-strategies/salary-negotiation-dont-disclose-your-range-too-early,asaecenter.org,,
perplexity,Is it smart to reveal your current salary in a negotiation?,main,sources,https://www.agencycentral.co.uk/articles/how-to-negotiate-a-better-salary-should-you-disclose-current-pay/,agencycentral.co.uk,,
perplexity,Is it smart to reveal your current salary in a negotiation?,main,sources,https://www.lockedinai.com/blog/expected-salary-what-to-say-instead,lockedinai.com,,
perplexity,Is it smart to reveal your current salary in a negotiation?,main,sources,https://www.reddit.com/r/Salary/comments/1idc58u/does_it_make_sense_to_share_my_current_salary_in/,reddit.com,,
perplexity,Is it smart to reveal your current salary in a negotiation?,main,sources,https://www.reddit.com/r/PersonalFinanceCanada/comments/5wwzt2/is_it_a_good_idea_to_reveal_current_salary_when/,reddit.com,,
perplexity,Is it smart to reveal your current salary in a negotiation?,main,sources,https://www.reddit.com/r/careerguidance/comments/15klh8a/should_i_tell_potential_employers_how_much_i/,reddit.com,,
perplexity,Is it smart to reveal your current salary in a negotiation?,main,sources,https://www.reddit.com/r/cscareerquestions/comments/m8fncp/would_you_hide_your_current_salary_in_a_salary/,reddit.com,,
perplexity,Is it smart to reveal your current salary in a negotiation?,main,sources,https://www.linkedin.com/posts/lucygilmour-careercoach_things-you-should-never-say-in-a-salary-negotiation-activity-7394419463493726208-N8hX,linkedin.com,posts,
perplexity,Is it smart to reveal your current salary in a negotiation?,main,sources,https://www.reddit.com/r/ITCareerQuestions/comments/1e6er5g/would_say_your_current_salary_during_interview/,reddit.com,,
perplexity,Is it smart to reveal your current salary in a negotiation?,main,sources,https://news.ycombinator.com/item?id=9126753,news.ycombinator.com,,
perplexity,How does COBRA coverage work between jobs?,main,citations,https://www.dol.gov/agencies/ebsa/about-ebsa/our-activities/resource-center/faqs/cobra-continuation-health-coverage-workers,dol.gov,,
perplexity,How does COBRA coverage work between jobs?,main,citations,https://www.dol.gov/general/topic/health-plans/cobra,dol.gov,,
perplexity,How does COBRA coverage work between jobs?,main,citations,https://www.dol.gov/agencies/ebsa/about-ebsa/our-activities/resource-center/publications/workers-guide-health-benefits-cobra,dol.gov,,
perplexity,How does COBRA coverage work between jobs?,main,citations,https://www.fidelity.com/learning-center/smart-money/cobra-insurance,fidelity.com,,
perplexity,How does COBRA coverage work between jobs?,main,citations,https://www.cigna.com/knowledge-center/what-is-cobra-insurance,cigna.com,,
perplexity,How does COBRA coverage work between jobs?,main,citations,https://www.uhc.com/understanding-health-insurance/types-of-health-insurance/cobra-insurance,uhc.com,,
perplexity,How does COBRA coverage work between jobs?,main,citations,https://www.themuse.com/advice/how-does-health-insurance-work-when-switching-jobs,themuse.com,,
perplexity,How does COBRA coverage work between jobs?,main,citations,https://www.insure.com/health-insurance/cobra.html,insure.com,,
perplexity,How does COBRA coverage work between jobs?,main,citations,https://www.reddit.com/r/Insurance/comments/189h04l/can_we_keep_cobra_even_after_getting_a_new_job/,reddit.com,,
perplexity,How does COBRA coverage work between jobs?,main,citations,https://www.cobrainsurance.com/kb/keep-cobra-when-group-health-available/,cobrainsurance.com,,
perplexity,How does COBRA coverage work between jobs?,main,sources,https://www.dol.gov/agencies/ebsa/about-ebsa/our-activities/resource-center/faqs/cobra-continuation-health-coverage-workers,dol.gov,,
perplexity,How does COBRA coverage work between jobs?,main,sources,https://www.dol.gov/general/topic/health-plans/cobra,dol.gov,,
perplexity,How does COBRA coverage work between jobs?,main,sources,https://www.dol.gov/agencies/ebsa/about-ebsa/our-activities/resource-center/publications/workers-guide-health-benefits-cobra,dol.gov,,
perplexity,How does COBRA coverage work between jobs?,main,sources,https://www.fidelity.com/learning-center/smart-money/cobra-insurance,fidelity.com,,
perplexity,How does COBRA coverage work between jobs?,main,sources,https://www.cigna.com/knowledge-center/what-is-cobra-insurance,cigna.com,,
perplexity,How does COBRA coverage work between jobs?,main,sources,https://www.uhc.com/understanding-health-insurance/types-of-health-insurance/cobra-insurance,uhc.com,,
perplexity,How does COBRA coverage work between jobs?,main,sources,https://www.themuse.com/advice/how-does-health-insurance-work-when-switching-jobs,themuse.com,,
perplexity,How does COBRA coverage work between jobs?,main,sources,https://www.insure.com/health-insurance/cobra.html,insure.com,,
perplexity,How does COBRA coverage work between jobs?,main,sources,https://www.reddit.com/r/Insurance/comments/189h04l/can_we_keep_cobra_even_after_getting_a_new_job/,reddit.com,,
perplexity,How does COBRA coverage work between jobs?,main,sources,https://www.cobrainsurance.com/kb/keep-cobra-when-group-health-available/,cobrainsurance.com,,
perplexity,What do people regret most about switching careers in their 30s?,main,citations,https://www.heyrosemary.com/blog/career-change-regret/,heyrosemary.com,,
perplexity,What do people regret most about switching careers in their 30s?,main,citations,https://extension.harvard.edu/blog/how-to-change-careers-in-your-30s/,extension.harvard.edu,,
perplexity,What do people regret most about switching careers in their 30s?,main,citations,https://climbhire.co/career-development/career-change-at-30/,climbhire.co,,
perplexity,What do people regret most about switching careers in their 30s?,main,citations,https://happentoyourcareer.com/podcast-archive/career-change-at-30-20-40-and-50/,happentoyourcareer.com,,
perplexity,What do people regret most about switching careers in their 30s?,main,citations,https://lucytoddcoaching.com/will-i-regret-my-career-change/,lucytoddcoaching.com,,
perplexity,What do people regret most about switching careers in their 30s?,main,citations,https://www.reddit.com/r/careerguidance/comments/1rt7gqz/career_switchers_in_your_30s_did_you_regret_it_or/,reddit.com,,
perplexity,What do people regret most about switching careers in their 30s?,main,citations,https://www.reddit.com/r/findapath/comments/17663lv/people_who_switched_their_careers_do_you_regret_it/,reddit.com,,
perplexity,What do people regret most about switching careers in their 30s?,main,citations,https://www.reddit.com/r/AskMenOver30/comments/xnl8cu/making_a_drastic_career_change_in_your_30s/,reddit.com,,
perplexity,What do people regret most about switching careers in their 30s?,main,citations,https://www.reddit.com/r/findapath/comments/11nalyg/people_who_changed_their_careers_at_30_what_was/,reddit.com,,
perplexity,What do people regret most about switching careers in their 30s?,main,citations,https://medium.com/swlh/why-a-career-change-at-30-and-beyond-is-so-hard-120e7c72d697,medium.com,,
perplexity,What do people regret most about switching careers in their 30s?,main,sources,https://www.heyrosemary.com/blog/career-change-regret/,heyrosemary.com,,
perplexity,What do people regret most about switching careers in their 30s?,main,sources,https://extension.harvard.edu/blog/how-to-change-careers-in-your-30s/,extension.harvard.edu,,
perplexity,What do people regret most about switching careers in their 30s?,main,sources,https://climbhire.co/career-development/career-change-at-30/,climbhire.co,,
perplexity,What do people regret most about switching careers in their 30s?,main,sources,https://happentoyourcareer.com/podcast-archive/career-change-at-30-20-40-and-50/,happentoyourcareer.com,,
perplexity,What do people regret most about switching careers in their 30s?,main,sources,https://lucytoddcoaching.com/will-i-regret-my-career-change/,lucytoddcoaching.com,,
perplexity,What do people regret most about switching careers in their 30s?,main,sources,https://www.reddit.com/r/careerguidance/comments/1rt7gqz/career_switchers_in_your_30s_did_you_regret_it_or/,reddit.com,,
perplexity,What do people regret most about switching careers in their 30s?,main,sources,https://www.reddit.com/r/findapath/comments/17663lv/people_who_switched_their_careers_do_you_regret_it/,reddit.com,,
perplexity,What do people regret most about switching careers in their 30s?,main,sources,https://www.reddit.com/r/AskMenOver30/comments/xnl8cu/making_a_drastic_career_change_in_your_30s/,reddit.com,,
perplexity,What do people regret most about switching careers in their 30s?,main,sources,https://www.reddit.com/r/findapath/comments/11nalyg/people_who_changed_their_careers_at_30_what_was/,reddit.com,,
perplexity,What do people regret most about switching careers in their 30s?,main,sources,https://medium.com/swlh/why-a-career-change-at-30-and-beyond-is-so-hard-120e7c72d697,medium.com,,
perplexity,How do pay transparency laws affect job postings?,main,citations,https://publications.lawschool.cornell.edu/jlpp/2024/11/07/pay-transparency-laws-the-good-the-bad-and-the-ugly/,publications.lawschool.cornell.edu,,
perplexity,How do pay transparency laws affect job postings?,main,citations,https://www.hunton.com/hunton-retail-law-resource/several-states-enact-pay-transparency-laws-what-employers-need-to-know-in-2026,hunton.com,,
perplexity,How do pay transparency laws affect job postings?,main,citations,https://www.minneapolisfed.org/article/2024/pay-transparency-in-job-postings-trends-trade-offs-and-policy-design,minneapolisfed.org,,
perplexity,How do pay transparency laws affect job postings?,main,citations,https://www.kellyservices.com/insights/pay-transparency-laws,kellyservices.com,,
perplexity,How do pay transparency laws affect job postings?,main,citations,https://wpcarey.asu.edu/sites/g/files/litvpz246/files/2023-08/Arnold.pdf,wpcarey.asu.edu,,
perplexity,How do pay transparency laws affect job postings?,main,citations,https://www.paycom.com/resources/blog/pay-transparency/,paycom.com,,
perplexity,How do pay transparency laws affect job postings?,main,citations,https://www.sixfifty.com/blog/pay-transparency-policy-builder/,sixfifty.com,,
perplexity,How do pay transparency laws affect job postings?,main,citations,https://www.shrm.org/topics-tools/news/all-things-work/pay-transparency-equity,shrm.org,,
perplexity,How do pay transparency laws affect job postings?,main,citations,https://icomppayroll.com/the-impact-of-pay-transparency-laws-on-job-postings/,icomppayroll.com,,
perplexity,How do pay transparency laws affect job postings?,main,citations,https://www.compport.com/blog/usa-pay-transparency-laws-by-state,compport.com,,
perplexity,How do pay transparency laws affect job postings?,main,sources,https://publications.lawschool.cornell.edu/jlpp/2024/11/07/pay-transparency-laws-the-good-the-bad-and-the-ugly/,publications.lawschool.cornell.edu,,
perplexity,How do pay transparency laws affect job postings?,main,sources,https://www.hunton.com/hunton-retail-law-resource/several-states-enact-pay-transparency-laws-what-employers-need-to-know-in-2026,hunton.com,,
perplexity,How do pay transparency laws affect job postings?,main,sources,https://www.minneapolisfed.org/article/2024/pay-transparency-in-job-postings-trends-trade-offs-and-policy-design,minneapolisfed.org,,
perplexity,How do pay transparency laws affect job postings?,main,sources,https://www.kellyservices.com/insights/pay-transparency-laws,kellyservices.com,,
perplexity,How do pay transparency laws affect job postings?,main,sources,https://wpcarey.asu.edu/sites/g/files/litvpz246/files/2023-08/Arnold.pdf,wpcarey.asu.edu,,
perplexity,How do pay transparency laws affect job postings?,main,sources,https://www.paycom.com/resources/blog/pay-transparency/,paycom.com,,
perplexity,How do pay transparency laws affect job postings?,main,sources,https://www.sixfifty.com/blog/pay-transparency-policy-builder/,sixfifty.com,,
perplexity,How do pay transparency laws affect job postings?,main,sources,https://www.shrm.org/topics-tools/news/all-things-work/pay-transparency-equity,shrm.org,,
perplexity,How do pay transparency laws affect job postings?,main,sources,https://icomppayroll.com/the-impact-of-pay-transparency-laws-on-job-postings/,icomppayroll.com,,
perplexity,How do pay transparency laws affect job postings?,main,sources,https://www.compport.com/blog/usa-pay-transparency-laws-by-state,compport.com,,
perplexity,What is the difference between ARR and bookings?,main,citations,https://stripe.com/resources/more/bookings-vs-arr-explained-what-each-is-and-how-businesses-should-use-both,stripe.com,,
perplexity,What is the difference between ARR and bookings?,main,citations,https://corporatefinanceinstitute.com/resources/valuation/bookings-vs-arr/,corporatefinanceinstitute.com,,
perplexity,What is the difference between ARR and bookings?,main,citations,https://www.subscriptionflow.com/2025/01/bookings-vs-arr/,subscriptionflow.com,,
perplexity,What is the difference between ARR and bookings?,main,citations,https://kruzeconsulting.com/blog/bookings-vs-revenue/,kruzeconsulting.com,,
perplexity,What is the difference between ARR and bookings?,main,citations,https://www.hubifi.com/blog/arr-vs-bookings-guide,hubifi.com,,
perplexity,What is the difference between ARR and bookings?,main,citations,https://www.hubifi.com/blog/bookings-vs-arr-guide,hubifi.com,,
perplexity,What is the difference between ARR and bookings?,main,citations,https://www.hubifi.com/blog/arr-vs-bookings-difference,hubifi.com,,
perplexity,What is the difference between ARR and bookings?,main,citations,https://www.hubifi.com/blog/arr-vs-bookings,hubifi.com,,
perplexity,What is the difference between ARR and bookings?,main,citations,https://orm-tech.com/blog/bookings-vs-arr/,orm-tech.com,,
perplexity,What is the difference between ARR and bookings?,main,citations,https://ziellab.com/post/arr-vs-bookings-vs-revenue-b2b-saas-metrics-guide,ziellab.com,,
perplexity,What is the difference between ARR and bookings?,main,sources,https://stripe.com/resources/more/bookings-vs-arr-explained-what-each-is-and-how-businesses-should-use-both,stripe.com,,
perplexity,What is the difference between ARR and bookings?,main,sources,https://corporatefinanceinstitute.com/resources/valuation/bookings-vs-arr/,corporatefinanceinstitute.com,,
perplexity,What is the difference between ARR and bookings?,main,sources,https://www.subscriptionflow.com/2025/01/bookings-vs-arr/,subscriptionflow.com,,
perplexity,What is the difference between ARR and bookings?,main,sources,https://kruzeconsulting.com/blog/bookings-vs-revenue/,kruzeconsulting.com,,
perplexity,What is the difference between ARR and bookings?,main,sources,https://www.hubifi.com/blog/arr-vs-bookings-guide,hubifi.com,,
perplexity,What is the difference between ARR and bookings?,main,sources,https://www.hubifi.com/blog/bookings-vs-arr-guide,hubifi.com,,
perplexity,What is the difference between ARR and bookings?,main,sources,https://www.hubifi.com/blog/arr-vs-bookings-difference,hubifi.com,,
perplexity,What is the difference between ARR and bookings?,main,sources,https://www.hubifi.com/blog/arr-vs-bookings,hubifi.com,,
perplexity,What is the difference between ARR and bookings?,main,sources,https://orm-tech.com/blog/bookings-vs-arr/,orm-tech.com,,
perplexity,What is the difference between ARR and bookings?,main,sources,https://ziellab.com/post/arr-vs-bookings-vs-revenue-b2b-saas-metrics-guide,ziellab.com,,
perplexity,How do non compete agreements work in California?,main,citations,https://oag.ca.gov/news/press-releases/attorney-general-bonta-reminds-employers-and-workers-noncompete-agreements-are,oag.ca.gov,,
perplexity,How do non compete agreements work in California?,main,citations,https://oag.ca.gov/news/press-releases/attorney-general-bonta-issues-consumer-alert-reminding-california-workers-their,oag.ca.gov,,
perplexity,How do non compete agreements work in California?,main,citations,https://www.ottingerlaw.com/california/non-compete-agreement-california/,ottingerlaw.com,,
perplexity,How do non compete agreements work in California?,main,citations,https://www.ottingerlaw.com/blog/executives-should-not-ignore-non-compete-agreements/,ottingerlaw.com,,
perplexity,How do non compete agreements work in California?,main,citations,https://www.freshfields.com/en/our-thinking/blogs/a-fresh-take/non-competes-in-california-a-practical-guide-102lqgq,freshfields.com,,
perplexity,How do non compete agreements work in California?,main,citations,https://www.purduegloballawschool.edu/blog/news/california-noncompete-agreement-ban,purduegloballawschool.edu,,
perplexity,How do non compete agreements work in California?,main,citations,https://www.cda.org/newsroom/hiring-firing/noncompete-agreements-are-void-and-prohibited-by-law-in-california/,cda.org,,
perplexity,How do non compete agreements work in California?,main,citations,https://mjbfirm.com/non-compete-california/,mjbfirm.com,,
perplexity,How do non compete agreements work in California?,main,citations,https://www.amglaw.com/blog/2025/09/non-compete-clauses-in-california-still-enforceable/,amglaw.com,,
perplexity,How do non compete agreements work in California?,main,citations,https://www.setarehlaw.com/are-non-compete-agreements-legal-in-california/,setarehlaw.com,,
perplexity,How do non compete agreements work in California?,main,sources,https://oag.ca.gov/news/press-releases/attorney-general-bonta-reminds-employers-and-workers-noncompete-agreements-are,oag.ca.gov,,
perplexity,How do non compete agreements work in California?,main,sources,https://oag.ca.gov/news/press-releases/attorney-general-bonta-issues-consumer-alert-reminding-california-workers-their,oag.ca.gov,,
perplexity,How do non compete agreements work in California?,main,sources,https://www.ottingerlaw.com/california/non-compete-agreement-california/,ottingerlaw.com,,
perplexity,How do non compete agreements work in California?,main,sources,https://www.ottingerlaw.com/blog/executives-should-not-ignore-non-compete-agreements/,ottingerlaw.com,,
perplexity,How do non compete agreements work in California?,main,sources,https://www.freshfields.com/en/our-thinking/blogs/a-fresh-take/non-competes-in-california-a-practical-guide-102lqgq,freshfields.com,,
perplexity,How do non compete agreements work in California?,main,sources,https://www.purduegloballawschool.edu/blog/news/california-noncompete-agreement-ban,purduegloballawschool.edu,,
perplexity,How do non compete agreements work in California?,main,sources,https://www.cda.org/newsroom/hiring-firing/noncompete-agreements-are-void-and-prohibited-by-law-in-california/,cda.org,,
perplexity,How do non compete agreements work in California?,main,sources,https://mjbfirm.com/non-compete-california/,mjbfirm.com,,
perplexity,How do non compete agreements work in California?,main,sources,https://www.amglaw.com/blog/2025/09/non-compete-clauses-in-california-still-enforceable/,amglaw.com,,
perplexity,How do non compete agreements work in California?,main,sources,https://www.setarehlaw.com/are-non-compete-agreements-legal-in-california/,setarehlaw.com,,
perplexity,What do employees really think of return to office mandates?,main,citations,https://offices.net/news/return-to-office-trends-survey-of-what-employees-really-think/,offices.net,,
perplexity,What do employees really think of return to office mandates?,main,citations,https://fortune.com/2024/01/26/return-to-office-job-satisfaction-financial-performance-study/,fortune.com,,
perplexity,What do employees really think of return to office mandates?,main,citations,https://bevi.co/blog/return-to-office-mandates-work-survey/,bevi.co,,
perplexity,What do employees really think of return to office mandates?,main,citations,https://pmc.ncbi.nlm.nih.gov/articles/PMC10126217/,pmc.ncbi.nlm.nih.gov,,
perplexity,What do employees really think of return to office mandates?,main,citations,https://www.business.pitt.edu/return-to-office-mandates-dont-improve-employee-or-company-performance/,business.pitt.edu,,
perplexity,What do employees really think of return to office mandates?,main,citations,https://www.cnbc.com/2025/01/23/heres-how-workers-feel-about-return-to-office-mandates.html,cnbc.com,,
perplexity,What do employees really think of return to office mandates?,main,citations,https://www.aol.com/articles/opinion-return-office-mandates-killing-130000000.html,aol.com,,
perplexity,What do employees really think of return to office mandates?,main,citations,https://thehill.com/opinion/technology/5992056-office-attendance-backlash/,thehill.com,,
perplexity,What do employees really think of return to office mandates?,main,citations,https://www.alight.com/blog/should-employers-mandate-return-to-office,alight.com,,
perplexity,What do employees really think of return to office mandates?,main,citations,https://www.reddit.com/r/managers/comments/1nhjpu7/are_return_to_office_mandates_actually_helping_or/,reddit.com,,
perplexity,What do employees really think of return to office mandates?,main,sources,https://offices.net/news/return-to-office-trends-survey-of-what-employees-really-think/,offices.net,,
perplexity,What do employees really think of return to office mandates?,main,sources,https://fortune.com/2024/01/26/return-to-office-job-satisfaction-financial-performance-study/,fortune.com,,
perplexity,What do employees really think of return to office mandates?,main,sources,https://bevi.co/blog/return-to-office-mandates-work-survey/,bevi.co,,
perplexity,What do employees really think of return to office mandates?,main,sources,https://pmc.ncbi.nlm.nih.gov/articles/PMC10126217/,pmc.ncbi.nlm.nih.gov,,
perplexity,What do employees really think of return to office mandates?,main,sources,https://www.business.pitt.edu/return-to-office-mandates-dont-improve-employee-or-company-performance/,business.pitt.edu,,
perplexity,What do employees really think of return to office mandates?,main,sources,https://www.cnbc.com/2025/01/23/heres-how-workers-feel-about-return-to-office-mandates.html,cnbc.com,,
perplexity,What do employees really think of return to office mandates?,main,sources,https://www.aol.com/articles/opinion-return-office-mandates-killing-130000000.html,aol.com,,
perplexity,What do employees really think of return to office mandates?,main,sources,https://thehill.com/opinion/technology/5992056-office-attendance-backlash/,thehill.com,,
perplexity,What do employees really think of return to office mandates?,main,sources,https://www.alight.com/blog/should-employers-mandate-return-to-office,alight.com,,
perplexity,What do employees really think of return to office mandates?,main,sources,https://www.reddit.com/r/managers/comments/1nhjpu7/are_return_to_office_mandates_actually_helping_or/,reddit.com,,
perplexity,How does a 30 60 90 day plan work for a new role?,main,citations,https://www.rippling.com/blog/30-60-90-day-plan-template,rippling.com,,
perplexity,How does a 30 60 90 day plan work for a new role?,main,citations,https://www.aihr.com/blog/30-60-90-day-plan-template/,aihr.com,,
perplexity,How does a 30 60 90 day plan work for a new role?,main,citations,https://www.indeed.com/career-advice/starting-new-job/30-60-90-day-plan,indeed.com,,
perplexity,How does a 30 60 90 day plan work for a new role?,main,citations,https://www.tmi.org/blogs/the-complete-guide-to-creating-effective-30-60-90-day-plans-for-new-employees,tmi.org,,
perplexity,How does a 30 60 90 day plan work for a new role?,main,citations,https://cmcoutperform.com/90-Day-Plan-For-New-Managers,cmcoutperform.com,,
perplexity,How does a 30 60 90 day plan work for a new role?,main,citations,https://acorn.works/blog/30-60-90-day-executive-plan,acorn.works,,
perplexity,How does a 30 60 90 day plan work for a new role?,main,citations,https://www.sarahmhoban.com/blog/how-to-craft-a-30-60-90-day-plan,sarahmhoban.com,,
perplexity,How does a 30 60 90 day plan work for a new role?,main,citations,https://www.reddit.com/r/salesengineers/comments/1901h5f/leadership_is_asking_for_a_306090_day_game_plan/,reddit.com,,
perplexity,How does a 30 60 90 day plan work for a new role?,main,citations,https://icpm.net/the-30-60-90-day-plan-for-new-managers-a-practical-blueprint/,icpm.net,,
perplexity,How does a 30 60 90 day plan work for a new role?,main,citations,https://www.dalecarnegie.com/blog/creating-a-30-60-90-day-plan/,dalecarnegie.com,,
perplexity,How does a 30 60 90 day plan work for a new role?,main,sources,https://www.rippling.com/blog/30-60-90-day-plan-template,rippling.com,,
perplexity,How does a 30 60 90 day plan work for a new role?,main,sources,https://www.aihr.com/blog/30-60-90-day-plan-template/,aihr.com,,
perplexity,How does a 30 60 90 day plan work for a new role?,main,sources,https://www.indeed.com/career-advice/starting-new-job/30-60-90-day-plan,indeed.com,,
perplexity,How does a 30 60 90 day plan work for a new role?,main,sources,https://www.tmi.org/blogs/the-complete-guide-to-creating-effective-30-60-90-day-plans-for-new-employees,tmi.org,,
perplexity,How does a 30 60 90 day plan work for a new role?,main,sources,https://cmcoutperform.com/90-Day-Plan-For-New-Managers,cmcoutperform.com,,
perplexity,How does a 30 60 90 day plan work for a new role?,main,sources,https://acorn.works/blog/30-60-90-day-executive-plan,acorn.works,,
perplexity,How does a 30 60 90 day plan work for a new role?,main,sources,https://www.sarahmhoban.com/blog/how-to-craft-a-30-60-90-day-plan,sarahmhoban.com,,
perplexity,How does a 30 60 90 day plan work for a new role?,main,sources,https://www.reddit.com/r/salesengineers/comments/1901h5f/leadership_is_asking_for_a_306090_day_game_plan/,reddit.com,,
perplexity,How does a 30 60 90 day plan work for a new role?,main,sources,https://icpm.net/the-30-60-90-day-plan-for-new-managers-a-practical-blueprint/,icpm.net,,
perplexity,How does a 30 60 90 day plan work for a new role?,main,sources,https://www.dalecarnegie.com/blog/creating-a-30-60-90-day-plan/,dalecarnegie.com,,
perplexity,What is it actually like to move from IC to engineering manager?,main,citations,https://www.productboard.com/blog/individual-contributor-vs-engineering-manager-a-comprehensive-guide-on-expectations/,productboard.com,,
perplexity,What is it actually like to move from IC to engineering manager?,main,citations,https://stackoverflow.blog/2022/02/23/what-you-give-up-when-moving-into-engineering-management/,stackoverflow.blog,,
perplexity,What is it actually like to move from IC to engineering manager?,main,citations,https://abseil.io/resources/swe-book/html/ch05.html,abseil.io,,
perplexity,What is it actually like to move from IC to engineering manager?,main,citations,https://www.builtinchicago.org/articles/how-transition-individual-contributor-engineering-manager,builtinchicago.org,,
perplexity,What is it actually like to move from IC to engineering manager?,main,citations,https://newsletter.pragmaticengineer.com/p/navigating-the-individual-contributor,newsletter.pragmaticengineer.com,,
perplexity,What is it actually like to move from IC to engineering manager?,main,citations,https://www.jointaro.com/question/aMvbV6SUjdDaU8RftQk5/how-do-i-choose-whether-to-become-a-people-manager-or-continue-to-be-an-individual-contributor/?playlistId=oz0mnJvHHgM8NfVF7rgp,jointaro.com,,
perplexity,What is it actually like to move from IC to engineering manager?,main,citations,https://www.reddit.com/r/managers/comments/1o54xu0/moving_from_individual_contributor_to_manager/,reddit.com,,
perplexity,What is it actually like to move from IC to engineering manager?,main,citations,https://staffeng.com/about/,staffeng.com,,
perplexity,What is it actually like to move from IC to engineering manager?,main,citations,https://www.linkedin.com/pulse/from-individual-contributor-engineering-manager-julio-rodriguez-zjdtc,linkedin.com,pulse,
perplexity,What is it actually like to move from IC to engineering manager?,main,citations,https://www.ziprecruiter.com/e/Junior-Engineering-Manager-What-are-some-common-challenges-faced-by-Junior-Engineering-Managers-when-transitioning-from-individual-contributor-roles,ziprecruiter.com,,
perplexity,What is it actually like to move from IC to engineering manager?,main,citations,https://www.reddit.com/r/ExperiencedDevs/comments/1ir562a/people_who_switched_from_em_to_ic_do_you_want_to/,reddit.com,,
perplexity,What is it actually like to move from IC to engineering manager?,main,citations,https://blog.didiktrisusanto.dev/career-retrospective-individual-contributor-or-engineering-management,blog.didiktrisusanto.dev,,
perplexity,What is it actually like to move from IC to engineering manager?,main,sources,https://www.productboard.com/blog/individual-contributor-vs-engineering-manager-a-comprehensive-guide-on-expectations/,productboard.com,,
perplexity,What is it actually like to move from IC to engineering manager?,main,sources,https://stackoverflow.blog/2022/02/23/what-you-give-up-when-moving-into-engineering-management/,stackoverflow.blog,,
perplexity,What is it actually like to move from IC to engineering manager?,main,sources,https://abseil.io/resources/swe-book/html/ch05.html,abseil.io,,
perplexity,What is it actually like to move from IC to engineering manager?,main,sources,https://www.builtinchicago.org/articles/how-transition-individual-contributor-engineering-manager,builtinchicago.org,,
perplexity,What is it actually like to move from IC to engineering manager?,main,sources,https://newsletter.pragmaticengineer.com/p/navigating-the-individual-contributor,newsletter.pragmaticengineer.com,,
perplexity,What is it actually like to move from IC to engineering manager?,main,sources,https://www.jointaro.com/question/aMvbV6SUjdDaU8RftQk5/how-do-i-choose-whether-to-become-a-people-manager-or-continue-to-be-an-individual-contributor/?playlistId=oz0mnJvHHgM8NfVF7rgp,jointaro.com,,
perplexity,What is it actually like to move from IC to engineering manager?,main,sources,https://www.reddit.com/r/managers/comments/1o54xu0/moving_from_individual_contributor_to_manager/,reddit.com,,
perplexity,What is it actually like to move from IC to engineering manager?,main,sources,https://staffeng.com/about/,staffeng.com,,
perplexity,What is it actually like to move from IC to engineering manager?,main,sources,https://www.linkedin.com/pulse/from-individual-contributor-engineering-manager-julio-rodriguez-zjdtc,linkedin.com,pulse,
perplexity,What is it actually like to move from IC to engineering manager?,main,sources,https://www.ziprecruiter.com/e/Junior-Engineering-Manager-What-are-some-common-challenges-faced-by-Junior-Engineering-Managers-when-transitioning-from-individual-contributor-roles,ziprecruiter.com,,
perplexity,What is it actually like to move from IC to engineering manager?,main,sources,https://www.reddit.com/r/ExperiencedDevs/comments/1ir562a/people_who_switched_from_em_to_ic_do_you_want_to/,reddit.com,,
perplexity,What is it actually like to move from IC to engineering manager?,main,sources,https://blog.didiktrisusanto.dev/career-retrospective-individual-contributor-or-engineering-management,blog.didiktrisusanto.dev,,
perplexity,What is a realistic offer timeline after a final interview?,main,citations,https://climbtheladder.com/how-long-do-job-offers-take-the-full-timeline/,climbtheladder.com,,
perplexity,What is a realistic offer timeline after a final interview?,main,citations,https://www.indeed.com/hire/c/info/how-long-after-interview-job-offer,indeed.com,,
perplexity,What is a realistic offer timeline after a final interview?,main,citations,https://www.reddit.com/r/interviews/comments/1l91qwp/average_length_of_time_between_final_interview/,reddit.com,,
perplexity,What is a realistic offer timeline after a final interview?,main,citations,https://www.reddit.com/r/interviews/comments/1opgjjl/my_pov_to_the_question_how_long_after_the_final/,reddit.com,,
perplexity,What is a realistic offer timeline after a final interview?,main,citations,https://www.reddit.com/r/interviews/comments/1jw3ybs/how_long_before_offer_after_last_interview/,reddit.com,,
perplexity,What is a realistic offer timeline after a final interview?,main,citations,https://www.reddit.com/r/interviews/comments/1jo8grn/for_those_who_received_a_job_offer_how_long_did/,reddit.com,,
perplexity,What is a realistic offer timeline after a final interview?,main,citations,https://www.reddit.com/r/NoStupidQuestions/comments/10keucy/how_long_after_a_final_interview_is_a_job_offer/,reddit.com,,
perplexity,What is a realistic offer timeline after a final interview?,main,citations,https://inspireambitions.com/how-long-to-receive-job-offer-after-final-interview/,inspireambitions.com,,
perplexity,What is a realistic offer timeline after a final interview?,main,citations,https://www.tealhq.com/post/how-long-after-an-interview-is-a-job-offer-made,tealhq.com,,
perplexity,What is a realistic offer timeline after a final interview?,main,citations,https://www.indeed.com/career-advice/finding-a-job/how-long-after-an-interview-is-a-job-offer-made,indeed.com,,
perplexity,What is a realistic offer timeline after a final interview?,main,sources,https://climbtheladder.com/how-long-do-job-offers-take-the-full-timeline/,climbtheladder.com,,
perplexity,What is a realistic offer timeline after a final interview?,main,sources,https://www.indeed.com/hire/c/info/how-long-after-interview-job-offer,indeed.com,,
perplexity,What is a realistic offer timeline after a final interview?,main,sources,https://www.reddit.com/r/interviews/comments/1l91qwp/average_length_of_time_between_final_interview/,reddit.com,,
perplexity,What is a realistic offer timeline after a final interview?,main,sources,https://www.reddit.com/r/interviews/comments/1opgjjl/my_pov_to_the_question_how_long_after_the_final/,reddit.com,,
perplexity,What is a realistic offer timeline after a final interview?,main,sources,https://www.reddit.com/r/interviews/comments/1jw3ybs/how_long_before_offer_after_last_interview/,reddit.com,,
perplexity,What is a realistic offer timeline after a final interview?,main,sources,https://www.reddit.com/r/interviews/comments/1jo8grn/for_those_who_received_a_job_offer_how_long_did/,reddit.com,,
perplexity,What is a realistic offer timeline after a final interview?,main,sources,https://www.reddit.com/r/NoStupidQuestions/comments/10keucy/how_long_after_a_final_interview_is_a_job_offer/,reddit.com,,
perplexity,What is a realistic offer timeline after a final interview?,main,sources,https://inspireambitions.com/how-long-to-receive-job-offer-after-final-interview/,inspireambitions.com,,
perplexity,What is a realistic offer timeline after a final interview?,main,sources,https://www.tealhq.com/post/how-long-after-an-interview-is-a-job-offer-made,tealhq.com,,
perplexity,What is a realistic offer timeline after a final interview?,main,sources,https://www.indeed.com/career-advice/finding-a-job/how-long-after-an-interview-is-a-job-offer-made,indeed.com,,
perplexity,What surprised people most about becoming self employed?,main,citations,https://www.bls.gov/careeroutlook/2014/article/self-employment-what-to-know-to-be-your-own-boss.htm,bls.gov,,
perplexity,What surprised people most about becoming self employed?,main,citations,https://www.citizensadvice.org.uk/Global/CitizensAdvice/Work%20Publications/GoingSolo.pdf,citizensadvice.org.uk,,
perplexity,What surprised people most about becoming self employed?,main,citations,https://colindellis.medium.com/so-you-want-to-work-for-yourself-970cc5fdbe87,colindellis.medium.com,,
perplexity,What surprised people most about becoming self employed?,main,citations,http://www.paperandmoon.com/home/2018/1/30/10-things-nobody-tells-you-about-self-employment,paperandmoon.com,,
perplexity,What surprised people most about becoming self employed?,main,citations,https://jojohnsonoverby.com/blog/2018/6/5/7-things-no-one-told-me-about-self-employment,jojohnsonoverby.com,,
perplexity,What surprised people most about becoming self employed?,main,citations,https://www.linkedin.com/pulse/things-ive-learned-since-being-self-employed-flora-macdonald,linkedin.com,pulse,
perplexity,What surprised people most about becoming self employed?,main,citations,https://jennyinneverland.com/2022/03/18/things-i-wish-i-knew-before-becoming-self-employed/,jennyinneverland.com,,
perplexity,What surprised people most about becoming self employed?,main,citations,https://www.graceandvinestudios.com/5-things-no-one-tells-self-employed/,graceandvinestudios.com,,
perplexity,What surprised people most about becoming self employed?,main,citations,https://zerotobiz.com/2016/11/selfemployedtruths/,zerotobiz.com,,
perplexity,What surprised people most about becoming self employed?,main,citations,https://repurposeyourpurpose.com/three-things-that-surprised-me-about-self-employment/,repurposeyourpurpose.com,,
perplexity,What surprised people most about becoming self employed?,main,sources,https://www.bls.gov/careeroutlook/2014/article/self-employment-what-to-know-to-be-your-own-boss.htm,bls.gov,,
perplexity,What surprised people most about becoming self employed?,main,sources,https://www.citizensadvice.org.uk/Global/CitizensAdvice/Work%20Publications/GoingSolo.pdf,citizensadvice.org.uk,,
perplexity,What surprised people most about becoming self employed?,main,sources,https://colindellis.medium.com/so-you-want-to-work-for-yourself-970cc5fdbe87,colindellis.medium.com,,
perplexity,What surprised people most about becoming self employed?,main,sources,http://www.paperandmoon.com/home/2018/1/30/10-things-nobody-tells-you-about-self-employment,paperandmoon.com,,
perplexity,What surprised people most about becoming self employed?,main,sources,https://jojohnsonoverby.com/blog/2018/6/5/7-things-no-one-told-me-about-self-employment,jojohnsonoverby.com,,
perplexity,What surprised people most about becoming self employed?,main,sources,https://www.linkedin.com/pulse/things-ive-learned-since-being-self-employed-flora-macdonald,linkedin.com,pulse,
perplexity,What surprised people most about becoming self employed?,main,sources,https://jennyinneverland.com/2022/03/18/things-i-wish-i-knew-before-becoming-self-employed/,jennyinneverland.com,,
perplexity,What surprised people most about becoming self employed?,main,sources,https://www.graceandvinestudios.com/5-things-no-one-tells-self-employed/,graceandvinestudios.com,,
perplexity,What surprised people most about becoming self employed?,main,sources,https://zerotobiz.com/2016/11/selfemployedtruths/,zerotobiz.com,,
perplexity,What surprised people most about becoming self employed?,main,sources,https://repurposeyourpurpose.com/three-things-that-surprised-me-about-self-employment/,repurposeyourpurpose.com,,
perplexity,What skills do data engineering roles require in 2026?,main,citations,https://www.dataquest.io/blog/data-engineering-skills/,dataquest.io,,
perplexity,What skills do data engineering roles require in 2026?,main,citations,https://365datascience.com/career-advice/data-engineer-job-outlook-2025/,365datascience.com,,
perplexity,What skills do data engineering roles require in 2026?,main,citations,https://www.artech.com/blog/data-engineering-careers-demand-skills/,artech.com,,
perplexity,What skills do data engineering roles require in 2026?,main,citations,https://www.refontelearning.com/blog/data-engineering-in-2026-trends-skills-and-how-to-thrive-in-a-data-driven-world,refontelearning.com,,
perplexity,What skills do data engineering roles require in 2026?,main,citations,https://www.refontelearning.com/blog/data-engineering-in-2026-trends-tools-and-how-to-thrive,refontelearning.com,,
perplexity,What skills do data engineering roles require in 2026?,main,citations,https://www.bristowholland.com/insights/industry-insights/top-5-data-engineering-skills-that-matter-for-hiring-in-2026/,bristowholland.com,,
perplexity,What skills do data engineering roles require in 2026?,main,citations,https://medium.com/@manik.ruet08/data-engineering-in-2026-what-skills-will-still-matter-2fea5cd96e55,medium.com,,
perplexity,What skills do data engineering roles require in 2026?,main,citations,https://dataengineeringjobs.co.uk/career-advice/data-engineering-jobs-skills-radar-2026-tools-frameworks-technologies,dataengineeringjobs.co.uk,,
perplexity,What skills do data engineering roles require in 2026?,main,citations,https://www.dataexpert.io/blog/transition-into-data-engineering-2026,dataexpert.io,,
perplexity,What skills do data engineering roles require in 2026?,main,citations,https://www.datumo.io/blog/essential-skills-for-data-engineers-2026,datumo.io,,
perplexity,What skills do data engineering roles require in 2026?,main,sources,https://www.dataquest.io/blog/data-engineering-skills/,dataquest.io,,
perplexity,What skills do data engineering roles require in 2026?,main,sources,https://365datascience.com/career-advice/data-engineer-job-outlook-2025/,365datascience.com,,
perplexity,What skills do data engineering roles require in 2026?,main,sources,https://www.artech.com/blog/data-engineering-careers-demand-skills/,artech.com,,
perplexity,What skills do data engineering roles require in 2026?,main,sources,https://www.refontelearning.com/blog/data-engineering-in-2026-trends-skills-and-how-to-thrive-in-a-data-driven-world,refontelearning.com,,
perplexity,What skills do data engineering roles require in 2026?,main,sources,https://www.refontelearning.com/blog/data-engineering-in-2026-trends-tools-and-how-to-thrive,refontelearning.com,,
perplexity,What skills do data engineering roles require in 2026?,main,sources,https://www.bristowholland.com/insights/industry-insights/top-5-data-engineering-skills-that-matter-for-hiring-in-2026/,bristowholland.com,,
perplexity,What skills do data engineering roles require in 2026?,main,sources,https://medium.com/@manik.ruet08/data-engineering-in-2026-what-skills-will-still-matter-2fea5cd96e55,medium.com,,
perplexity,What skills do data engineering roles require in 2026?,main,sources,https://dataengineeringjobs.co.uk/career-advice/data-engineering-jobs-skills-radar-2026-tools-frameworks-technologies,dataengineeringjobs.co.uk,,
perplexity,What skills do data engineering roles require in 2026?,main,sources,https://www.dataexpert.io/blog/transition-into-data-engineering-2026,dataexpert.io,,
perplexity,What skills do data engineering roles require in 2026?,main,sources,https://www.datumo.io/blog/essential-skills-for-data-engineers-2026,datumo.io,,
perplexity,"Is Asana or Monday better for a marketing team, according to users?",main,citations,https://scalegrowth.digital/resources/comparisons/monday-vs-asana/,scalegrowth.digital,,
perplexity,"Is Asana or Monday better for a marketing team, according to users?",main,citations,https://monday.com/blog/project-management/asana-vs-monday-com-which-to-choose/,monday.com,,
perplexity,"Is Asana or Monday better for a marketing team, according to users?",main,citations,https://zapier.com/blog/monday-vs-asana/,zapier.com,,
perplexity,"Is Asana or Monday better for a marketing team, according to users?",main,citations,https://monday.com/blog/project-management/asana-vs-teamwork-vs-monday-work-management/,monday.com,,
perplexity,"Is Asana or Monday better for a marketing team, according to users?",main,citations,https://asana.com/compare/asana-vs-monday-com,asana.com,,
perplexity,"Is Asana or Monday better for a marketing team, according to users?",main,citations,https://www.wrike.com/blog/asana-vs-monday-vs-wrike/,wrike.com,,
perplexity,"Is Asana or Monday better for a marketing team, according to users?",main,citations,https://clickup.com/blog/asana-vs-monday/,clickup.com,,
perplexity,"Is Asana or Monday better for a marketing team, according to users?",main,citations,https://learn.g2.com/asana-vs-monday,learn.g2.com,,
perplexity,"Is Asana or Monday better for a marketing team, according to users?",main,citations,https://technologyadvice.com/blog/project-management/asana-vs-monday/,technologyadvice.com,,
perplexity,"Is Asana or Monday better for a marketing team, according to users?",main,citations,https://tech.co/project-management-software/asana-vs-monday,tech.co,,
perplexity,"Is Asana or Monday better for a marketing team, according to users?",main,sources,https://scalegrowth.digital/resources/comparisons/monday-vs-asana/,scalegrowth.digital,,
perplexity,"Is Asana or Monday better for a marketing team, according to users?",main,sources,https://monday.com/blog/project-management/asana-vs-monday-com-which-to-choose/,monday.com,,
perplexity,"Is Asana or Monday better for a marketing team, according to users?",main,sources,https://zapier.com/blog/monday-vs-asana/,zapier.com,,
perplexity,"Is Asana or Monday better for a marketing team, according to users?",main,sources,https://monday.com/blog/project-management/asana-vs-teamwork-vs-monday-work-management/,monday.com,,
perplexity,"Is Asana or Monday better for a marketing team, according to users?",main,sources,https://asana.com/compare/asana-vs-monday-com,asana.com,,
perplexity,"Is Asana or Monday better for a marketing team, according to users?",main,sources,https://www.wrike.com/blog/asana-vs-monday-vs-wrike/,wrike.com,,
perplexity,"Is Asana or Monday better for a marketing team, according to users?",main,sources,https://clickup.com/blog/asana-vs-monday/,clickup.com,,
perplexity,"Is Asana or Monday better for a marketing team, according to users?",main,sources,https://learn.g2.com/asana-vs-monday,learn.g2.com,,
perplexity,"Is Asana or Monday better for a marketing team, according to users?",main,sources,https://technologyadvice.com/blog/project-management/asana-vs-monday/,technologyadvice.com,,
perplexity,"Is Asana or Monday better for a marketing team, according to users?",main,sources,https://tech.co/project-management-software/asana-vs-monday,tech.co,,
perplexity,What is the average merit increase budget for 2026?,main,citations,https://www.imercer.com/articleinsights/2026-increase-budgets,imercer.com,,
perplexity,What is the average merit increase budget for 2026?,main,citations,https://www.imercer.com/ca/ARTICLEDETAIL/2026-increase-budgets-for-canada,imercer.com,,
perplexity,What is the average merit increase budget for 2026?,main,citations,https://worldatwork.org/publications/workspan-daily/mercer-forecasts-3-5-total-salary-increase-budgets-for-2026,worldatwork.org,,
perplexity,What is the average merit increase budget for 2026?,main,citations,https://www.imercer.com/articleinsights/2026-actual-increase-budgets-us,imercer.com,,
perplexity,What is the average merit increase budget for 2026?,main,citations,https://www.pave.com/blog-posts/how-big-of-a-raise-can-you-expect-in-2026,pave.com,,
perplexity,What is the average merit increase budget for 2026?,main,citations,https://www.cfo.com/news/employers-peg-pay-hike-budgets-at-35-for-2026-mercer-comp/808086/,cfo.com,,
perplexity,What is the average merit increase budget for 2026?,main,citations,https://salarycheck.ai/guides/average-merit-increase-2026,salarycheck.ai,,
perplexity,What is the average merit increase budget for 2026?,main,citations,https://morganhr.com/blog/2026-salary-increase-projections/,morganhr.com,,
perplexity,What is the average merit increase budget for 2026?,main,citations,https://www.rewordin.com/blog/salary-increase-statistics-2026,rewordin.com,,
perplexity,What is the average merit increase budget for 2026?,main,citations,https://raise-calculator.com/raise-trends-2026,raise-calculator.com,,
perplexity,What is the average merit increase budget for 2026?,main,sources,https://www.imercer.com/articleinsights/2026-increase-budgets,imercer.com,,
perplexity,What is the average merit increase budget for 2026?,main,sources,https://www.imercer.com/ca/ARTICLEDETAIL/2026-increase-budgets-for-canada,imercer.com,,
perplexity,What is the average merit increase budget for 2026?,main,sources,https://worldatwork.org/publications/workspan-daily/mercer-forecasts-3-5-total-salary-increase-budgets-for-2026,worldatwork.org,,
perplexity,What is the average merit increase budget for 2026?,main,sources,https://www.imercer.com/articleinsights/2026-actual-increase-budgets-us,imercer.com,,
perplexity,What is the average merit increase budget for 2026?,main,sources,https://www.pave.com/blog-posts/how-big-of-a-raise-can-you-expect-in-2026,pave.com,,
perplexity,What is the average merit increase budget for 2026?,main,sources,https://www.cfo.com/news/employers-peg-pay-hike-budgets-at-35-for-2026-mercer-comp/808086/,cfo.com,,
perplexity,What is the average merit increase budget for 2026?,main,sources,https://salarycheck.ai/guides/average-merit-increase-2026,salarycheck.ai,,
perplexity,What is the average merit increase budget for 2026?,main,sources,https://morganhr.com/blog/2026-salary-increase-projections/,morganhr.com,,
perplexity,What is the average merit increase budget for 2026?,main,sources,https://www.rewordin.com/blog/salary-increase-statistics-2026,rewordin.com,,
perplexity,What is the average merit increase budget for 2026?,main,sources,https://raise-calculator.com/raise-trends-2026,raise-calculator.com,,
perplexity,What is the STAR method for answering interview questions?,main,citations,https://nationalcareers.service.gov.uk/careers-advice/interview-advice/the-star-method,nationalcareers.service.gov.uk,,
perplexity,What is the STAR method for answering interview questions?,main,citations,https://www.hirevue.com/blog/candidates/star-method-for-video-interviews,hirevue.com,,
perplexity,What is the STAR method for answering interview questions?,main,citations,https://www.themuse.com/advice/star-interview-method,themuse.com,,
perplexity,What is the STAR method for answering interview questions?,main,citations,https://www.coursera.org/articles/star-interview-questions,coursera.org,,
perplexity,What is the STAR method for answering interview questions?,main,citations,https://business.linkedin.com/hire/resources/interviewing-talent/star-method,business.linkedin.com,,
perplexity,What is the STAR method for answering interview questions?,main,citations,https://ca.indeed.com/career-advice/interviewing/star-interview-method,ca.indeed.com,,
perplexity,What is the STAR method for answering interview questions?,main,citations,https://www.betterup.com/blog/star-interview-method,betterup.com,,
perplexity,What is the STAR method for answering interview questions?,main,citations,https://www.indeed.com/career-advice/interviewing/how-to-use-the-star-interview-response-technique,indeed.com,,
perplexity,What is the STAR method for answering interview questions?,main,citations,https://uk.indeed.com/career-advice/interviewing/star-technique,uk.indeed.com,,
perplexity,What is the STAR method for answering interview questions?,main,citations,https://www.biginterview.com/resources/star-interview-method,biginterview.com,,
perplexity,What is the STAR method for answering interview questions?,main,sources,https://nationalcareers.service.gov.uk/careers-advice/interview-advice/the-star-method,nationalcareers.service.gov.uk,,
perplexity,What is the STAR method for answering interview questions?,main,sources,https://www.hirevue.com/blog/candidates/star-method-for-video-interviews,hirevue.com,,
perplexity,What is the STAR method for answering interview questions?,main,sources,https://www.themuse.com/advice/star-interview-method,themuse.com,,
perplexity,What is the STAR method for answering interview questions?,main,sources,https://www.coursera.org/articles/star-interview-questions,coursera.org,,
perplexity,What is the STAR method for answering interview questions?,main,sources,https://business.linkedin.com/hire/resources/interviewing-talent/star-method,business.linkedin.com,,
perplexity,What is the STAR method for answering interview questions?,main,sources,https://ca.indeed.com/career-advice/interviewing/star-interview-method,ca.indeed.com,,
perplexity,What is the STAR method for answering interview questions?,main,sources,https://www.betterup.com/blog/star-interview-method,betterup.com,,
perplexity,What is the STAR method for answering interview questions?,main,sources,https://www.indeed.com/career-advice/interviewing/how-to-use-the-star-interview-response-technique,indeed.com,,
perplexity,What is the STAR method for answering interview questions?,main,sources,https://uk.indeed.com/career-advice/interviewing/star-technique,uk.indeed.com,,
perplexity,What is the STAR method for answering interview questions?,main,sources,https://www.biginterview.com/resources/star-interview-method,biginterview.com,,
perplexity,What do interviewers say are instant red flags in candidates?,main,citations,https://recruitee.com/blog/interview-red-flags,recruitee.com,,
perplexity,What do interviewers say are instant red flags in candidates?,main,citations,https://toggl.com/blog/interview-red-flags,toggl.com,,
perplexity,What do interviewers say are instant red flags in candidates?,main,citations,https://employmenthero.com/blog/interview-red-flags/,employmenthero.com,,
perplexity,What do interviewers say are instant red flags in candidates?,main,citations,https://www.physicianleaders.org/articles/4-interview-red-flags-hiring-managers-say-concern-them-most,physicianleaders.org,,
perplexity,What do interviewers say are instant red flags in candidates?,main,citations,https://www.roanestate.edu/webfolders/PARKERS/placement/articles/staff/20%20Red%20Flags%20for%20Interviews.pdf,roanestate.edu,,
perplexity,What do interviewers say are instant red flags in candidates?,main,citations,https://www.wecreateproblems.com/blog/interview-red-flags,wecreateproblems.com,,
perplexity,What do interviewers say are instant red flags in candidates?,main,citations,https://www.taalent.ai/en/interview-red-flags-guide,taalent.ai,,
perplexity,What do interviewers say are instant red flags in candidates?,main,citations,https://www.reddit.com/r/humanresources/comments/15qimip/what_are_some_red_flags_you_see_when_interviewing/,reddit.com,,
perplexity,What do interviewers say are instant red flags in candidates?,main,citations,https://www.reddit.com/r/managers/comments/18cebz7/whats_a_red_flag_for_you_during_an_interview_with/,reddit.com,,
perplexity,What do interviewers say are instant red flags in candidates?,main,citations,https://www.hirehive.com/recruitment-red-flags-what-to-watch-for-during-candidate-interviews/,hirehive.com,,
perplexity,What do interviewers say are instant red flags in candidates?,main,sources,https://recruitee.com/blog/interview-red-flags,recruitee.com,,
perplexity,What do interviewers say are instant red flags in candidates?,main,sources,https://toggl.com/blog/interview-red-flags,toggl.com,,
perplexity,What do interviewers say are instant red flags in candidates?,main,sources,https://employmenthero.com/blog/interview-red-flags/,employmenthero.com,,
perplexity,What do interviewers say are instant red flags in candidates?,main,sources,https://www.physicianleaders.org/articles/4-interview-red-flags-hiring-managers-say-concern-them-most,physicianleaders.org,,
perplexity,What do interviewers say are instant red flags in candidates?,main,sources,https://www.roanestate.edu/webfolders/PARKERS/placement/articles/staff/20%20Red%20Flags%20for%20Interviews.pdf,roanestate.edu,,
perplexity,What do interviewers say are instant red flags in candidates?,main,sources,https://www.wecreateproblems.com/blog/interview-red-flags,wecreateproblems.com,,
perplexity,What do interviewers say are instant red flags in candidates?,main,sources,https://www.taalent.ai/en/interview-red-flags-guide,taalent.ai,,
perplexity,What do interviewers say are instant red flags in candidates?,main,sources,https://www.reddit.com/r/humanresources/comments/15qimip/what_are_some_red_flags_you_see_when_interviewing/,reddit.com,,
perplexity,What do interviewers say are instant red flags in candidates?,main,sources,https://www.reddit.com/r/managers/comments/18cebz7/whats_a_red_flag_for_you_during_an_interview_with/,reddit.com,,
perplexity,What do interviewers say are instant red flags in candidates?,main,sources,https://www.hirehive.com/recruitment-red-flags-what-to-watch-for-during-candidate-interviews/,hirehive.com,,
perplexity,Do hiring managers actually look at personal websites and portfolios?,main,citations,https://blog.theinterviewguys.com/do-you-need-a-portfolio-website/,blog.theinterviewguys.com,,
perplexity,Do hiring managers actually look at personal websites and portfolios?,main,citations,https://www.themuse.com/advice/can-a-personal-website-help-your-job-search-what-6-hiring-managers-really-think,themuse.com,,
perplexity,Do hiring managers actually look at personal websites and portfolios?,main,citations,https://dev.to/profydev/this-survey-among-60-hiring-managers-reveals-don-t-waste-your-time-on-a-react-portfolio-website-17ge,dev.to,,
perplexity,Do hiring managers actually look at personal websites and portfolios?,main,citations,https://profy.dev/article/portfolio-websites-survey,profy.dev,,
perplexity,Do hiring managers actually look at personal websites and portfolios?,main,citations,https://hover.blog/online-portfolio-site-importance/,hover.blog,,
perplexity,Do hiring managers actually look at personal websites and portfolios?,main,citations,https://www.reddit.com/r/developersIndia/comments/1gdsedg/has_it_helped_to_keep_a_personal_website_that/,reddit.com,,
perplexity,Do hiring managers actually look at personal websites and portfolios?,main,citations,https://www.reddit.com/r/cscareerquestions/comments/16s1y73/does_having_a_personal_websiteportfolio_help_with/,reddit.com,,
perplexity,Do hiring managers actually look at personal websites and portfolios?,main,citations,https://www.reddit.com/r/cscareerquestions/comments/sr5wf2/hiring_managers_do_you_actually_look_at_portfolios/,reddit.com,,
perplexity,Do hiring managers actually look at personal websites and portfolios?,main,citations,https://www.reddit.com/r/cscareerquestions/comments/v94vm7/do_you_guys_have_personal_websitesportfolios_you/,reddit.com,,
perplexity,Do hiring managers actually look at personal websites and portfolios?,main,citations,https://www.reddit.com/r/recruitinghell/comments/1rrfza3/lets_be_honest_does_any_recruiter_visit_a/,reddit.com,,
perplexity,Do hiring managers actually look at personal websites and portfolios?,main,sources,https://blog.theinterviewguys.com/do-you-need-a-portfolio-website/,blog.theinterviewguys.com,,
perplexity,Do hiring managers actually look at personal websites and portfolios?,main,sources,https://www.themuse.com/advice/can-a-personal-website-help-your-job-search-what-6-hiring-managers-really-think,themuse.com,,
perplexity,Do hiring managers actually look at personal websites and portfolios?,main,sources,https://dev.to/profydev/this-survey-among-60-hiring-managers-reveals-don-t-waste-your-time-on-a-react-portfolio-website-17ge,dev.to,,
perplexity,Do hiring managers actually look at personal websites and portfolios?,main,sources,https://profy.dev/article/portfolio-websites-survey,profy.dev,,
perplexity,Do hiring managers actually look at personal websites and portfolios?,main,sources,https://hover.blog/online-portfolio-site-importance/,hover.blog,,
perplexity,Do hiring managers actually look at personal websites and portfolios?,main,sources,https://www.reddit.com/r/developersIndia/comments/1gdsedg/has_it_helped_to_keep_a_personal_website_that/,reddit.com,,
perplexity,Do hiring managers actually look at personal websites and portfolios?,main,sources,https://www.reddit.com/r/cscareerquestions/comments/16s1y73/does_having_a_personal_websiteportfolio_help_with/,reddit.com,,
perplexity,Do hiring managers actually look at personal websites and portfolios?,main,sources,https://www.reddit.com/r/cscareerquestions/comments/sr5wf2/hiring_managers_do_you_actually_look_at_portfolios/,reddit.com,,
perplexity,Do hiring managers actually look at personal websites and portfolios?,main,sources,https://www.reddit.com/r/cscareerquestions/comments/v94vm7/do_you_guys_have_personal_websitesportfolios_you/,reddit.com,,
perplexity,Do hiring managers actually look at personal websites and portfolios?,main,sources,https://www.reddit.com/r/recruitinghell/comments/1rrfza3/lets_be_honest_does_any_recruiter_visit_a/,reddit.com,,
perplexity,What do RevOps people think of Clay for outbound prospecting?,main,citations,https://www.factors.ai/blog/clay-vs-apollo-for-outbound,factors.ai,,
perplexity,What do RevOps people think of Clay for outbound prospecting?,main,citations,https://blog.revpartners.io/en/revops-articles/using-clay-automation-to-run-a-smarter-revops-engine,blog.revpartners.io,,
perplexity,What do RevOps people think of Clay for outbound prospecting?,main,citations,https://blog.revpartners.io/en/revops-articles/what-is-clay-outbound-and-how-does-it-work,blog.revpartners.io,,
perplexity,What do RevOps people think of Clay for outbound prospecting?,main,citations,https://www.clay.com/use-cases/outbound,clay.com,,
perplexity,What do RevOps people think of Clay for outbound prospecting?,main,citations,https://www.clay.com/blog/outbound-sales-automation,clay.com,,
perplexity,What do RevOps people think of Clay for outbound prospecting?,main,citations,https://outplay.ai/blog/best-prospecting-tools,outplay.ai,,
perplexity,What do RevOps people think of Clay for outbound prospecting?,main,citations,https://revops.ai/vs/clay,revops.ai,,
perplexity,What do RevOps people think of Clay for outbound prospecting?,main,citations,https://work-management.org/crm/clay-review/,work-management.org,,
perplexity,What do RevOps people think of Clay for outbound prospecting?,main,citations,https://www.sales-echo.com/blog/clay-review,sales-echo.com,,
perplexity,What do RevOps people think of Clay for outbound prospecting?,main,citations,https://ziellab.com/post/why-clay-is-the-undisputed-champion-of-all-gtm-tools,ziellab.com,,
perplexity,What do RevOps people think of Clay for outbound prospecting?,main,sources,https://www.factors.ai/blog/clay-vs-apollo-for-outbound,factors.ai,,
perplexity,What do RevOps people think of Clay for outbound prospecting?,main,sources,https://blog.revpartners.io/en/revops-articles/using-clay-automation-to-run-a-smarter-revops-engine,blog.revpartners.io,,
perplexity,What do RevOps people think of Clay for outbound prospecting?,main,sources,https://blog.revpartners.io/en/revops-articles/what-is-clay-outbound-and-how-does-it-work,blog.revpartners.io,,
perplexity,What do RevOps people think of Clay for outbound prospecting?,main,sources,https://www.clay.com/use-cases/outbound,clay.com,,
perplexity,What do RevOps people think of Clay for outbound prospecting?,main,sources,https://www.clay.com/blog/outbound-sales-automation,clay.com,,
perplexity,What do RevOps people think of Clay for outbound prospecting?,main,sources,https://outplay.ai/blog/best-prospecting-tools,outplay.ai,,
perplexity,What do RevOps people think of Clay for outbound prospecting?,main,sources,https://revops.ai/vs/clay,revops.ai,,
perplexity,What do RevOps people think of Clay for outbound prospecting?,main,sources,https://work-management.org/crm/clay-review/,work-management.org,,
perplexity,What do RevOps people think of Clay for outbound prospecting?,main,sources,https://www.sales-echo.com/blog/clay-review,sales-echo.com,,
perplexity,What do RevOps people think of Clay for outbound prospecting?,main,sources,https://ziellab.com/post/why-clay-is-the-undisputed-champion-of-all-gtm-tools,ziellab.com,,
perplexity,Is it a bad idea to go back to a former employer?,main,citations,https://www.atsinc.com/blog/careers/returning-to-former-employer-pros-cons-how-to,atsinc.com,,
perplexity,Is it a bad idea to go back to a former employer?,main,citations,https://cen.acs.org/careers/career-tips/Thinking-returning-previous-employer/101/i5,cen.acs.org,,
perplexity,Is it a bad idea to go back to a former employer?,main,citations,https://ivyexec.com/career-advice/2022/embrarassing-go-back-to-old-job/,ivyexec.com,,
perplexity,Is it a bad idea to go back to a former employer?,main,citations,https://www.lakeshoretalent.com/is-returning-to-a-previous-employer-the-right-move/,lakeshoretalent.com,,
perplexity,Is it a bad idea to go back to a former employer?,main,citations,https://www.indeed.com/career-advice/starting-new-job/going-back-to-old-job,indeed.com,,
perplexity,Is it a bad idea to go back to a former employer?,main,citations,https://horizonone.com.au/news/should-you-go-back-to-a-previous-employer/,horizonone.com.au,,
perplexity,Is it a bad idea to go back to a former employer?,main,citations,https://transnationalstaffing.com/employees/thinking-of-going-back-what-to-know-before-returning-to-a-former-employer/,transnationalstaffing.com,,
perplexity,Is it a bad idea to go back to a former employer?,main,citations,https://www.indeed.com/career-advice/starting-new-job/going-back-to-an-old-job,indeed.com,,
perplexity,Is it a bad idea to go back to a former employer?,main,citations,https://www.reddit.com/r/sysadmin/comments/14i3fmh/going_back_to_my_old_company_after_two_months/,reddit.com,,
perplexity,Is it a bad idea to go back to a former employer?,main,citations,https://resumeworded.com/blog/is-it-embarrassing-to-go-back-to-your-old-job/,resumeworded.com,,
perplexity,Is it a bad idea to go back to a former employer?,main,sources,https://www.atsinc.com/blog/careers/returning-to-former-employer-pros-cons-how-to,atsinc.com,,
perplexity,Is it a bad idea to go back to a former employer?,main,sources,https://cen.acs.org/careers/career-tips/Thinking-returning-previous-employer/101/i5,cen.acs.org,,
perplexity,Is it a bad idea to go back to a former employer?,main,sources,https://ivyexec.com/career-advice/2022/embrarassing-go-back-to-old-job/,ivyexec.com,,
perplexity,Is it a bad idea to go back to a former employer?,main,sources,https://www.lakeshoretalent.com/is-returning-to-a-previous-employer-the-right-move/,lakeshoretalent.com,,
perplexity,Is it a bad idea to go back to a former employer?,main,sources,https://www.indeed.com/career-advice/starting-new-job/going-back-to-old-job,indeed.com,,
perplexity,Is it a bad idea to go back to a former employer?,main,sources,https://horizonone.com.au/news/should-you-go-back-to-a-previous-employer/,horizonone.com.au,,
perplexity,Is it a bad idea to go back to a former employer?,main,sources,https://transnationalstaffing.com/employees/thinking-of-going-back-what-to-know-before-returning-to-a-former-employer/,transnationalstaffing.com,,
perplexity,Is it a bad idea to go back to a former employer?,main,sources,https://www.indeed.com/career-advice/starting-new-job/going-back-to-an-old-job,indeed.com,,
perplexity,Is it a bad idea to go back to a former employer?,main,sources,https://www.reddit.com/r/sysadmin/comments/14i3fmh/going_back_to_my_old_company_after_two_months/,reddit.com,,
perplexity,Is it a bad idea to go back to a former employer?,main,sources,https://resumeworded.com/blog/is-it-embarrassing-to-go-back-to-your-old-job/,resumeworded.com,,
perplexity,What is a typical bonus percentage for mid level managers?,main,citations,https://climbtheladder.com/what-is-a-typical-bonus-percentage-by-industry/,climbtheladder.com,,
perplexity,What is a typical bonus percentage for mid level managers?,main,citations,https://ourlinq.plentive.com/blog/decoding-employee-bonus-percentages-a-comprehensive-guide/,ourlinq.plentive.com,,
perplexity,What is a typical bonus percentage for mid level managers?,main,citations,https://www.northwesternmutual.com/life-and-money/average-bonus-percentage/,northwesternmutual.com,,
perplexity,What is a typical bonus percentage for mid level managers?,main,citations,https://www.oysterhr.com/library/what-is-a-good-bonus-percentage,oysterhr.com,,
perplexity,What is a typical bonus percentage for mid level managers?,main,citations,https://www.plentive.com/decoding-employee-bonus-percentages-a-comprehensive-guide/,plentive.com,,
perplexity,What is a typical bonus percentage for mid level managers?,main,citations,https://www.uslegalforms.com/forms-kit/us-0002lr/california-sample-bonus-plans-for-managers,uslegalforms.com,,
perplexity,What is a typical bonus percentage for mid level managers?,main,citations,https://www.indeed.com/career-advice/pay-salary/what-is-a-good-bonus-percentage,indeed.com,,
perplexity,What is a typical bonus percentage for mid level managers?,main,citations,https://investguiding.com/articles/what-is-a-good-end-of-year-bonus,investguiding.com,,
perplexity,What is a typical bonus percentage for mid level managers?,main,citations,https://www.sharewillow.com/blog/average-bonus-percentage,sharewillow.com,,
perplexity,What is a typical bonus percentage for mid level managers?,main,citations,https://www.plentive.com/average-typical-bonus-percentage/,plentive.com,,
perplexity,What is a typical bonus percentage for mid level managers?,main,sources,https://climbtheladder.com/what-is-a-typical-bonus-percentage-by-industry/,climbtheladder.com,,
perplexity,What is a typical bonus percentage for mid level managers?,main,sources,https://ourlinq.plentive.com/blog/decoding-employee-bonus-percentages-a-comprehensive-guide/,ourlinq.plentive.com,,
perplexity,What is a typical bonus percentage for mid level managers?,main,sources,https://www.northwesternmutual.com/life-and-money/average-bonus-percentage/,northwesternmutual.com,,
perplexity,What is a typical bonus percentage for mid level managers?,main,sources,https://www.oysterhr.com/library/what-is-a-good-bonus-percentage,oysterhr.com,,
perplexity,What is a typical bonus percentage for mid level managers?,main,sources,https://www.plentive.com/decoding-employee-bonus-percentages-a-comprehensive-guide/,plentive.com,,
perplexity,What is a typical bonus percentage for mid level managers?,main,sources,https://www.uslegalforms.com/forms-kit/us-0002lr/california-sample-bonus-plans-for-managers,uslegalforms.com,,
perplexity,What is a typical bonus percentage for mid level managers?,main,sources,https://www.indeed.com/career-advice/pay-salary/what-is-a-good-bonus-percentage,indeed.com,,
perplexity,What is a typical bonus percentage for mid level managers?,main,sources,https://investguiding.com/articles/what-is-a-good-end-of-year-bonus,investguiding.com,,
perplexity,What is a typical bonus percentage for mid level managers?,main,sources,https://www.sharewillow.com/blog/average-bonus-percentage,sharewillow.com,,
perplexity,What is a typical bonus percentage for mid level managers?,main,sources,https://www.plentive.com/average-typical-bonus-percentage/,plentive.com,,
perplexity,How do teams actually feel about async standups replacing meetings?,main,citations,https://www.parabol.co/blog/virtual-standups-vs-async-standups/,parabol.co,,
perplexity,How do teams actually feel about async standups replacing meetings?,main,citations,https://www.reddit.com/r/agile/comments/1p8up24/async_standups_vs_daily_standup_calls_what/,reddit.com,,
perplexity,How do teams actually feel about async standups replacing meetings?,main,citations,https://www.reddit.com/r/agile/comments/1vhkice/are_async_standups_actually_useful_for/,reddit.com,,
perplexity,How do teams actually feel about async standups replacing meetings?,main,citations,https://news.ycombinator.com/item?id=29677684,news.ycombinator.com,,
perplexity,How do teams actually feel about async standups replacing meetings?,main,citations,https://www.reddit.com/r/agile/comments/1rouoot/async_dailyshow_a_team_channel_can_replace_the/,reddit.com,,
perplexity,How do teams actually feel about async standups replacing meetings?,main,citations,https://www.honeycomb.io/blog/standup-meetings-are-dead,honeycomb.io,,
perplexity,How do teams actually feel about async standups replacing meetings?,main,citations,https://www.catapultlabs.com/blog/how-asynchronous-stand-ups-improve-remote-team-workflows,catapultlabs.com,,
perplexity,How do teams actually feel about async standups replacing meetings?,main,citations,https://blog.logrocket.com/product-management/async-standups-pros-cons/,blog.logrocket.com,,
perplexity,How do teams actually feel about async standups replacing meetings?,main,citations,https://news.ycombinator.com/item?id=23195101,news.ycombinator.com,,
perplexity,How do teams actually feel about async standups replacing meetings?,main,citations,https://coommit.com/blog/daily-standup-alternatives-async-formats,coommit.com,,
perplexity,How do teams actually feel about async standups replacing meetings?,main,sources,https://www.parabol.co/blog/virtual-standups-vs-async-standups/,parabol.co,,
perplexity,How do teams actually feel about async standups replacing meetings?,main,sources,https://www.reddit.com/r/agile/comments/1p8up24/async_standups_vs_daily_standup_calls_what/,reddit.com,,
perplexity,How do teams actually feel about async standups replacing meetings?,main,sources,https://www.reddit.com/r/agile/comments/1vhkice/are_async_standups_actually_useful_for/,reddit.com,,
perplexity,How do teams actually feel about async standups replacing meetings?,main,sources,https://news.ycombinator.com/item?id=29677684,news.ycombinator.com,,
perplexity,How do teams actually feel about async standups replacing meetings?,main,sources,https://www.reddit.com/r/agile/comments/1rouoot/async_dailyshow_a_team_channel_can_replace_the/,reddit.com,,
perplexity,How do teams actually feel about async standups replacing meetings?,main,sources,https://www.honeycomb.io/blog/standup-meetings-are-dead,honeycomb.io,,
perplexity,How do teams actually feel about async standups replacing meetings?,main,sources,https://www.catapultlabs.com/blog/how-asynchronous-stand-ups-improve-remote-team-workflows,catapultlabs.com,,
perplexity,How do teams actually feel about async standups replacing meetings?,main,sources,https://blog.logrocket.com/product-management/async-standups-pros-cons/,blog.logrocket.com,,
perplexity,How do teams actually feel about async standups replacing meetings?,main,sources,https://news.ycombinator.com/item?id=23195101,news.ycombinator.com,,
perplexity,How do teams actually feel about async standups replacing meetings?,main,sources,https://coommit.com/blog/daily-standup-alternatives-async-formats,coommit.com,,
perplexity,What questions are employers legally not allowed to ask in an interview?,main,citations,https://www.eeoc.gov/employers/small-business/what-shouldnt-i-ask-when-hiring,eeoc.gov,,
perplexity,What questions are employers legally not allowed to ask in an interview?,main,citations,https://ocs.yale.edu/channels/illegal-interview-questions/,ocs.yale.edu,,
perplexity,What questions are employers legally not allowed to ask in an interview?,main,citations,https://eddy.com/hr-encyclopedia/illegal-question/,eddy.com,,
perplexity,What questions are employers legally not allowed to ask in an interview?,main,citations,https://www.workwisecompliance.com/blog/seven-types-of-illegal-interview-questions-you-should-never-ask.html,workwisecompliance.com,,
perplexity,What questions are employers legally not allowed to ask in an interview?,main,citations,https://tilsonhr.com/blog/interviews-whats-illegal-to-ask/,tilsonhr.com,,
perplexity,What questions are employers legally not allowed to ask in an interview?,main,citations,https://www.shrm.org/topics-tools/news/talent-acquisition/interview-questions-get-hr-trouble,shrm.org,,
perplexity,What questions are employers legally not allowed to ask in an interview?,main,citations,https://www.justiceatwork.com/what-questions-are-hr-not-allowed-to-ask-during-the-interview-process/,justiceatwork.com,,
perplexity,What questions are employers legally not allowed to ask in an interview?,main,citations,https://www.reddit.com/r/jobhunting/comments/1s52s0n/a_friendly_reminder_that_these_things_are_illegal/,reddit.com,,
perplexity,What questions are employers legally not allowed to ask in an interview?,main,citations,https://www.workwisecompliance.com/seven-types-of-illegal-interview-questions-you-should-never-ask,workwisecompliance.com,,
perplexity,What questions are employers legally not allowed to ask in an interview?,main,citations,https://www.hrmorning.com/articles/illegal-interview-questions-job-applicants/,hrmorning.com,,
perplexity,What questions are employers legally not allowed to ask in an interview?,main,sources,https://www.eeoc.gov/employers/small-business/what-shouldnt-i-ask-when-hiring,eeoc.gov,,
perplexity,What questions are employers legally not allowed to ask in an interview?,main,sources,https://ocs.yale.edu/channels/illegal-interview-questions/,ocs.yale.edu,,
perplexity,What questions are employers legally not allowed to ask in an interview?,main,sources,https://eddy.com/hr-encyclopedia/illegal-question/,eddy.com,,
perplexity,What questions are employers legally not allowed to ask in an interview?,main,sources,https://www.workwisecompliance.com/blog/seven-types-of-illegal-interview-questions-you-should-never-ask.html,workwisecompliance.com,,
perplexity,What questions are employers legally not allowed to ask in an interview?,main,sources,https://tilsonhr.com/blog/interviews-whats-illegal-to-ask/,tilsonhr.com,,
perplexity,What questions are employers legally not allowed to ask in an interview?,main,sources,https://www.shrm.org/topics-tools/news/talent-acquisition/interview-questions-get-hr-trouble,shrm.org,,
perplexity,What questions are employers legally not allowed to ask in an interview?,main,sources,https://www.justiceatwork.com/what-questions-are-hr-not-allowed-to-ask-during-the-interview-process/,justiceatwork.com,,
perplexity,What questions are employers legally not allowed to ask in an interview?,main,sources,https://www.reddit.com/r/jobhunting/comments/1s52s0n/a_friendly_reminder_that_these_things_are_illegal/,reddit.com,,
perplexity,What questions are employers legally not allowed to ask in an interview?,main,sources,https://www.workwisecompliance.com/seven-types-of-illegal-interview-questions-you-should-never-ask,workwisecompliance.com,,
perplexity,What questions are employers legally not allowed to ask in an interview?,main,sources,https://www.hrmorning.com/articles/illegal-interview-questions-job-applicants/,hrmorning.com,,
perplexity,Do people who quit big tech for smaller companies regret it?,main,citations,https://newsletter.pragmaticengineer.com/p/leaving-big-tech,newsletter.pragmaticengineer.com,,
perplexity,Do people who quit big tech for smaller companies regret it?,main,citations,https://www.reddit.com/r/cscareerquestions/comments/1bt5bh9/has_anyone_stepped_away_from_big_tech_and_not/,reddit.com,,
perplexity,Do people who quit big tech for smaller companies regret it?,main,citations,https://www.teamblind.com/post/yLCSwExN,teamblind.com,,
perplexity,Do people who quit big tech for smaller companies regret it?,main,citations,https://careertransitionwithclaire.com/leaving-big-tech-companies/,careertransitionwithclaire.com,,
perplexity,Do people who quit big tech for smaller companies regret it?,main,citations,https://www.teamblind.com/post/anyone-regret-leaving-big-tech-and-cant-get-back-in-ylcswexn,teamblind.com,,
perplexity,Do people who quit big tech for smaller companies regret it?,main,citations,https://www.reddit.com/r/cscareerquestions/comments/weazp7/people_who_left_big_tech_companies_for_something/iineqze/,reddit.com,,
perplexity,Do people who quit big tech for smaller companies regret it?,main,citations,https://www.reddit.com/r/cscareerquestionsEU/comments/uy2jg8/people_who_left_big_tech_companies_for_nonbig/,reddit.com,,
perplexity,Do people who quit big tech for smaller companies regret it?,main,citations,https://www.reddit.com/r/cscareerquestions/comments/11xb1rd/where_do_people_go_when_they_leave_big_tech/,reddit.com,,
perplexity,Do people who quit big tech for smaller companies regret it?,main,citations,https://www.reddit.com/r/cscareerquestions/comments/zt3lxd/if_youve_bailed_on_a_big_tech_career_for_a/,reddit.com,,
perplexity,Do people who quit big tech for smaller companies regret it?,main,citations,https://news.ycombinator.com/item?id=21645117,news.ycombinator.com,,
perplexity,Do people who quit big tech for smaller companies regret it?,main,sources,https://newsletter.pragmaticengineer.com/p/leaving-big-tech,newsletter.pragmaticengineer.com,,
perplexity,Do people who quit big tech for smaller companies regret it?,main,sources,https://www.reddit.com/r/cscareerquestions/comments/1bt5bh9/has_anyone_stepped_away_from_big_tech_and_not/,reddit.com,,
perplexity,Do people who quit big tech for smaller companies regret it?,main,sources,https://www.teamblind.com/post/yLCSwExN,teamblind.com,,
perplexity,Do people who quit big tech for smaller companies regret it?,main,sources,https://careertransitionwithclaire.com/leaving-big-tech-companies/,careertransitionwithclaire.com,,
perplexity,Do people who quit big tech for smaller companies regret it?,main,sources,https://www.teamblind.com/post/anyone-regret-leaving-big-tech-and-cant-get-back-in-ylcswexn,teamblind.com,,
perplexity,Do people who quit big tech for smaller companies regret it?,main,sources,https://www.reddit.com/r/cscareerquestions/comments/weazp7/people_who_left_big_tech_companies_for_something/iineqze/,reddit.com,,
perplexity,Do people who quit big tech for smaller companies regret it?,main,sources,https://www.reddit.com/r/cscareerquestionsEU/comments/uy2jg8/people_who_left_big_tech_companies_for_nonbig/,reddit.com,,
perplexity,Do people who quit big tech for smaller companies regret it?,main,sources,https://www.reddit.com/r/cscareerquestions/comments/11xb1rd/where_do_people_go_when_they_leave_big_tech/,reddit.com,,
perplexity,Do people who quit big tech for smaller companies regret it?,main,sources,https://www.reddit.com/r/cscareerquestions/comments/zt3lxd/if_youve_bailed_on_a_big_tech_career_for_a/,reddit.com,,
perplexity,Do people who quit big tech for smaller companies regret it?,main,sources,https://news.ycombinator.com/item?id=21645117,news.ycombinator.com,,
perplexity,What do managers really think when an employee asks for a raise?,main,citations,https://hbr.org/2016/02/how-to-respond-when-your-employee-asks-for-a-raise,hbr.org,,
perplexity,What do managers really think when an employee asks for a raise?,main,citations,https://blogs.oracle.com/oraclehcm/7-ways-to-handle-an-employees-request-for-a-pay-raise,blogs.oracle.com,,
perplexity,What do managers really think when an employee asks for a raise?,main,citations,https://www.lhh.com/en-us/insights/how-to-handle-employee-asking-for-raise,lhh.com,,
perplexity,What do managers really think when an employee asks for a raise?,main,citations,https://nysscpa.org/news/1050133-does-asking-your-boss-for-a-raise-make-you-feel-like-this-2015-07-02,nysscpa.org,,
perplexity,What do managers really think when an employee asks for a raise?,main,citations,https://www.process.st/ask-for-a-raise/,process.st,,
perplexity,What do managers really think when an employee asks for a raise?,main,citations,https://www.reddit.com/r/askmanagers/comments/1g6mmhv/how_does_me_asking_for_a_raise_effect_my_manager/,reddit.com,,
perplexity,What do managers really think when an employee asks for a raise?,main,citations,https://www.comparably.com/questions/3821886/should-bosses-get-annoyed-when-their-employees-ask-for-a-raise,comparably.com,,
perplexity,What do managers really think when an employee asks for a raise?,main,citations,https://getlighthouse.com/blog/employees-ask-for-a-raise/,getlighthouse.com,,
perplexity,What do managers really think when an employee asks for a raise?,main,citations,https://www.reddit.com/r/careerguidance/comments/1bfh3zd/is_it_normal_for_your_boss_to_say_well_consider/,reddit.com,,
perplexity,What do managers really think when an employee asks for a raise?,main,citations,https://thefinancialdiet.com/manager-wants-know-ask-money/,thefinancialdiet.com,,
perplexity,What do managers really think when an employee asks for a raise?,main,sources,https://hbr.org/2016/02/how-to-respond-when-your-employee-asks-for-a-raise,hbr.org,,
perplexity,What do managers really think when an employee asks for a raise?,main,sources,https://blogs.oracle.com/oraclehcm/7-ways-to-handle-an-employees-request-for-a-pay-raise,blogs.oracle.com,,
perplexity,What do managers really think when an employee asks for a raise?,main,sources,https://www.lhh.com/en-us/insights/how-to-handle-employee-asking-for-raise,lhh.com,,
perplexity,What do managers really think when an employee asks for a raise?,main,sources,https://nysscpa.org/news/1050133-does-asking-your-boss-for-a-raise-make-you-feel-like-this-2015-07-02,nysscpa.org,,
perplexity,What do managers really think when an employee asks for a raise?,main,sources,https://www.process.st/ask-for-a-raise/,process.st,,
perplexity,What do managers really think when an employee asks for a raise?,main,sources,https://www.reddit.com/r/askmanagers/comments/1g6mmhv/how_does_me_asking_for_a_raise_effect_my_manager/,reddit.com,,
perplexity,What do managers really think when an employee asks for a raise?,main,sources,https://www.comparably.com/questions/3821886/should-bosses-get-annoyed-when-their-employees-ask-for-a-raise,comparably.com,,
perplexity,What do managers really think when an employee asks for a raise?,main,sources,https://getlighthouse.com/blog/employees-ask-for-a-raise/,getlighthouse.com,,
perplexity,What do managers really think when an employee asks for a raise?,main,sources,https://www.reddit.com/r/careerguidance/comments/1bfh3zd/is_it_normal_for_your_boss_to_say_well_consider/,reddit.com,,
perplexity,What do managers really think when an employee asks for a raise?,main,sources,https://thefinancialdiet.com/manager-wants-know-ask-money/,thefinancialdiet.com,,
perplexity,What does SOC 2 compliance actually certify?,main,citations,https://www.venn.com/learn/soc2-compliance/,venn.com,,
perplexity,What does SOC 2 compliance actually certify?,main,citations,https://www.vanta.com/collection/soc-2/what-is-soc-2,vanta.com,,
perplexity,What does SOC 2 compliance actually certify?,main,citations,https://cynomi.com/soc2/soc-2-certification/,cynomi.com,,
perplexity,What does SOC 2 compliance actually certify?,main,citations,https://www.paloaltonetworks.com/cyberpedia/soc-2,paloaltonetworks.com,,
perplexity,What does SOC 2 compliance actually certify?,main,citations,https://www.fortinet.com/resources/cyberglossary/soc-2-compliance,fortinet.com,,
perplexity,What does SOC 2 compliance actually certify?,main,citations,https://www.isms.online/soc-2/,isms.online,,
perplexity,What does SOC 2 compliance actually certify?,main,citations,https://www.logicgate.com/blog/the-basics-of-soc-2-compliance/,logicgate.com,,
perplexity,What does SOC 2 compliance actually certify?,main,citations,https://www.a-lign.com/articles/what-is-soc-2-complete-guide,a-lign.com,,
perplexity,What does SOC 2 compliance actually certify?,main,citations,https://soc2auditors.org/insights/what-is-soc-2-compliance/,soc2auditors.org,,
perplexity,What does SOC 2 compliance actually certify?,main,citations,https://www.tevora.com/resource/what-is-soc-2/,tevora.com,,
perplexity,What does SOC 2 compliance actually certify?,main,sources,https://www.venn.com/learn/soc2-compliance/,venn.com,,
perplexity,What does SOC 2 compliance actually certify?,main,sources,https://www.vanta.com/collection/soc-2/what-is-soc-2,vanta.com,,
perplexity,What does SOC 2 compliance actually certify?,main,sources,https://cynomi.com/soc2/soc-2-certification/,cynomi.com,,
perplexity,What does SOC 2 compliance actually certify?,main,sources,https://www.paloaltonetworks.com/cyberpedia/soc-2,paloaltonetworks.com,,
perplexity,What does SOC 2 compliance actually certify?,main,sources,https://www.fortinet.com/resources/cyberglossary/soc-2-compliance,fortinet.com,,
perplexity,What does SOC 2 compliance actually certify?,main,sources,https://www.isms.online/soc-2/,isms.online,,
perplexity,What does SOC 2 compliance actually certify?,main,sources,https://www.logicgate.com/blog/the-basics-of-soc-2-compliance/,logicgate.com,,
perplexity,What does SOC 2 compliance actually certify?,main,sources,https://www.a-lign.com/articles/what-is-soc-2-complete-guide,a-lign.com,,
perplexity,What does SOC 2 compliance actually certify?,main,sources,https://soc2auditors.org/insights/what-is-soc-2-compliance/,soc2auditors.org,,
perplexity,What does SOC 2 compliance actually certify?,main,sources,https://www.tevora.com/resource/what-is-soc-2/,tevora.com,,
perplexity,What do remote workers say helps most against burnout?,main,citations,https://zapier.com/blog/avoid-work-burnout/,zapier.com,,
perplexity,What do remote workers say helps most against burnout?,main,citations,https://www.bitrix24.com/articles/11-ways-to-prevent-burnout-in-remote-teams.php,bitrix24.com,,
perplexity,What do remote workers say helps most against burnout?,main,citations,https://www.perk.com/blog/remote-work-burnout-statistics/,perk.com,,
perplexity,What do remote workers say helps most against burnout?,main,citations,https://www.wrike.com/remote-work-guide/remote-work-burnout-mental-health/,wrike.com,,
perplexity,What do remote workers say helps most against burnout?,main,citations,https://remote.com/resources/insights-center/experts-mental-health-remote-work,remote.com,,
perplexity,What do remote workers say helps most against burnout?,main,citations,https://nativeteams.com/blog/remote-work-burnout,nativeteams.com,,
perplexity,What do remote workers say helps most against burnout?,main,citations,https://www.usemultiplier.com/global-workforce-management/remote-work-burnout,usemultiplier.com,,
perplexity,What do remote workers say helps most against burnout?,main,citations,https://www.pauso.com/blog/reducing-employee-burnout-remote-teams,pauso.com,,
perplexity,What do remote workers say helps most against burnout?,main,citations,https://cwcp.ca/blog/remote-work-burnout/,cwcp.ca,,
perplexity,What do remote workers say helps most against burnout?,main,citations,https://meditopia.com/en/forwork/articles/preventive-tips-for-remote-burnout,meditopia.com,,
perplexity,What do remote workers say helps most against burnout?,main,sources,https://zapier.com/blog/avoid-work-burnout/,zapier.com,,
perplexity,What do remote workers say helps most against burnout?,main,sources,https://www.bitrix24.com/articles/11-ways-to-prevent-burnout-in-remote-teams.php,bitrix24.com,,
perplexity,What do remote workers say helps most against burnout?,main,sources,https://www.perk.com/blog/remote-work-burnout-statistics/,perk.com,,
perplexity,What do remote workers say helps most against burnout?,main,sources,https://www.wrike.com/remote-work-guide/remote-work-burnout-mental-health/,wrike.com,,
perplexity,What do remote workers say helps most against burnout?,main,sources,https://remote.com/resources/insights-center/experts-mental-health-remote-work,remote.com,,
perplexity,What do remote workers say helps most against burnout?,main,sources,https://nativeteams.com/blog/remote-work-burnout,nativeteams.com,,
perplexity,What do remote workers say helps most against burnout?,main,sources,https://www.usemultiplier.com/global-workforce-management/remote-work-burnout,usemultiplier.com,,
perplexity,What do remote workers say helps most against burnout?,main,sources,https://www.pauso.com/blog/reducing-employee-burnout-remote-teams,pauso.com,,
perplexity,What do remote workers say helps most against burnout?,main,sources,https://cwcp.ca/blog/remote-work-burnout/,cwcp.ca,,
perplexity,What do remote workers say helps most against burnout?,main,sources,https://meditopia.com/en/forwork/articles/preventive-tips-for-remote-burnout,meditopia.com,,
perplexity,Is job hopping every two years still frowned upon?,main,citations,https://www.cnbc.com/2022/03/30/great-resignation-what-hiring-managers-think-of-job-hopping.html,cnbc.com,,
perplexity,Is job hopping every two years still frowned upon?,main,citations,https://www.bbc.com/worklife/article/20220720-the-case-for-job-hopping,bbc.com,,
perplexity,Is job hopping every two years still frowned upon?,main,citations,https://www.hays.co.uk/career-advice/article/job-hopping-losing-its-stigma,hays.co.uk,,
perplexity,Is job hopping every two years still frowned upon?,main,citations,https://www.reddit.com/r/careerguidance/comments/1n57c7y/why_is_job_hopping_still_viewed_negatively_in/,reddit.com,,
perplexity,Is job hopping every two years still frowned upon?,main,citations,https://www.reddit.com/r/careeradvice/comments/1jjx0t0/what_is_the_acceptable_amount_of_time_to_remain/,reddit.com,,
perplexity,Is job hopping every two years still frowned upon?,main,citations,https://www.reddit.com/r/careeradvice/comments/1tzbp6x/is_frequent_job_hopping_going_to_accepted_by/,reddit.com,,
perplexity,Is job hopping every two years still frowned upon?,main,citations,https://www.indeed.com/career-advice/starting-new-job/job-hopping,indeed.com,,
perplexity,Is job hopping every two years still frowned upon?,main,citations,https://www.reddit.com/r/IndianWorkplace/comments/1n5iv73/does_jobhopping_every_12_years_actually_help_your/,reddit.com,,
perplexity,Is job hopping every two years still frowned upon?,main,citations,https://www.reddit.com/r/careerguidance/comments/1k7486l/is_job_hopping_still_a_red_flagor_the_smartest/,reddit.com,,
perplexity,Is job hopping every two years still frowned upon?,main,citations,https://www.layer8packet.io/home/guhhlofz3s7sqc5m3cq8clzen97xe4,layer8packet.io,,
perplexity,Is job hopping every two years still frowned upon?,main,sources,https://www.cnbc.com/2022/03/30/great-resignation-what-hiring-managers-think-of-job-hopping.html,cnbc.com,,
perplexity,Is job hopping every two years still frowned upon?,main,sources,https://www.bbc.com/worklife/article/20220720-the-case-for-job-hopping,bbc.com,,
perplexity,Is job hopping every two years still frowned upon?,main,sources,https://www.hays.co.uk/career-advice/article/job-hopping-losing-its-stigma,hays.co.uk,,
perplexity,Is job hopping every two years still frowned upon?,main,sources,https://www.reddit.com/r/careerguidance/comments/1n57c7y/why_is_job_hopping_still_viewed_negatively_in/,reddit.com,,
perplexity,Is job hopping every two years still frowned upon?,main,sources,https://www.reddit.com/r/careeradvice/comments/1jjx0t0/what_is_the_acceptable_amount_of_time_to_remain/,reddit.com,,
perplexity,Is job hopping every two years still frowned upon?,main,sources,https://www.reddit.com/r/careeradvice/comments/1tzbp6x/is_frequent_job_hopping_going_to_accepted_by/,reddit.com,,
perplexity,Is job hopping every two years still frowned upon?,main,sources,https://www.indeed.com/career-advice/starting-new-job/job-hopping,indeed.com,,
perplexity,Is job hopping every two years still frowned upon?,main,sources,https://www.reddit.com/r/IndianWorkplace/comments/1n5iv73/does_jobhopping_every_12_years_actually_help_your/,reddit.com,,
perplexity,Is job hopping every two years still frowned upon?,main,sources,https://www.reddit.com/r/careerguidance/comments/1k7486l/is_job_hopping_still_a_red_flagor_the_smartest/,reddit.com,,
perplexity,Is job hopping every two years still frowned upon?,main,sources,https://www.layer8packet.io/home/guhhlofz3s7sqc5m3cq8clzen97xe4,layer8packet.io,,
perplexity,What do employees say about AI tools being pushed at work?,main,citations,https://www.cnbc.com/2026/04/06/companies-are-pushing-ai-but-experts-say-it-can-add-extra-labor-cause-brain-fry.html,cnbc.com,,
perplexity,What do employees say about AI tools being pushed at work?,main,citations,https://www.gallup.com/workplace/704225/rising-adoption-spurs-workforce-changes.aspx,gallup.com,,
perplexity,What do employees say about AI tools being pushed at work?,main,citations,https://opentools.ai/news/ai-in-the-workplace-are-employees-avoiding-it-like-the-plague,opentools.ai,,
perplexity,What do employees say about AI tools being pushed at work?,main,citations,https://www.goto.com/blog/pulse-of-work-2026,goto.com,,
perplexity,What do employees say about AI tools being pushed at work?,main,citations,https://fortune.com/2026/04/09/ai-backlash-quiet-quitting-fobo-obsolete-white-collar-rebellion/,fortune.com,,
perplexity,What do employees say about AI tools being pushed at work?,main,citations,https://www.goto.com/blog/2025-pulse-of-work,goto.com,,
perplexity,What do employees say about AI tools being pushed at work?,main,citations,https://www.microsoft.com/en-us/worklab/work-trend-index/ai-at-work-is-here-now-comes-the-hard-part,microsoft.com,,
perplexity,What do employees say about AI tools being pushed at work?,main,citations,https://www.metaintro.com/blog/bosses-pushed-workers-use-ai-backfired,metaintro.com,,
perplexity,What do employees say about AI tools being pushed at work?,main,citations,https://www.reddit.com/r/womenintech/comments/1qejqds/anyone_else_feel_sick_at_the_push_for_ai_from/,reddit.com,,
perplexity,What do employees say about AI tools being pushed at work?,main,citations,https://www.thecooldown.com/green-business/ai-impact-office-workers-survey/,thecooldown.com,,
perplexity,What do employees say about AI tools being pushed at work?,main,sources,https://www.cnbc.com/2026/04/06/companies-are-pushing-ai-but-experts-say-it-can-add-extra-labor-cause-brain-fry.html,cnbc.com,,
perplexity,What do employees say about AI tools being pushed at work?,main,sources,https://www.gallup.com/workplace/704225/rising-adoption-spurs-workforce-changes.aspx,gallup.com,,
perplexity,What do employees say about AI tools being pushed at work?,main,sources,https://opentools.ai/news/ai-in-the-workplace-are-employees-avoiding-it-like-the-plague,opentools.ai,,
perplexity,What do employees say about AI tools being pushed at work?,main,sources,https://www.goto.com/blog/pulse-of-work-2026,goto.com,,
perplexity,What do employees say about AI tools being pushed at work?,main,sources,https://fortune.com/2026/04/09/ai-backlash-quiet-quitting-fobo-obsolete-white-collar-rebellion/,fortune.com,,
perplexity,What do employees say about AI tools being pushed at work?,main,sources,https://www.goto.com/blog/2025-pulse-of-work,goto.com,,
perplexity,What do employees say about AI tools being pushed at work?,main,sources,https://www.microsoft.com/en-us/worklab/work-trend-index/ai-at-work-is-here-now-comes-the-hard-part,microsoft.com,,
perplexity,What do employees say about AI tools being pushed at work?,main,sources,https://www.metaintro.com/blog/bosses-pushed-workers-use-ai-backfired,metaintro.com,,
perplexity,What do employees say about AI tools being pushed at work?,main,sources,https://www.reddit.com/r/womenintech/comments/1qejqds/anyone_else_feel_sick_at_the_push_for_ai_from/,reddit.com,,
perplexity,What do employees say about AI tools being pushed at work?,main,sources,https://www.thecooldown.com/green-business/ai-impact-office-workers-survey/,thecooldown.com,,
perplexity,How do H1B transfers work when switching employers?,main,citations,https://www.murthy.com/2017/04/20/h1bs-cannot-be-transferred-misconceptions-around-h1b-employment-change/,murthy.com,,
perplexity,How do H1B transfers work when switching employers?,main,citations,https://www.davidsonmorris.com/h1b-transfer/,davidsonmorris.com,,
perplexity,How do H1B transfers work when switching employers?,main,citations,https://www.boundless.com/immigration-resources/h-1b-transfer-process,boundless.com,,
perplexity,How do H1B transfers work when switching employers?,main,citations,https://www.ellis.com/resources/understanding-h-1b-transfers,ellis.com,,
perplexity,How do H1B transfers work when switching employers?,main,citations,https://www.dewit.law/changing-employers-on-h1b/,dewit.law,,
perplexity,How do H1B transfers work when switching employers?,main,citations,https://immigrationhelpla.com/h1b-visa-transfer/,immigrationhelpla.com,,
perplexity,How do H1B transfers work when switching employers?,main,citations,https://www.mpowerfinancing.com/immigration-tips/h1b-visa-transfer,mpowerfinancing.com,,
perplexity,How do H1B transfers work when switching employers?,main,citations,https://lunellaw.com/blog/h-1b-visa-transfer-guide/,lunellaw.com,,
perplexity,How do H1B transfers work when switching employers?,main,citations,https://tukki.ai/blog/h1b-visa-transfer-process,tukki.ai,,
perplexity,How do H1B transfers work when switching employers?,main,citations,https://blog.fastapply.co/h1b-transfer-process-2026,blog.fastapply.co,,
perplexity,How do H1B transfers work when switching employers?,main,sources,https://www.murthy.com/2017/04/20/h1bs-cannot-be-transferred-misconceptions-around-h1b-employment-change/,murthy.com,,
perplexity,How do H1B transfers work when switching employers?,main,sources,https://www.davidsonmorris.com/h1b-transfer/,davidsonmorris.com,,
perplexity,How do H1B transfers work when switching employers?,main,sources,https://www.boundless.com/immigration-resources/h-1b-transfer-process,boundless.com,,
perplexity,How do H1B transfers work when switching employers?,main,sources,https://www.ellis.com/resources/understanding-h-1b-transfers,ellis.com,,
perplexity,How do H1B transfers work when switching employers?,main,sources,https://www.dewit.law/changing-employers-on-h1b/,dewit.law,,
perplexity,How do H1B transfers work when switching employers?,main,sources,https://immigrationhelpla.com/h1b-visa-transfer/,immigrationhelpla.com,,
perplexity,How do H1B transfers work when switching employers?,main,sources,https://www.mpowerfinancing.com/immigration-tips/h1b-visa-transfer,mpowerfinancing.com,,
perplexity,How do H1B transfers work when switching employers?,main,sources,https://lunellaw.com/blog/h-1b-visa-transfer-guide/,lunellaw.com,,
perplexity,How do H1B transfers work when switching employers?,main,sources,https://tukki.ai/blog/h1b-visa-transfer-process,tukki.ai,,
perplexity,How do H1B transfers work when switching employers?,main,sources,https://blog.fastapply.co/h1b-transfer-process-2026,blog.fastapply.co,,
perplexity,How do cost of living adjustments work for remote employees?,main,citations,https://remote.com/blog/insights-center/remote-compensation,remote.com,,
perplexity,How do cost of living adjustments work for remote employees?,main,citations,https://hiring.monster.com/resources/recruiting-strategies/compensation/how-to-pay-remote-workers/,hiring.monster.com,,
perplexity,How do cost of living adjustments work for remote employees?,main,citations,https://roamjobs.com/terms/cost-of-living-adjustment/,roamjobs.com,,
perplexity,How do cost of living adjustments work for remote employees?,main,citations,https://hrexecutive.com/managing-cost-of-living-differences-for-pay-in-a-remote-world/,hrexecutive.com,,
perplexity,How do cost of living adjustments work for remote employees?,main,citations,https://nextmantra.ai/blog/remote-work-salary-adjustments,nextmantra.ai,,
perplexity,How do cost of living adjustments work for remote employees?,main,citations,https://www.mbkcpa.com/should-you-adjust-pay-rates-for-remote-employees-living-in-lower-cost-locations,mbkcpa.com,,
perplexity,How do cost of living adjustments work for remote employees?,main,citations,https://www.shrm.org/topics-tools/news/benefits-compensation/remote-workers-expect-pay-to-reflect-locations,shrm.org,,
perplexity,How do cost of living adjustments work for remote employees?,main,citations,https://weshine.com/blog/understanding-the-cost-of-living-when-setting-salaries-for-remote-workers,weshine.com,,
perplexity,How do cost of living adjustments work for remote employees?,main,citations,https://nohq.co/blog/locally-adjusted-salaries-for-remote-workers/,nohq.co,,
perplexity,How do cost of living adjustments work for remote employees?,main,citations,https://www.kickresume.com/en/blog/how-to-pay-remote-employees/,kickresume.com,,
perplexity,How do cost of living adjustments work for remote employees?,main,sources,https://remote.com/blog/insights-center/remote-compensation,remote.com,,
perplexity,How do cost of living adjustments work for remote employees?,main,sources,https://hiring.monster.com/resources/recruiting-strategies/compensation/how-to-pay-remote-workers/,hiring.monster.com,,
perplexity,How do cost of living adjustments work for remote employees?,main,sources,https://roamjobs.com/terms/cost-of-living-adjustment/,roamjobs.com,,
perplexity,How do cost of living adjustments work for remote employees?,main,sources,https://hrexecutive.com/managing-cost-of-living-differences-for-pay-in-a-remote-world/,hrexecutive.com,,
perplexity,How do cost of living adjustments work for remote employees?,main,sources,https://nextmantra.ai/blog/remote-work-salary-adjustments,nextmantra.ai,,
perplexity,How do cost of living adjustments work for remote employees?,main,sources,https://www.mbkcpa.com/should-you-adjust-pay-rates-for-remote-employees-living-in-lower-cost-locations,mbkcpa.com,,
perplexity,How do cost of living adjustments work for remote employees?,main,sources,https://www.shrm.org/topics-tools/news/benefits-compensation/remote-workers-expect-pay-to-reflect-locations,shrm.org,,
perplexity,How do cost of living adjustments work for remote employees?,main,sources,https://weshine.com/blog/understanding-the-cost-of-living-when-setting-salaries-for-remote-workers,weshine.com,,
perplexity,How do cost of living adjustments work for remote employees?,main,sources,https://nohq.co/blog/locally-adjusted-salaries-for-remote-workers/,nohq.co,,
perplexity,How do cost of living adjustments work for remote employees?,main,sources,https://www.kickresume.com/en/blog/how-to-pay-remote-employees/,kickresume.com,,
perplexity,What do marketers say about switching from Mailchimp to Klaviyo?,main,citations,https://www.klaviyo.com/uk/blog/5-brands-finding-success-by-cancelling-mailchimp,klaviyo.com,,
perplexity,What do marketers say about switching from Mailchimp to Klaviyo?,main,citations,https://www.klaviyo.com/blog/5-brands-finding-success-by-canceling-mailchimp,klaviyo.com,,
perplexity,What do marketers say about switching from Mailchimp to Klaviyo?,main,citations,https://zapier.com/blog/klaviyo-vs-mailchimp/,zapier.com,,
perplexity,What do marketers say about switching from Mailchimp to Klaviyo?,main,citations,https://www.mailercloud.com/blog/klaviyo-vs-mailchimp,mailercloud.com,,
perplexity,What do marketers say about switching from Mailchimp to Klaviyo?,main,citations,https://mailchimp.com/resources/mailchimp-vs-klaviyo/,mailchimp.com,,
perplexity,What do marketers say about switching from Mailchimp to Klaviyo?,main,citations,https://www.klaviyo.com/compare/klaviyo-vs-mailchimp,klaviyo.com,,
perplexity,What do marketers say about switching from Mailchimp to Klaviyo?,main,citations,https://moosend.com/blog/klaviyo-vs-mailchimp/,moosend.com,,
perplexity,What do marketers say about switching from Mailchimp to Klaviyo?,main,citations,https://technologytherapy.com/reasons-to-switch-from-mailchimp-to-klaviyo/,technologytherapy.com,,
perplexity,What do marketers say about switching from Mailchimp to Klaviyo?,main,citations,https://www.20northmarketing.com/blog/klaviyo-vs-mailchimp,20northmarketing.com,,
perplexity,What do marketers say about switching from Mailchimp to Klaviyo?,main,citations,https://learn.g2.com/klaviyo-vs-mailchimp,learn.g2.com,,
perplexity,What do marketers say about switching from Mailchimp to Klaviyo?,main,sources,https://www.klaviyo.com/uk/blog/5-brands-finding-success-by-cancelling-mailchimp,klaviyo.com,,
perplexity,What do marketers say about switching from Mailchimp to Klaviyo?,main,sources,https://www.klaviyo.com/blog/5-brands-finding-success-by-canceling-mailchimp,klaviyo.com,,
perplexity,What do marketers say about switching from Mailchimp to Klaviyo?,main,sources,https://zapier.com/blog/klaviyo-vs-mailchimp/,zapier.com,,
perplexity,What do marketers say about switching from Mailchimp to Klaviyo?,main,sources,https://www.mailercloud.com/blog/klaviyo-vs-mailchimp,mailercloud.com,,
perplexity,What do marketers say about switching from Mailchimp to Klaviyo?,main,sources,https://mailchimp.com/resources/mailchimp-vs-klaviyo/,mailchimp.com,,
perplexity,What do marketers say about switching from Mailchimp to Klaviyo?,main,sources,https://www.klaviyo.com/compare/klaviyo-vs-mailchimp,klaviyo.com,,
perplexity,What do marketers say about switching from Mailchimp to Klaviyo?,main,sources,https://moosend.com/blog/klaviyo-vs-mailchimp/,moosend.com,,
perplexity,What do marketers say about switching from Mailchimp to Klaviyo?,main,sources,https://technologytherapy.com/reasons-to-switch-from-mailchimp-to-klaviyo/,technologytherapy.com,,
perplexity,What do marketers say about switching from Mailchimp to Klaviyo?,main,sources,https://www.20northmarketing.com/blog/klaviyo-vs-mailchimp,20northmarketing.com,,
perplexity,What do marketers say about switching from Mailchimp to Klaviyo?,main,sources,https://learn.g2.com/klaviyo-vs-mailchimp,learn.g2.com,,
perplexity,What is the difference between a data warehouse and a data lake?,main,citations,https://cloud.google.com/discover/data-lake-vs-data-warehouse,cloud.google.com,,
perplexity,What is the difference between a data warehouse and a data lake?,main,citations,https://www.databricks.com/blog/data-lakes-vs-data-warehouses-what-your-organization-needs-know,databricks.com,,
perplexity,What is the difference between a data warehouse and a data lake?,main,citations,https://www.splunk.com/en_us/blog/learn/data-warehouse-vs-data-lake.html,splunk.com,,
perplexity,What is the difference between a data warehouse and a data lake?,main,citations,https://www.coursera.org/articles/data-lake-vs-data-warehouse,coursera.org,,
perplexity,What is the difference between a data warehouse and a data lake?,main,citations,https://www.qlik.com/us/data-lake/data-lake-vs-data-warehouse,qlik.com,,
perplexity,What is the difference between a data warehouse and a data lake?,main,citations,https://montecarlo.ai/blog-data-warehouse-vs-data-lake-vs-data-lakehouse-definitions-similarities-and-differences,montecarlo.ai,,
perplexity,What is the difference between a data warehouse and a data lake?,main,citations,https://www.exasol.com/hub/data-warehouse/vs-data-lake/,exasol.com,,
perplexity,What is the difference between a data warehouse and a data lake?,main,citations,https://lumenalta.com/insights/data-lakes-vs-data-warehouses,lumenalta.com,,
perplexity,What is the difference between a data warehouse and a data lake?,main,citations,https://cloudian.com/guides/data-lake/data-warehouse-vs-data-lake/,cloudian.com,,
perplexity,What is the difference between a data warehouse and a data lake?,main,citations,https://www.reddit.com/r/dataengineering/comments/skrkoj/what_is_difference_between_data_warehouse_and/,reddit.com,,
perplexity,What is the difference between a data warehouse and a data lake?,main,sources,https://cloud.google.com/discover/data-lake-vs-data-warehouse,cloud.google.com,,
perplexity,What is the difference between a data warehouse and a data lake?,main,sources,https://www.databricks.com/blog/data-lakes-vs-data-warehouses-what-your-organization-needs-know,databricks.com,,
perplexity,What is the difference between a data warehouse and a data lake?,main,sources,https://www.splunk.com/en_us/blog/learn/data-warehouse-vs-data-lake.html,splunk.com,,
perplexity,What is the difference between a data warehouse and a data lake?,main,sources,https://www.coursera.org/articles/data-lake-vs-data-warehouse,coursera.org,,
perplexity,What is the difference between a data warehouse and a data lake?,main,sources,https://www.qlik.com/us/data-lake/data-lake-vs-data-warehouse,qlik.com,,
perplexity,What is the difference between a data warehouse and a data lake?,main,sources,https://montecarlo.ai/blog-data-warehouse-vs-data-lake-vs-data-lakehouse-definitions-similarities-and-differences,montecarlo.ai,,
perplexity,What is the difference between a data warehouse and a data lake?,main,sources,https://www.exasol.com/hub/data-warehouse/vs-data-lake/,exasol.com,,
perplexity,What is the difference between a data warehouse and a data lake?,main,sources,https://lumenalta.com/insights/data-lakes-vs-data-warehouses,lumenalta.com,,
perplexity,What is the difference between a data warehouse and a data lake?,main,sources,https://cloudian.com/guides/data-lake/data-warehouse-vs-data-lake/,cloudian.com,,
perplexity,What is the difference between a data warehouse and a data lake?,main,sources,https://www.reddit.com/r/dataengineering/comments/skrkoj/what_is_difference_between_data_warehouse_and/,reddit.com,,
perplexity,What is the difference between a scrum master and a product owner?,main,citations,https://www.bmc.com/blogs/product-owner-product-manager-scrum-master/,bmc.com,,
perplexity,What is the difference between a scrum master and a product owner?,main,citations,https://scaledagile.com/blog/scrum-master-vs-product-owner/,scaledagile.com,,
perplexity,What is the difference between a scrum master and a product owner?,main,citations,https://www.parabol.co/blog/scrum-master-vs-product-owner/,parabol.co,,
perplexity,What is the difference between a scrum master and a product owner?,main,citations,https://dcmlearning.ie/scrum-resources/the-key-differences-between-a-scrum-master-and-product-owner.html,dcmlearning.ie,,
perplexity,What is the difference between a scrum master and a product owner?,main,citations,https://www.techademy.com/scrum-master-vs-product-owner,techademy.com,,
perplexity,What is the difference between a scrum master and a product owner?,main,citations,https://www.knowledgehut.com/blog/agile/scrum-master-and-product-owner-understanding-the-differences,knowledgehut.com,,
perplexity,What is the difference between a scrum master and a product owner?,main,citations,https://www.geeksforgeeks.org/blogs/difference-between-scrum-master-and-product-owner/,geeksforgeeks.org,,
perplexity,What is the difference between a scrum master and a product owner?,main,citations,https://premieragile.com/difference-between-scrum-master-and-product-owner/,premieragile.com,,
perplexity,What is the difference between a scrum master and a product owner?,main,citations,https://www.spinach.ai/blog/product-owner-vs-scrum-master,spinach.ai,,
perplexity,What is the difference between a scrum master and a product owner?,main,citations,https://www.techademy.com/product-owner-vs-scrum-master,techademy.com,,
perplexity,What is the difference between a scrum master and a product owner?,main,sources,https://www.bmc.com/blogs/product-owner-product-manager-scrum-master/,bmc.com,,
perplexity,What is the difference between a scrum master and a product owner?,main,sources,https://scaledagile.com/blog/scrum-master-vs-product-owner/,scaledagile.com,,
perplexity,What is the difference between a scrum master and a product owner?,main,sources,https://www.parabol.co/blog/scrum-master-vs-product-owner/,parabol.co,,
perplexity,What is the difference between a scrum master and a product owner?,main,sources,https://dcmlearning.ie/scrum-resources/the-key-differences-between-a-scrum-master-and-product-owner.html,dcmlearning.ie,,
perplexity,What is the difference between a scrum master and a product owner?,main,sources,https://www.techademy.com/scrum-master-vs-product-owner,techademy.com,,
perplexity,What is the difference between a scrum master and a product owner?,main,sources,https://www.knowledgehut.com/blog/agile/scrum-master-and-product-owner-understanding-the-differences,knowledgehut.com,,
perplexity,What is the difference between a scrum master and a product owner?,main,sources,https://www.geeksforgeeks.org/blogs/difference-between-scrum-master-and-product-owner/,geeksforgeeks.org,,
perplexity,What is the difference between a scrum master and a product owner?,main,sources,https://premieragile.com/difference-between-scrum-master-and-product-owner/,premieragile.com,,
perplexity,What is the difference between a scrum master and a product owner?,main,sources,https://www.spinach.ai/blog/product-owner-vs-scrum-master,spinach.ai,,
perplexity,What is the difference between a scrum master and a product owner?,main,sources,https://www.techademy.com/product-owner-vs-scrum-master,techademy.com,,
perplexity,What is the difference between a CRM and a CDP?,main,citations,https://www.acquia.com/blog/where-does-crm-end-and-cdp-begin-brief-history-cdp,acquia.com,,
perplexity,What is the difference between a CRM and a CDP?,main,citations,https://www.twilio.com/en-us/blog/insights/data/crm-vs-cdp,twilio.com,,
perplexity,What is the difference between a CRM and a CDP?,main,citations,https://business.adobe.com/blog/basics/cdp-vs-crm-learn-the-main-differences,business.adobe.com,,
perplexity,What is the difference between a CRM and a CDP?,main,citations,https://www.contentstack.com/blog/cdp/customer-data-platform-vs-crm-what-s-right-for-your-business,contentstack.com,,
perplexity,What is the difference between a CRM and a CDP?,main,citations,https://mailchimp.com/resources/cdp-vs-crm/,mailchimp.com,,
perplexity,What is the difference between a CRM and a CDP?,main,citations,https://www.cmswire.com/customer-experience/whats-the-difference-between-a-crm-and-a-cdp-and-why-you-should-care/,cmswire.com,,
perplexity,What is the difference between a CRM and a CDP?,main,citations,https://www.mparticle.com/blog/cdp-vs-crm/,mparticle.com,,
perplexity,What is the difference between a CRM and a CDP?,main,citations,https://stape.io/blog/cdp-vs-crm,stape.io,,
perplexity,What is the difference between a CRM and a CDP?,main,citations,https://cdp.com/articles/cdp-vs-crm-martech/,cdp.com,,
perplexity,What is the difference between a CRM and a CDP?,main,citations,https://cdp.com/basics/cdp-vs-dmp-vs-crm-differences-similarities-and-best-practices/,cdp.com,,
perplexity,What is the difference between a CRM and a CDP?,main,sources,https://www.acquia.com/blog/where-does-crm-end-and-cdp-begin-brief-history-cdp,acquia.com,,
perplexity,What is the difference between a CRM and a CDP?,main,sources,https://www.twilio.com/en-us/blog/insights/data/crm-vs-cdp,twilio.com,,
perplexity,What is the difference between a CRM and a CDP?,main,sources,https://business.adobe.com/blog/basics/cdp-vs-crm-learn-the-main-differences,business.adobe.com,,
perplexity,What is the difference between a CRM and a CDP?,main,sources,https://www.contentstack.com/blog/cdp/customer-data-platform-vs-crm-what-s-right-for-your-business,contentstack.com,,
perplexity,What is the difference between a CRM and a CDP?,main,sources,https://mailchimp.com/resources/cdp-vs-crm/,mailchimp.com,,
perplexity,What is the difference between a CRM and a CDP?,main,sources,https://www.cmswire.com/customer-experience/whats-the-difference-between-a-crm-and-a-cdp-and-why-you-should-care/,cmswire.com,,
perplexity,What is the difference between a CRM and a CDP?,main,sources,https://www.mparticle.com/blog/cdp-vs-crm/,mparticle.com,,
perplexity,What is the difference between a CRM and a CDP?,main,sources,https://stape.io/blog/cdp-vs-crm,stape.io,,
perplexity,What is the difference between a CRM and a CDP?,main,sources,https://cdp.com/articles/cdp-vs-crm-martech/,cdp.com,,
perplexity,What is the difference between a CRM and a CDP?,main,sources,https://cdp.com/basics/cdp-vs-dmp-vs-crm-differences-similarities-and-best-practices/,cdp.com,,
perplexity,What do finance teams complain about most in NetSuite?,main,citations,https://www.brainsell.com/blog/common-netsuite-complaints/,brainsell.com,,
perplexity,What do finance teams complain about most in NetSuite?,main,citations,https://www.capterra.com/p/135757/NetSuite/reviews/?page=2,capterra.com,,
perplexity,What do finance teams complain about most in NetSuite?,main,citations,https://www.legionintel.com/blog/why-finance-teams-still-leave-netsuite-to-get-work-done,legionintel.com,,
perplexity,What do finance teams complain about most in NetSuite?,main,citations,https://meridianbusiness.com/top-financial-problems-that-netsuite-solves/,meridianbusiness.com,,
perplexity,What do finance teams complain about most in NetSuite?,main,citations,https://www.reddit.com/r/Netsuite/comments/1gwd39h/question_whats_your_biggest_pain_point_been_with/,reddit.com,,
perplexity,What do finance teams complain about most in NetSuite?,main,citations,https://www.reddit.com/r/Netsuite/comments/1sbhc4x/whats_your_biggest_netsuite_pain_point_these_days/,reddit.com,,
perplexity,What do finance teams complain about most in NetSuite?,main,citations,https://painsignal.net/tools/netsuite,painsignal.net,,
perplexity,What do finance teams complain about most in NetSuite?,main,citations,https://www.legionintel.com/blog/the-automation-gap-in-netsuite-where-finance-teams-still-struggle,legionintel.com,,
perplexity,What do finance teams complain about most in NetSuite?,main,citations,https://www.reddit.com/r/Netsuite/comments/1tjv3nq/is_netsuite_just_clunky_or_am_i_missing_something/,reddit.com,,
perplexity,What do finance teams complain about most in NetSuite?,main,citations,https://www.capterra.com/p/135757/NetSuite/reviews/,capterra.com,,
perplexity,What do finance teams complain about most in NetSuite?,main,sources,https://www.brainsell.com/blog/common-netsuite-complaints/,brainsell.com,,
perplexity,What do finance teams complain about most in NetSuite?,main,sources,https://www.capterra.com/p/135757/NetSuite/reviews/?page=2,capterra.com,,
perplexity,What do finance teams complain about most in NetSuite?,main,sources,https://www.legionintel.com/blog/why-finance-teams-still-leave-netsuite-to-get-work-done,legionintel.com,,
perplexity,What do finance teams complain about most in NetSuite?,main,sources,https://meridianbusiness.com/top-financial-problems-that-netsuite-solves/,meridianbusiness.com,,
perplexity,What do finance teams complain about most in NetSuite?,main,sources,https://www.reddit.com/r/Netsuite/comments/1gwd39h/question_whats_your_biggest_pain_point_been_with/,reddit.com,,
perplexity,What do finance teams complain about most in NetSuite?,main,sources,https://www.reddit.com/r/Netsuite/comments/1sbhc4x/whats_your_biggest_netsuite_pain_point_these_days/,reddit.com,,
perplexity,What do finance teams complain about most in NetSuite?,main,sources,https://painsignal.net/tools/netsuite,painsignal.net,,
perplexity,What do finance teams complain about most in NetSuite?,main,sources,https://www.legionintel.com/blog/the-automation-gap-in-netsuite-where-finance-teams-still-struggle,legionintel.com,,
perplexity,What do finance teams complain about most in NetSuite?,main,sources,https://www.reddit.com/r/Netsuite/comments/1tjv3nq/is_netsuite_just_clunky_or_am_i_missing_something/,reddit.com,,
perplexity,What do finance teams complain about most in NetSuite?,main,sources,https://www.capterra.com/p/135757/NetSuite/reviews/,capterra.com,,
perplexity,How do seat based and consumption based licensing compare?,main,citations,https://schematichq.com/blog/seat-based-pricing-101-the-classic-saas-model-that-still-works-sometimes,schematichq.com,,
perplexity,How do seat based and consumption based licensing compare?,main,citations,https://discover.gtmplaybook.co/usage-based-vs-seat-based-pricing,discover.gtmplaybook.co,,
perplexity,How do seat based and consumption based licensing compare?,main,citations,https://www.revenera.com/software-monetization/glossary/consumption-based-licensing,revenera.com,,
perplexity,How do seat based and consumption based licensing compare?,main,citations,https://www.devprojournal.com/software-development-trends/all-you-can-eat-a-guide-to-consumption-based-licensing/,devprojournal.com,,
perplexity,How do seat based and consumption based licensing compare?,main,citations,https://tierly.app/blog/per-seat-vs-usage-based-pricing,tierly.app,,
perplexity,How do seat based and consumption based licensing compare?,main,citations,https://www.pertamapartners.com/insights/per-seat-vs-consumption-pricing-ai,pertamapartners.com,,
perplexity,How do seat based and consumption based licensing compare?,main,citations,https://b2bgrowthhacking.com/guides/usage-based-vs-per-seat-pricing,b2bgrowthhacking.com,,
perplexity,How do seat based and consumption based licensing compare?,main,citations,https://blog.alguna.com/seat-based-pricing/,blog.alguna.com,,
perplexity,How do seat based and consumption based licensing compare?,main,citations,https://www.ideaplan.io/compare/usage-based-vs-seat-based-pricing,ideaplan.io,,
perplexity,How do seat based and consumption based licensing compare?,main,citations,https://medium.com/@Salable2022/usage-based-vs-per-seat-saas-pricing-models-how-to-charge-your-customers-45bed0bd2623,medium.com,,
perplexity,How do seat based and consumption based licensing compare?,main,sources,https://schematichq.com/blog/seat-based-pricing-101-the-classic-saas-model-that-still-works-sometimes,schematichq.com,,
perplexity,How do seat based and consumption based licensing compare?,main,sources,https://discover.gtmplaybook.co/usage-based-vs-seat-based-pricing,discover.gtmplaybook.co,,
perplexity,How do seat based and consumption based licensing compare?,main,sources,https://www.revenera.com/software-monetization/glossary/consumption-based-licensing,revenera.com,,
perplexity,How do seat based and consumption based licensing compare?,main,sources,https://www.devprojournal.com/software-development-trends/all-you-can-eat-a-guide-to-consumption-based-licensing/,devprojournal.com,,
perplexity,How do seat based and consumption based licensing compare?,main,sources,https://tierly.app/blog/per-seat-vs-usage-based-pricing,tierly.app,,
perplexity,How do seat based and consumption based licensing compare?,main,sources,https://www.pertamapartners.com/insights/per-seat-vs-consumption-pricing-ai,pertamapartners.com,,
perplexity,How do seat based and consumption based licensing compare?,main,sources,https://b2bgrowthhacking.com/guides/usage-based-vs-per-seat-pricing,b2bgrowthhacking.com,,
perplexity,How do seat based and consumption based licensing compare?,main,sources,https://blog.alguna.com/seat-based-pricing/,blog.alguna.com,,
perplexity,How do seat based and consumption based licensing compare?,main,sources,https://www.ideaplan.io/compare/usage-based-vs-seat-based-pricing,ideaplan.io,,
perplexity,How do seat based and consumption based licensing compare?,main,sources,https://medium.com/@Salable2022/usage-based-vs-per-seat-saas-pricing-models-how-to-charge-your-customers-45bed0bd2623,medium.com,,
perplexity,What do people wish they knew before accepting a director role?,main,citations,https://careerservices.upenn.edu/blog/2020/05/13/leading-the-way-7-executive-directors-share-their-tips-for-success/,careerservices.upenn.edu,,
perplexity,What do people wish they knew before accepting a director role?,main,citations,https://www.honeycomb.io/blog/nothing-prepares-you-first-director-role,honeycomb.io,,
perplexity,What do people wish they knew before accepting a director role?,main,citations,https://www.reddit.com/r/managers/comments/1lhes5m/accidentally_landed_a_director_role_first_time/,reddit.com,,
perplexity,What do people wish they knew before accepting a director role?,main,citations,https://www.linkedin.com/posts/helenapaschal_5-things-i-wish-i-knew-before-becoming-a-activity-7413972596649508864-Lkf2,linkedin.com,posts,
perplexity,What do people wish they knew before accepting a director role?,main,citations,https://www.rubick.com/advice-for-new-directors/,rubick.com,,
perplexity,What do people wish they knew before accepting a director role?,main,citations,https://www.reddit.com/r/managers/comments/1janhlo/for_managers_who_made_it_up_to_the/,reddit.com,,
perplexity,What do people wish they knew before accepting a director role?,main,citations,https://www.reddit.com/r/managers/comments/1k3gvkl/do_all_director_jobs_suck/,reddit.com,,
perplexity,What do people wish they knew before accepting a director role?,main,citations,https://www.reddit.com/r/CanadaPublicServants/comments/ym3jsc/has_anyone_taken_a_director_job_and_been_glad/,reddit.com,,
perplexity,What do people wish they knew before accepting a director role?,main,citations,https://www.reddit.com/r/Leadership/comments/1q0wk7q/question_discussion_what_are_things_you_wish_you/,reddit.com,,
perplexity,What do people wish they knew before accepting a director role?,main,citations,https://www.cyburbia.org/forums/threads/just-got-hired-as-a-director-what-should-i-know.57870/,cyburbia.org,,
perplexity,What do people wish they knew before accepting a director role?,main,sources,https://careerservices.upenn.edu/blog/2020/05/13/leading-the-way-7-executive-directors-share-their-tips-for-success/,careerservices.upenn.edu,,
perplexity,What do people wish they knew before accepting a director role?,main,sources,https://www.honeycomb.io/blog/nothing-prepares-you-first-director-role,honeycomb.io,,
perplexity,What do people wish they knew before accepting a director role?,main,sources,https://www.reddit.com/r/managers/comments/1lhes5m/accidentally_landed_a_director_role_first_time/,reddit.com,,
perplexity,What do people wish they knew before accepting a director role?,main,sources,https://www.linkedin.com/posts/helenapaschal_5-things-i-wish-i-knew-before-becoming-a-activity-7413972596649508864-Lkf2,linkedin.com,posts,
perplexity,What do people wish they knew before accepting a director role?,main,sources,https://www.rubick.com/advice-for-new-directors/,rubick.com,,
perplexity,What do people wish they knew before accepting a director role?,main,sources,https://www.reddit.com/r/managers/comments/1janhlo/for_managers_who_made_it_up_to_the/,reddit.com,,
perplexity,What do people wish they knew before accepting a director role?,main,sources,https://www.reddit.com/r/managers/comments/1k3gvkl/do_all_director_jobs_suck/,reddit.com,,
perplexity,What do people wish they knew before accepting a director role?,main,sources,https://www.reddit.com/r/CanadaPublicServants/comments/ym3jsc/has_anyone_taken_a_director_job_and_been_glad/,reddit.com,,
perplexity,What do people wish they knew before accepting a director role?,main,sources,https://www.reddit.com/r/Leadership/comments/1q0wk7q/question_discussion_what_are_things_you_wish_you/,reddit.com,,
perplexity,What do people wish they knew before accepting a director role?,main,sources,https://www.cyburbia.org/forums/threads/just-got-hired-as-a-director-what-should-i-know.57870/,cyburbia.org,,
perplexity,What do managers say makes one on ones actually useful?,main,citations,https://www.cultureamp.com/blog/the-importance-of-1-on-1-meetings,cultureamp.com,,
perplexity,What do managers say makes one on ones actually useful?,main,citations,https://hbr.org/podcast/2024/01/supercharge-your-one-on-one-meetings,hbr.org,,
perplexity,What do managers say makes one on ones actually useful?,main,citations,https://americanpressinstitute.org/make-one-on-ones-about-development-not-status-updates/,americanpressinstitute.org,,
perplexity,What do managers say makes one on ones actually useful?,main,citations,https://lattice.com/articles/the-ultimate-guide-to-one-on-ones,lattice.com,,
perplexity,What do managers say makes one on ones actually useful?,main,citations,https://www.library.hbs.edu/working-knowledge/master-the-one-on-one-meeting,library.hbs.edu,,
perplexity,What do managers say makes one on ones actually useful?,main,citations,https://www.physicianleaders.org/articles/make-the-most-of-your-one-on-one-meetings,physicianleaders.org,,
perplexity,What do managers say makes one on ones actually useful?,main,citations,https://www.reddit.com/r/managers/comments/17mafet/how_effective_are_your_one_on_one_with_your/,reddit.com,,
perplexity,What do managers say makes one on ones actually useful?,main,citations,https://news.ycombinator.com/item?id=43337028,news.ycombinator.com,,
perplexity,What do managers say makes one on ones actually useful?,main,citations,https://www.spinach.ai/one-on-one-meeting-guide,spinach.ai,,
perplexity,What do managers say makes one on ones actually useful?,main,citations,https://carlycaminiti.com/blog/effective-one-on-one-meetings,carlycaminiti.com,,
perplexity,What do managers say makes one on ones actually useful?,main,sources,https://www.cultureamp.com/blog/the-importance-of-1-on-1-meetings,cultureamp.com,,
perplexity,What do managers say makes one on ones actually useful?,main,sources,https://hbr.org/podcast/2024/01/supercharge-your-one-on-one-meetings,hbr.org,,
perplexity,What do managers say makes one on ones actually useful?,main,sources,https://americanpressinstitute.org/make-one-on-ones-about-development-not-status-updates/,americanpressinstitute.org,,
perplexity,What do managers say makes one on ones actually useful?,main,sources,https://lattice.com/articles/the-ultimate-guide-to-one-on-ones,lattice.com,,
perplexity,What do managers say makes one on ones actually useful?,main,sources,https://www.library.hbs.edu/working-knowledge/master-the-one-on-one-meeting,library.hbs.edu,,
perplexity,What do managers say makes one on ones actually useful?,main,sources,https://www.physicianleaders.org/articles/make-the-most-of-your-one-on-one-meetings,physicianleaders.org,,
perplexity,What do managers say makes one on ones actually useful?,main,sources,https://www.reddit.com/r/managers/comments/17mafet/how_effective_are_your_one_on_one_with_your/,reddit.com,,
perplexity,What do managers say makes one on ones actually useful?,main,sources,https://news.ycombinator.com/item?id=43337028,news.ycombinator.com,,
perplexity,What do managers say makes one on ones actually useful?,main,sources,https://www.spinach.ai/one-on-one-meeting-guide,spinach.ai,,
perplexity,What do managers say makes one on ones actually useful?,main,sources,https://carlycaminiti.com/blog/effective-one-on-one-meetings,carlycaminiti.com,,
perplexity,Is it worth taking a pay cut to join an early stage startup?,main,citations,https://jobsbyculture.com/blog/should-i-take-pay-cut-for-startup-2026,jobsbyculture.com,,
perplexity,Is it worth taking a pay cut to join an early stage startup?,main,citations,https://www.reddit.com/r/cscareerquestions/comments/10svajx/taking_pay_cut_for_startup_advise_please/,reddit.com,,
perplexity,Is it worth taking a pay cut to join an early stage startup?,main,citations,https://www.reddit.com/r/fatFIRE/comments/rvgfb8/am_i_an_idiot_if_i_take_a_50_paycut_to_join_a/,reddit.com,,
perplexity,Is it worth taking a pay cut to join an early stage startup?,main,citations,https://www.reddit.com/r/careerguidance/comments/15js9sc/has_anyone_taken_a_pay_cut_to_join_an_earlystage/,reddit.com,,
perplexity,Is it worth taking a pay cut to join an early stage startup?,main,citations,https://www.bogleheads.org/forum/viewtopic.php?t=455807,bogleheads.org,,
perplexity,Is it worth taking a pay cut to join an early stage startup?,main,citations,https://www.reddit.com/r/startups/comments/ozigl9/considering_joining_a_startup_need_help/,reddit.com,,
perplexity,Is it worth taking a pay cut to join an early stage startup?,main,citations,https://news.ycombinator.com/item?id=19493206,news.ycombinator.com,,
perplexity,Is it worth taking a pay cut to join an early stage startup?,main,citations,https://www.reddit.com/r/startups/comments/1cjofdq/how_much_of_a_pay_cut_do_you_realistically_take/,reddit.com,,
perplexity,Is it worth taking a pay cut to join an early stage startup?,main,citations,https://news.ycombinator.com/item?id=18277919,news.ycombinator.com,,
perplexity,Is it worth taking a pay cut to join an early stage startup?,main,citations,https://www.fishbowlapp.com/post/when-is-it-worth-it-to-take-a-pay-cut-received-an-offer-from-a-startup-today-the-salary-they-are-offering-me-is-30-below-my,fishbowlapp.com,,
perplexity,Is it worth taking a pay cut to join an early stage startup?,main,sources,https://jobsbyculture.com/blog/should-i-take-pay-cut-for-startup-2026,jobsbyculture.com,,
perplexity,Is it worth taking a pay cut to join an early stage startup?,main,sources,https://www.reddit.com/r/cscareerquestions/comments/10svajx/taking_pay_cut_for_startup_advise_please/,reddit.com,,
perplexity,Is it worth taking a pay cut to join an early stage startup?,main,sources,https://www.reddit.com/r/fatFIRE/comments/rvgfb8/am_i_an_idiot_if_i_take_a_50_paycut_to_join_a/,reddit.com,,
perplexity,Is it worth taking a pay cut to join an early stage startup?,main,sources,https://www.reddit.com/r/careerguidance/comments/15js9sc/has_anyone_taken_a_pay_cut_to_join_an_earlystage/,reddit.com,,
perplexity,Is it worth taking a pay cut to join an early stage startup?,main,sources,https://www.bogleheads.org/forum/viewtopic.php?t=455807,bogleheads.org,,
perplexity,Is it worth taking a pay cut to join an early stage startup?,main,sources,https://www.reddit.com/r/startups/comments/ozigl9/considering_joining_a_startup_need_help/,reddit.com,,
perplexity,Is it worth taking a pay cut to join an early stage startup?,main,sources,https://news.ycombinator.com/item?id=19493206,news.ycombinator.com,,
perplexity,Is it worth taking a pay cut to join an early stage startup?,main,sources,https://www.reddit.com/r/startups/comments/1cjofdq/how_much_of_a_pay_cut_do_you_realistically_take/,reddit.com,,
perplexity,Is it worth taking a pay cut to join an early stage startup?,main,sources,https://news.ycombinator.com/item?id=18277919,news.ycombinator.com,,
perplexity,Is it worth taking a pay cut to join an early stage startup?,main,sources,https://www.fishbowlapp.com/post/when-is-it-worth-it-to-take-a-pay-cut-received-an-offer-from-a-startup-today-the-salary-they-are-offering-me-is-30-below-my,fishbowlapp.com,,
perplexity,Do four day work weeks actually work for companies that tried them?,main,citations,https://www.bbc.com/worklife/article/20230319-four-day-workweek-trial-the-firms-where-it-didnt-work,bbc.com,,
perplexity,Do four day work weeks actually work for companies that tried them?,main,citations,https://www.npr.org/2024/02/27/1234271434/4-day-workweek-successful-a-year-later-in-uk,npr.org,,
perplexity,Do four day work weeks actually work for companies that tried them?,main,citations,https://abcnews.com/Business/4-day-workweek-work-companies-share-results-after/story?id=107635577,abcnews.com,,
perplexity,Do four day work weeks actually work for companies that tried them?,main,citations,https://mgaleg.maryland.gov/cmte_testimony/2024/fin/1Z7cJqwZB-VALczY9QJ8VbrhD_VYDlf_z.pdf,mgaleg.maryland.gov,,
perplexity,Do four day work weeks actually work for companies that tried them?,main,citations,https://sloanreview.mit.edu/article/four-day-workweek-make-it-stick/,sloanreview.mit.edu,,
perplexity,Do four day work weeks actually work for companies that tried them?,main,citations,https://insight.kellogg.northwestern.edu/article/four-day-workweek,insight.kellogg.northwestern.edu,,
perplexity,Do four day work weeks actually work for companies that tried them?,main,citations,https://www.businessinsider.com/4-day-workweek-successful-trial-evidence-productivity-retention-revenue-2023-1,businessinsider.com,,
perplexity,Do four day work weeks actually work for companies that tried them?,main,citations,https://hashtagpeople.substack.com/p/future-of-work-7-the-four-day-work,hashtagpeople.substack.com,,
perplexity,Do four day work weeks actually work for companies that tried them?,main,citations,https://peoplense.com/decisions/should-we-try-a-four-day-workweek,peoplense.com,,
perplexity,Do four day work weeks actually work for companies that tried them?,main,citations,https://www.foxbusiness.com/economy/more-than-60-companies-tried-four-day-work-week-results-show-why-92-are-keeping-it,foxbusiness.com,,
perplexity,Do four day work weeks actually work for companies that tried them?,main,sources,https://www.bbc.com/worklife/article/20230319-four-day-workweek-trial-the-firms-where-it-didnt-work,bbc.com,,
perplexity,Do four day work weeks actually work for companies that tried them?,main,sources,https://www.npr.org/2024/02/27/1234271434/4-day-workweek-successful-a-year-later-in-uk,npr.org,,
perplexity,Do four day work weeks actually work for companies that tried them?,main,sources,https://abcnews.com/Business/4-day-workweek-work-companies-share-results-after/story?id=107635577,abcnews.com,,
perplexity,Do four day work weeks actually work for companies that tried them?,main,sources,https://mgaleg.maryland.gov/cmte_testimony/2024/fin/1Z7cJqwZB-VALczY9QJ8VbrhD_VYDlf_z.pdf,mgaleg.maryland.gov,,
perplexity,Do four day work weeks actually work for companies that tried them?,main,sources,https://sloanreview.mit.edu/article/four-day-workweek-make-it-stick/,sloanreview.mit.edu,,
perplexity,Do four day work weeks actually work for companies that tried them?,main,sources,https://insight.kellogg.northwestern.edu/article/four-day-workweek,insight.kellogg.northwestern.edu,,
perplexity,Do four day work weeks actually work for companies that tried them?,main,sources,https://www.businessinsider.com/4-day-workweek-successful-trial-evidence-productivity-retention-revenue-2023-1,businessinsider.com,,
perplexity,Do four day work weeks actually work for companies that tried them?,main,sources,https://hashtagpeople.substack.com/p/future-of-work-7-the-four-day-work,hashtagpeople.substack.com,,
perplexity,Do four day work weeks actually work for companies that tried them?,main,sources,https://peoplense.com/decisions/should-we-try-a-four-day-workweek,peoplense.com,,
perplexity,Do four day work weeks actually work for companies that tried them?,main,sources,https://www.foxbusiness.com/economy/more-than-60-companies-tried-four-day-work-week-results-show-why-92-are-keeping-it,foxbusiness.com,,
perplexity,What are realistic product manager salaries in 2026?,main,citations,https://www.coursera.org/articles/product-manager-salary,coursera.org,,
perplexity,What are realistic product manager salaries in 2026?,main,citations,https://www.productmanagerjobboard.com/salary,productmanagerjobboard.com,,
perplexity,What are realistic product manager salaries in 2026?,main,citations,https://productschool.com/blog/career-development/product-management-salaries-todays-economy,productschool.com,,
perplexity,What are realistic product manager salaries in 2026?,main,citations,https://www.recruitingfromscratch.com/blog/product-manager-salary-in-2026-real-data-from-1-9-million-job-postings-5e5dd,recruitingfromscratch.com,,
perplexity,What are realistic product manager salaries in 2026?,main,citations,https://dumpsgate.com/product-manager-salary/,dumpsgate.com,,
perplexity,What are realistic product manager salaries in 2026?,main,citations,https://www.ideaplan.io/product-manager-salary,ideaplan.io,,
perplexity,What are realistic product manager salaries in 2026?,main,citations,https://www.jobaajlearnings.com/blog/product-manager-salary-2026,jobaajlearnings.com,,
perplexity,What are realistic product manager salaries in 2026?,main,citations,https://uxcel.com/blog/product-manager-salary-guide-2026,uxcel.com,,
perplexity,What are realistic product manager salaries in 2026?,main,citations,https://cpoclub.com/career/product-manager-salary/,cpoclub.com,,
perplexity,What are realistic product manager salaries in 2026?,main,citations,https://www.cv-by-jd.com/salary-guide/product-manager,cv-by-jd.com,,
perplexity,What are realistic product manager salaries in 2026?,main,sources,https://www.coursera.org/articles/product-manager-salary,coursera.org,,
perplexity,What are realistic product manager salaries in 2026?,main,sources,https://www.productmanagerjobboard.com/salary,productmanagerjobboard.com,,
perplexity,What are realistic product manager salaries in 2026?,main,sources,https://productschool.com/blog/career-development/product-management-salaries-todays-economy,productschool.com,,
perplexity,What are realistic product manager salaries in 2026?,main,sources,https://www.recruitingfromscratch.com/blog/product-manager-salary-in-2026-real-data-from-1-9-million-job-postings-5e5dd,recruitingfromscratch.com,,
perplexity,What are realistic product manager salaries in 2026?,main,sources,https://dumpsgate.com/product-manager-salary/,dumpsgate.com,,
perplexity,What are realistic product manager salaries in 2026?,main,sources,https://www.ideaplan.io/product-manager-salary,ideaplan.io,,
perplexity,What are realistic product manager salaries in 2026?,main,sources,https://www.jobaajlearnings.com/blog/product-manager-salary-2026,jobaajlearnings.com,,
perplexity,What are realistic product manager salaries in 2026?,main,sources,https://uxcel.com/blog/product-manager-salary-guide-2026,uxcel.com,,
perplexity,What are realistic product manager salaries in 2026?,main,sources,https://cpoclub.com/career/product-manager-salary/,cpoclub.com,,
perplexity,What are realistic product manager salaries in 2026?,main,sources,https://www.cv-by-jd.com/salary-guide/product-manager,cv-by-jd.com,,
perplexity,What is a 409A valuation and why does it matter for stock options?,main,citations,https://www.morganstanley.com/atwork/articles/409a-valuation-faq,morganstanley.com,,
perplexity,What is a 409A valuation and why does it matter for stock options?,main,citations,https://www.jpmorgan.com/insights/business-planning/409a-valuations-a-guide-for-startups,jpmorgan.com,,
perplexity,What is a 409A valuation and why does it matter for stock options?,main,citations,https://a16z.com/16-things-to-know-about-the-409a-valuation/,a16z.com,,
perplexity,What is a 409A valuation and why does it matter for stock options?,main,citations,https://digits.com/blog/409a-valuations-startups/,digits.com,,
perplexity,What is a 409A valuation and why does it matter for stock options?,main,citations,https://carta.com/learn/startups/equity-management/409a-valuation/,carta.com,,
perplexity,What is a 409A valuation and why does it matter for stock options?,main,citations,https://www.angellist.com/learn/409a-valuation,angellist.com,,
perplexity,What is a 409A valuation and why does it matter for stock options?,main,citations,https://www.brex.com/spend-trends/startup/409a-valuation,brex.com,,
perplexity,What is a 409A valuation and why does it matter for stock options?,main,citations,https://vipwealthadvisors.com/insights/409a-valuation-guide,vipwealthadvisors.com,,
perplexity,What is a 409A valuation and why does it matter for stock options?,main,citations,https://blog.withmantle.com/409a-valuations/,blog.withmantle.com,,
perplexity,What is a 409A valuation and why does it matter for stock options?,main,citations,https://www.cakeequity.com/guides/409a-valuation,cakeequity.com,,
perplexity,What is a 409A valuation and why does it matter for stock options?,main,sources,https://www.morganstanley.com/atwork/articles/409a-valuation-faq,morganstanley.com,,
perplexity,What is a 409A valuation and why does it matter for stock options?,main,sources,https://www.jpmorgan.com/insights/business-planning/409a-valuations-a-guide-for-startups,jpmorgan.com,,
perplexity,What is a 409A valuation and why does it matter for stock options?,main,sources,https://a16z.com/16-things-to-know-about-the-409a-valuation/,a16z.com,,
perplexity,What is a 409A valuation and why does it matter for stock options?,main,sources,https://digits.com/blog/409a-valuations-startups/,digits.com,,
perplexity,What is a 409A valuation and why does it matter for stock options?,main,sources,https://carta.com/learn/startups/equity-management/409a-valuation/,carta.com,,
perplexity,What is a 409A valuation and why does it matter for stock options?,main,sources,https://www.angellist.com/learn/409a-valuation,angellist.com,,
perplexity,What is a 409A valuation and why does it matter for stock options?,main,sources,https://www.brex.com/spend-trends/startup/409a-valuation,brex.com,,
perplexity,What is a 409A valuation and why does it matter for stock options?,main,sources,https://vipwealthadvisors.com/insights/409a-valuation-guide,vipwealthadvisors.com,,
perplexity,What is a 409A valuation and why does it matter for stock options?,main,sources,https://blog.withmantle.com/409a-valuations/,blog.withmantle.com,,
perplexity,What is a 409A valuation and why does it matter for stock options?,main,sources,https://www.cakeequity.com/guides/409a-valuation,cakeequity.com,,
perplexity,Do hiring managers care about cover letters anymore?,main,citations,https://hbr.org/2025/03/cover-letters-still-matter-even-if-theyre-not-required,hbr.org,,
perplexity,Do hiring managers care about cover letters anymore?,main,citations,https://medium.com/@raysims/are-cover-letters-still-important-for-job-applications-51bcb4cee2b8,medium.com,,
perplexity,Do hiring managers care about cover letters anymore?,main,citations,https://www.themuse.com/advice/do-i-need-cover-letter,themuse.com,,
perplexity,Do hiring managers care about cover letters anymore?,main,citations,https://www.coursera.org/articles/are-cover-letters-necessary,coursera.org,,
perplexity,Do hiring managers care about cover letters anymore?,main,citations,https://www.forbes.com/sites/josephliu/2025/11/11/hiring-experts-reveal-why-cover-letters-arent-dead-yet/,forbes.com,,
perplexity,Do hiring managers care about cover letters anymore?,main,citations,https://www.reddit.com/r/careerguidance/comments/1333b8l/do_hiring_managers_even_care_about_cover_letters/,reddit.com,,
perplexity,Do hiring managers care about cover letters anymore?,main,citations,https://www.reddit.com/r/cscareerquestions/comments/13cbrdk/hiring_managers_does_a_cover_letter_matter/,reddit.com,,
perplexity,Do hiring managers care about cover letters anymore?,main,citations,https://www.reddit.com/r/managers/comments/1v20p0z/hiring_managers_how_important_is_a_cover_letter/,reddit.com,,
perplexity,Do hiring managers care about cover letters anymore?,main,citations,https://medium.com/@learning_37638/do-employers-really-read-your-cover-letters-bebb08c7f9fd,medium.com,,
perplexity,Do hiring managers care about cover letters anymore?,main,citations,https://welovesalt.com/insights/is-a-cover-letter-necessary,welovesalt.com,,
perplexity,Do hiring managers care about cover letters anymore?,main,sources,https://hbr.org/2025/03/cover-letters-still-matter-even-if-theyre-not-required,hbr.org,,
perplexity,Do hiring managers care about cover letters anymore?,main,sources,https://medium.com/@raysims/are-cover-letters-still-important-for-job-applications-51bcb4cee2b8,medium.com,,
perplexity,Do hiring managers care about cover letters anymore?,main,sources,https://www.themuse.com/advice/do-i-need-cover-letter,themuse.com,,
perplexity,Do hiring managers care about cover letters anymore?,main,sources,https://www.coursera.org/articles/are-cover-letters-necessary,coursera.org,,
perplexity,Do hiring managers care about cover letters anymore?,main,sources,https://www.forbes.com/sites/josephliu/2025/11/11/hiring-experts-reveal-why-cover-letters-arent-dead-yet/,forbes.com,,
perplexity,Do hiring managers care about cover letters anymore?,main,sources,https://www.reddit.com/r/careerguidance/comments/1333b8l/do_hiring_managers_even_care_about_cover_letters/,reddit.com,,
perplexity,Do hiring managers care about cover letters anymore?,main,sources,https://www.reddit.com/r/cscareerquestions/comments/13cbrdk/hiring_managers_does_a_cover_letter_matter/,reddit.com,,
perplexity,Do hiring managers care about cover letters anymore?,main,sources,https://www.reddit.com/r/managers/comments/1v20p0z/hiring_managers_how_important_is_a_cover_letter/,reddit.com,,
perplexity,Do hiring managers care about cover letters anymore?,main,sources,https://medium.com/@learning_37638/do-employers-really-read-your-cover-letters-bebb08c7f9fd,medium.com,,
perplexity,Do hiring managers care about cover letters anymore?,main,sources,https://welovesalt.com/insights/is-a-cover-letter-necessary,welovesalt.com,,
perplexity,How do companies decide the level of an external hire?,main,citations,https://wol.iza.org/uploads/articles/538/pdfs/internal-hiring-or-external-recruitment.pdf,wol.iza.org,,
perplexity,How do companies decide the level of an external hire?,main,citations,https://www.paychex.com/articles/human-resources/employee-promotion-hire-within-or-go-outside,paychex.com,,
perplexity,How do companies decide the level of an external hire?,main,citations,https://latinaadvisorylab.org/blog/inside-hiring-process-salary-decisions,latinaadvisorylab.org,,
perplexity,How do companies decide the level of an external hire?,main,citations,https://knowledge.wharton.upenn.edu/article/why-external-hires-get-paid-more-and-perform-worse-than-internal-staff/,knowledge.wharton.upenn.edu,,
perplexity,How do companies decide the level of an external hire?,main,citations,https://faculty.wharton.upenn.edu/wp-content/uploads/2012/03/Paying_More_ASQ_edits_FINAL.pdf,faculty.wharton.upenn.edu,,
perplexity,How do companies decide the level of an external hire?,main,citations,https://scale.jobs/blog/internal-vs-external-hiring-career-growth,scale.jobs,,
perplexity,How do companies decide the level of an external hire?,main,citations,https://www.reddit.com/r/recruitinghell/comments/177e5k0/who_gets_the_final_say_on_the_budget_recruiters/,reddit.com,,
perplexity,How do companies decide the level of an external hire?,main,citations,https://www.bradsbygroup.com/2026/03/11/internal-promotion-vs-external-hire-how-decide/,bradsbygroup.com,,
perplexity,How do companies decide the level of an external hire?,main,citations,https://chronus.com/blog/hiring-vs-promoting,chronus.com,,
perplexity,How do companies decide the level of an external hire?,main,citations,https://ca.indeed.com/hire/c/info/guide-to-job-grades-and-salary-bands,ca.indeed.com,,
perplexity,How do companies decide the level of an external hire?,main,sources,https://wol.iza.org/uploads/articles/538/pdfs/internal-hiring-or-external-recruitment.pdf,wol.iza.org,,
perplexity,How do companies decide the level of an external hire?,main,sources,https://www.paychex.com/articles/human-resources/employee-promotion-hire-within-or-go-outside,paychex.com,,
perplexity,How do companies decide the level of an external hire?,main,sources,https://latinaadvisorylab.org/blog/inside-hiring-process-salary-decisions,latinaadvisorylab.org,,
perplexity,How do companies decide the level of an external hire?,main,sources,https://knowledge.wharton.upenn.edu/article/why-external-hires-get-paid-more-and-perform-worse-than-internal-staff/,knowledge.wharton.upenn.edu,,
perplexity,How do companies decide the level of an external hire?,main,sources,https://faculty.wharton.upenn.edu/wp-content/uploads/2012/03/Paying_More_ASQ_edits_FINAL.pdf,faculty.wharton.upenn.edu,,
perplexity,How do companies decide the level of an external hire?,main,sources,https://scale.jobs/blog/internal-vs-external-hiring-career-growth,scale.jobs,,
perplexity,How do companies decide the level of an external hire?,main,sources,https://www.reddit.com/r/recruitinghell/comments/177e5k0/who_gets_the_final_say_on_the_budget_recruiters/,reddit.com,,
perplexity,How do companies decide the level of an external hire?,main,sources,https://www.bradsbygroup.com/2026/03/11/internal-promotion-vs-external-hire-how-decide/,bradsbygroup.com,,
perplexity,How do companies decide the level of an external hire?,main,sources,https://chronus.com/blog/hiring-vs-promoting,chronus.com,,
perplexity,How do companies decide the level of an external hire?,main,sources,https://ca.indeed.com/hire/c/info/guide-to-job-grades-and-salary-bands,ca.indeed.com,,
perplexity,What do executives say about negotiating severance terms up front?,main,citations,https://www.kornferry.com/insights/this-week-in-leadership/7-tips-for-negotiating-severance-upfront,kornferry.com,,
perplexity,What do executives say about negotiating severance terms up front?,main,citations,https://chief.com/articles/how-to-negotiate-a-severance-package-that-protects-your-money-and-reputation-up-front,chief.com,,
perplexity,What do executives say about negotiating severance terms up front?,main,citations,https://fortune.com/2023/10/02/how-to-negotiate-salary-severance-package-execs/,fortune.com,,
perplexity,What do executives say about negotiating severance terms up front?,main,citations,https://www.prudential.com/financial-education/how-to-negotiate-severance,prudential.com,,
perplexity,What do executives say about negotiating severance terms up front?,main,citations,https://customcareer.miami.edu/blog/2025/03/27/how-to-negotiate-a-severance-package-examples-included/,customcareer.miami.edu,,
perplexity,What do executives say about negotiating severance terms up front?,main,citations,https://www.fordharrison.com/files/Strategies%20for%20Negotiating%20Executive%20Separation%20Agreements%20for%20Executives.pdf?ref=blog.starcycle.ai,fordharrison.com,,
perplexity,What do executives say about negotiating severance terms up front?,main,citations,https://www.fordharrison.com/files/Strategies%20for%20Negotiating%20Executive%20Separation%20Agreements%20for%20Employers.pdf,fordharrison.com,,
perplexity,What do executives say about negotiating severance terms up front?,main,citations,https://ruggleslawfirm.com/how-to-negotiate-executive-severance-agreement-terms/,ruggleslawfirm.com,,
perplexity,What do executives say about negotiating severance terms up front?,main,citations,https://mangrumcareersolutions.com/blog/how-executives-can-master-severance-packages-a-comprehensive-guide/,mangrumcareersolutions.com,,
perplexity,What do executives say about negotiating severance terms up front?,main,citations,https://www.indeed.com/career-advice/career-development/executive-severance-packages,indeed.com,,
perplexity,What do executives say about negotiating severance terms up front?,main,sources,https://www.kornferry.com/insights/this-week-in-leadership/7-tips-for-negotiating-severance-upfront,kornferry.com,,
perplexity,What do executives say about negotiating severance terms up front?,main,sources,https://chief.com/articles/how-to-negotiate-a-severance-package-that-protects-your-money-and-reputation-up-front,chief.com,,
perplexity,What do executives say about negotiating severance terms up front?,main,sources,https://fortune.com/2023/10/02/how-to-negotiate-salary-severance-package-execs/,fortune.com,,
perplexity,What do executives say about negotiating severance terms up front?,main,sources,https://www.prudential.com/financial-education/how-to-negotiate-severance,prudential.com,,
perplexity,What do executives say about negotiating severance terms up front?,main,sources,https://customcareer.miami.edu/blog/2025/03/27/how-to-negotiate-a-severance-package-examples-included/,customcareer.miami.edu,,
perplexity,What do executives say about negotiating severance terms up front?,main,sources,https://www.fordharrison.com/files/Strategies%20for%20Negotiating%20Executive%20Separation%20Agreements%20for%20Executives.pdf?ref=blog.starcycle.ai,fordharrison.com,,
perplexity,What do executives say about negotiating severance terms up front?,main,sources,https://www.fordharrison.com/files/Strategies%20for%20Negotiating%20Executive%20Separation%20Agreements%20for%20Employers.pdf,fordharrison.com,,
perplexity,What do executives say about negotiating severance terms up front?,main,sources,https://ruggleslawfirm.com/how-to-negotiate-executive-severance-agreement-terms/,ruggleslawfirm.com,,
perplexity,What do executives say about negotiating severance terms up front?,main,sources,https://mangrumcareersolutions.com/blog/how-executives-can-master-severance-packages-a-comprehensive-guide/,mangrumcareersolutions.com,,
perplexity,What do executives say about negotiating severance terms up front?,main,sources,https://www.indeed.com/career-advice/career-development/executive-severance-packages,indeed.com,,
perplexity,How did people successfully negotiate fully remote arrangements?,main,citations,https://hbr.org/2021/07/how-to-negotiate-a-remote-work-arrangement,hbr.org,,
perplexity,How did people successfully negotiate fully remote arrangements?,main,citations,https://rentremote.com/blog/how-to-negotiate-remote-work-arrangement,rentremote.com,,
perplexity,How did people successfully negotiate fully remote arrangements?,main,citations,https://www.upwork.com/resources/how-to-negotiate-remote-work,upwork.com,,
perplexity,How did people successfully negotiate fully remote arrangements?,main,citations,https://hbr.org/2020/06/how-to-negotiate-remote-and-flexible-work-arrangements-with-your-boss,hbr.org,,
perplexity,How did people successfully negotiate fully remote arrangements?,main,citations,https://www.dice.com/career-advice/dont-want-to-return-to-the-office-heres-how-to-negotiate,dice.com,,
perplexity,How did people successfully negotiate fully remote arrangements?,main,citations,https://news.ycombinator.com/item?id=27123553,news.ycombinator.com,,
perplexity,How did people successfully negotiate fully remote arrangements?,main,citations,https://www.linkedin.com/pulse/how-negotiate-remote-work-agreement-your-employer-hooijen,linkedin.com,pulse,
perplexity,How did people successfully negotiate fully remote arrangements?,main,citations,https://www.birjob.com/blog/negotiate-remote-work-arrangement,birjob.com,,
perplexity,How did people successfully negotiate fully remote arrangements?,main,citations,https://www.linkedin.com/pulse/7-ways-negotiate-working-remote-carl-lenocker,linkedin.com,pulse,
perplexity,How did people successfully negotiate fully remote arrangements?,main,citations,https://www.indeed.com/career-advice/career-development/how-to-negotiate-working-from-home,indeed.com,,
perplexity,How did people successfully negotiate fully remote arrangements?,main,sources,https://hbr.org/2021/07/how-to-negotiate-a-remote-work-arrangement,hbr.org,,
perplexity,How did people successfully negotiate fully remote arrangements?,main,sources,https://rentremote.com/blog/how-to-negotiate-remote-work-arrangement,rentremote.com,,
perplexity,How did people successfully negotiate fully remote arrangements?,main,sources,https://www.upwork.com/resources/how-to-negotiate-remote-work,upwork.com,,
perplexity,How did people successfully negotiate fully remote arrangements?,main,sources,https://hbr.org/2020/06/how-to-negotiate-remote-and-flexible-work-arrangements-with-your-boss,hbr.org,,
perplexity,How did people successfully negotiate fully remote arrangements?,main,sources,https://www.dice.com/career-advice/dont-want-to-return-to-the-office-heres-how-to-negotiate,dice.com,,
perplexity,How did people successfully negotiate fully remote arrangements?,main,sources,https://news.ycombinator.com/item?id=27123553,news.ycombinator.com,,
perplexity,How did people successfully negotiate fully remote arrangements?,main,sources,https://www.linkedin.com/pulse/how-negotiate-remote-work-agreement-your-employer-hooijen,linkedin.com,pulse,
perplexity,How did people successfully negotiate fully remote arrangements?,main,sources,https://www.birjob.com/blog/negotiate-remote-work-arrangement,birjob.com,,
perplexity,How did people successfully negotiate fully remote arrangements?,main,sources,https://www.linkedin.com/pulse/7-ways-negotiate-working-remote-carl-lenocker,linkedin.com,pulse,
perplexity,How did people successfully negotiate fully remote arrangements?,main,sources,https://www.indeed.com/career-advice/career-development/how-to-negotiate-working-from-home,indeed.com,,
perplexity,Is unlimited PTO actually a scam according to employees?,main,citations,https://www.businessinsider.com/unlimited-pto-vacation-scam-time-off-managers-fight-burnout-culture-2023-1,businessinsider.com,,
perplexity,Is unlimited PTO actually a scam according to employees?,main,citations,https://vacationtracker.io/blog/unlimited-pto-scam/,vacationtracker.io,,
perplexity,Is unlimited PTO actually a scam according to employees?,main,citations,https://www.reddit.com/r/recruitinghell/comments/1kwun21/psa_unlimited_pto_is_a_red_flag_for_companies/,reddit.com,,
perplexity,Is unlimited PTO actually a scam according to employees?,main,citations,https://www.reddit.com/r/careerguidance/comments/1jnwh37/unlimited_paid_time_off_real_benefit_or_a_scam/,reddit.com,,
perplexity,Is unlimited PTO actually a scam according to employees?,main,citations,https://www.reddit.com/r/cscareerquestions/comments/18nvne9/is_unlimited_pto_a_scam/,reddit.com,,
perplexity,Is unlimited PTO actually a scam according to employees?,main,citations,https://www.reddit.com/r/careerguidance/comments/c82vax/is_unlimited_pto_a_scam/,reddit.com,,
perplexity,Is unlimited PTO actually a scam according to employees?,main,citations,https://pmassist.substack.com/p/unlimited-pto-is-a-scam-heres-what,pmassist.substack.com,,
perplexity,Is unlimited PTO actually a scam according to employees?,main,citations,https://www.reddit.com/r/antiwork/comments/1mp7u3e/unlimited_pto_is_the_worst_scam/,reddit.com,,
perplexity,Is unlimited PTO actually a scam according to employees?,main,citations,https://comptool.com/is-unlimited-pto-a-scam-the-data-says-its-more-complicated/,comptool.com,,
perplexity,Is unlimited PTO actually a scam according to employees?,main,citations,https://news.ycombinator.com/item?id=38334560,news.ycombinator.com,,
perplexity,Is unlimited PTO actually a scam according to employees?,main,sources,https://www.businessinsider.com/unlimited-pto-vacation-scam-time-off-managers-fight-burnout-culture-2023-1,businessinsider.com,,
perplexity,Is unlimited PTO actually a scam according to employees?,main,sources,https://vacationtracker.io/blog/unlimited-pto-scam/,vacationtracker.io,,
perplexity,Is unlimited PTO actually a scam according to employees?,main,sources,https://www.reddit.com/r/recruitinghell/comments/1kwun21/psa_unlimited_pto_is_a_red_flag_for_companies/,reddit.com,,
perplexity,Is unlimited PTO actually a scam according to employees?,main,sources,https://www.reddit.com/r/careerguidance/comments/1jnwh37/unlimited_paid_time_off_real_benefit_or_a_scam/,reddit.com,,
perplexity,Is unlimited PTO actually a scam according to employees?,main,sources,https://www.reddit.com/r/cscareerquestions/comments/18nvne9/is_unlimited_pto_a_scam/,reddit.com,,
perplexity,Is unlimited PTO actually a scam according to employees?,main,sources,https://www.reddit.com/r/careerguidance/comments/c82vax/is_unlimited_pto_a_scam/,reddit.com,,
perplexity,Is unlimited PTO actually a scam according to employees?,main,sources,https://pmassist.substack.com/p/unlimited-pto-is-a-scam-heres-what,pmassist.substack.com,,
perplexity,Is unlimited PTO actually a scam according to employees?,main,sources,https://www.reddit.com/r/antiwork/comments/1mp7u3e/unlimited_pto_is_the_worst_scam/,reddit.com,,
perplexity,Is unlimited PTO actually a scam according to employees?,main,sources,https://comptool.com/is-unlimited-pto-a-scam-the-data-says-its-more-complicated/,comptool.com,,
perplexity,Is unlimited PTO actually a scam according to employees?,main,sources,https://news.ycombinator.com/item?id=38334560,news.ycombinator.com,,
perplexity,What background checks do employers actually run?,main,citations,https://www.eeoc.gov/laws/guidance/background-checks-what-employers-need-know,eeoc.gov,,
perplexity,What background checks do employers actually run?,main,citations,https://checkr.com/blog/what-employers-look-for-in-background-checks,checkr.com,,
perplexity,What background checks do employers actually run?,main,citations,https://checkr.com/resources/articles/run-a-background-check-for-employment,checkr.com,,
perplexity,What background checks do employers actually run?,main,citations,https://www.careeronestop.org/JobSearch/Interview/background-checks.aspx,careeronestop.org,,
perplexity,What background checks do employers actually run?,main,citations,https://www.paycor.com/resource-center/articles/most-common-background-checks-for-employers/,paycor.com,,
perplexity,What background checks do employers actually run?,main,citations,https://www.paycom.com/resources/blog/employee-background-checks/,paycom.com,,
perplexity,What background checks do employers actually run?,main,citations,https://legal.thomsonreuters.com/blog/the-importance-of-background-checks-for-employers-what-to-look-for/,legal.thomsonreuters.com,,
perplexity,What background checks do employers actually run?,main,citations,https://www.goodhire.com/resources/articles/how-to-do-a-background-check-for-employment/,goodhire.com,,
perplexity,What background checks do employers actually run?,main,citations,https://www.hiration.com/blog/what-does-a-background-check-show/,hiration.com,,
perplexity,What background checks do employers actually run?,main,citations,https://www.indeed.com/career-advice/finding-a-job/whats-included-in-an-employment-background-check,indeed.com,,
perplexity,What background checks do employers actually run?,main,sources,https://www.eeoc.gov/laws/guidance/background-checks-what-employers-need-know,eeoc.gov,,
perplexity,What background checks do employers actually run?,main,sources,https://checkr.com/blog/what-employers-look-for-in-background-checks,checkr.com,,
perplexity,What background checks do employers actually run?,main,sources,https://checkr.com/resources/articles/run-a-background-check-for-employment,checkr.com,,
perplexity,What background checks do employers actually run?,main,sources,https://www.careeronestop.org/JobSearch/Interview/background-checks.aspx,careeronestop.org,,
perplexity,What background checks do employers actually run?,main,sources,https://www.paycor.com/resource-center/articles/most-common-background-checks-for-employers/,paycor.com,,
perplexity,What background checks do employers actually run?,main,sources,https://www.paycom.com/resources/blog/employee-background-checks/,paycom.com,,
perplexity,What background checks do employers actually run?,main,sources,https://legal.thomsonreuters.com/blog/the-importance-of-background-checks-for-employers-what-to-look-for/,legal.thomsonreuters.com,,
perplexity,What background checks do employers actually run?,main,sources,https://www.goodhire.com/resources/articles/how-to-do-a-background-check-for-employment/,goodhire.com,,
perplexity,What background checks do employers actually run?,main,sources,https://www.hiration.com/blog/what-does-a-background-check-show/,hiration.com,,
perplexity,What background checks do employers actually run?,main,sources,https://www.indeed.com/career-advice/finding-a-job/whats-included-in-an-employment-background-check,indeed.com,,
perplexity,How do panel interviews differ from sequential interviews?,main,citations,https://www.ddi.com/blog/panel-interview,ddi.com,,
perplexity,How do panel interviews differ from sequential interviews?,main,citations,https://vidcruiter.com/interview-scheduling-software/panel/,vidcruiter.com,,
perplexity,How do panel interviews differ from sequential interviews?,main,citations,https://www.jobmajestic.com/blog/en/interview-tips/sequential-interviews-vs-panel-interviews/,jobmajestic.com,,
perplexity,How do panel interviews differ from sequential interviews?,main,citations,https://www.jobscore.com/articles/panel-interviews/,jobscore.com,,
perplexity,How do panel interviews differ from sequential interviews?,main,citations,https://x0pa.com/glossary/panel-interview/,x0pa.com,,
perplexity,How do panel interviews differ from sequential interviews?,main,citations,https://www.pin.com/blog/panel-interview-guide/,pin.com,,
perplexity,How do panel interviews differ from sequential interviews?,main,citations,https://homework.study.com/explanation/in-a-panel-interview-a-candidate-is-interviewed-in-a-fashion-by-a-group-of-interviewers-a-serial-b-sequential-c-simultaneous-d-systematic.html,homework.study.com,,
perplexity,How do panel interviews differ from sequential interviews?,main,citations,https://agendsync.com/guides/panel-interview,agendsync.com,,
perplexity,How do panel interviews differ from sequential interviews?,main,citations,https://www.hiretruffle.com/blog/panel-interviews,hiretruffle.com,,
perplexity,How do panel interviews differ from sequential interviews?,main,citations,https://jobs.localjobnetwork.com/employment-resources/detail/job-interviews-panel-and-sequential/11031,jobs.localjobnetwork.com,,
perplexity,How do panel interviews differ from sequential interviews?,main,sources,https://www.ddi.com/blog/panel-interview,ddi.com,,
perplexity,How do panel interviews differ from sequential interviews?,main,sources,https://vidcruiter.com/interview-scheduling-software/panel/,vidcruiter.com,,
perplexity,How do panel interviews differ from sequential interviews?,main,sources,https://www.jobmajestic.com/blog/en/interview-tips/sequential-interviews-vs-panel-interviews/,jobmajestic.com,,
perplexity,How do panel interviews differ from sequential interviews?,main,sources,https://www.jobscore.com/articles/panel-interviews/,jobscore.com,,
perplexity,How do panel interviews differ from sequential interviews?,main,sources,https://x0pa.com/glossary/panel-interview/,x0pa.com,,
perplexity,How do panel interviews differ from sequential interviews?,main,sources,https://www.pin.com/blog/panel-interview-guide/,pin.com,,
perplexity,How do panel interviews differ from sequential interviews?,main,sources,https://homework.study.com/explanation/in-a-panel-interview-a-candidate-is-interviewed-in-a-fashion-by-a-group-of-interviewers-a-serial-b-sequential-c-simultaneous-d-systematic.html,homework.study.com,,
perplexity,How do panel interviews differ from sequential interviews?,main,sources,https://agendsync.com/guides/panel-interview,agendsync.com,,
perplexity,How do panel interviews differ from sequential interviews?,main,sources,https://www.hiretruffle.com/blog/panel-interviews,hiretruffle.com,,
perplexity,How do panel interviews differ from sequential interviews?,main,sources,https://jobs.localjobnetwork.com/employment-resources/detail/job-interviews-panel-and-sequential/11031,jobs.localjobnetwork.com,,
perplexity,How is total compensation structured at large tech companies?,main,citations,https://www.techinterviewhandbook.org/understanding-compensation/,techinterviewhandbook.org,,
perplexity,How is total compensation structured at large tech companies?,main,citations,https://www.levels.fyi/blog/what-is-total-compensation.html,levels.fyi,,
perplexity,How is total compensation structured at large tech companies?,main,citations,https://levelop.dev/blog/how-to-evaluate-a-tech-compensation-package-beyond-the-base-salary,levelop.dev,,
perplexity,How is total compensation structured at large tech companies?,main,citations,https://www.invinciblemoth.com/p/deciphering-your-big-tech-job-offer,invinciblemoth.com,,
perplexity,How is total compensation structured at large tech companies?,main,citations,https://www.topexecrecruiting.com/news-posts/tech-executive-compensation-guide,topexecrecruiting.com,,
perplexity,How is total compensation structured at large tech companies?,main,citations,https://www.linkedin.com/pulse/salary-bonus-equity-more-ultimate-compensation-guide-tech-pandey,linkedin.com,pulse,
perplexity,How is total compensation structured at large tech companies?,main,citations,https://typicaltechbro.medium.com/a-beginners-guide-to-big-tech-compensation-4aec2620d4e2,typicaltechbro.medium.com,,
perplexity,How is total compensation structured at large tech companies?,main,citations,https://fearlesssalarynegotiation.com/big-tech-job-offer-overview/,fearlesssalarynegotiation.com,,
perplexity,How is total compensation structured at large tech companies?,main,citations,https://businessmodelanalyst.com/tech-salaries-compared-across-major-companies/,businessmodelanalyst.com,,
perplexity,How is total compensation structured at large tech companies?,main,citations,https://www.reddit.com/r/cscareerquestions/comments/cct7v5/how_top_tech_compensation_works/,reddit.com,,
perplexity,How is total compensation structured at large tech companies?,main,sources,https://www.techinterviewhandbook.org/understanding-compensation/,techinterviewhandbook.org,,
perplexity,How is total compensation structured at large tech companies?,main,sources,https://www.levels.fyi/blog/what-is-total-compensation.html,levels.fyi,,
perplexity,How is total compensation structured at large tech companies?,main,sources,https://levelop.dev/blog/how-to-evaluate-a-tech-compensation-package-beyond-the-base-salary,levelop.dev,,
perplexity,How is total compensation structured at large tech companies?,main,sources,https://www.invinciblemoth.com/p/deciphering-your-big-tech-job-offer,invinciblemoth.com,,
perplexity,How is total compensation structured at large tech companies?,main,sources,https://www.topexecrecruiting.com/news-posts/tech-executive-compensation-guide,topexecrecruiting.com,,
perplexity,How is total compensation structured at large tech companies?,main,sources,https://www.linkedin.com/pulse/salary-bonus-equity-more-ultimate-compensation-guide-tech-pandey,linkedin.com,pulse,
perplexity,How is total compensation structured at large tech companies?,main,sources,https://typicaltechbro.medium.com/a-beginners-guide-to-big-tech-compensation-4aec2620d4e2,typicaltechbro.medium.com,,
perplexity,How is total compensation structured at large tech companies?,main,sources,https://fearlesssalarynegotiation.com/big-tech-job-offer-overview/,fearlesssalarynegotiation.com,,
perplexity,How is total compensation structured at large tech companies?,main,sources,https://businessmodelanalyst.com/tech-salaries-compared-across-major-companies/,businessmodelanalyst.com,,
perplexity,How is total compensation structured at large tech companies?,main,sources,https://www.reddit.com/r/cscareerquestions/comments/cct7v5/how_top_tech_compensation_works/,reddit.com,,
perplexity,What happens to unvested RSUs when you get laid off?,main,citations,https://www.morganstanley.com/atwork/employees/learning-center/articles/10-questions-ask-equity-layoff,morganstanley.com,,
perplexity,What happens to unvested RSUs when you get laid off?,main,citations,https://www.sec.gov/Archives/edgar/data/1846576/000119312521151936/d29047dex104.htm,sec.gov,,
perplexity,What happens to unvested RSUs when you get laid off?,main,citations,https://kbfinancialadvisors.com/rsu-stock-options-after-layoff/,kbfinancialadvisors.com,,
perplexity,What happens to unvested RSUs when you get laid off?,main,citations,https://www.sec.gov/Archives/edgar/data/769397/000076939716000087/adsk07312016ex103.htm,sec.gov,,
perplexity,What happens to unvested RSUs when you get laid off?,main,citations,https://darrowwealthmanagement.com/blog/what-happens-to-stock-options-if-i-leave-the-company/,darrowwealthmanagement.com,,
perplexity,What happens to unvested RSUs when you get laid off?,main,citations,https://www.forbes.com/sites/brucebrumberg/2023/03/29/protect-your-stock-options-and-rsus-in-job-loss-3-key-actions/,forbes.com,,
perplexity,What happens to unvested RSUs when you get laid off?,main,citations,https://www.chukwuekelaw.com/rsus-and-termination-how-layoffs-resignations-and-firings-affect-your-equity,chukwuekelaw.com,,
perplexity,What happens to unvested RSUs when you get laid off?,main,citations,https://www.executivewealthplanning.com/blog/in-a-layoff-what-rights-do-involuntarily-terminated-employees-have-in-thei,executivewealthplanning.com,,
perplexity,What happens to unvested RSUs when you get laid off?,main,citations,https://www.equityftw.com/articles/what-happens-to-rsus-if-youre-laid-off,equityftw.com,,
perplexity,What happens to unvested RSUs when you get laid off?,main,citations,https://www.reddit.com/r/investing/comments/1n6kucb/restricted_stock_benefits_and_employer_is/,reddit.com,,
perplexity,What happens to unvested RSUs when you get laid off?,main,citations,https://ruggleslawfirm.com/rsus-after-layoff-california/,ruggleslawfirm.com,,
perplexity,What happens to unvested RSUs when you get laid off?,main,citations,https://navalign.com/stock-options-rsus-leaving-company/,navalign.com,,
perplexity,What happens to unvested RSUs when you get laid off?,main,citations,https://www.reddit.com/r/Layoffs/comments/1ossz5h/unvested_rsu/,reddit.com,,
perplexity,What happens to unvested RSUs when you get laid off?,main,citations,https://www.astor.app/blog/rsus-when-laid-off,astor.app,,
perplexity,What happens to unvested RSUs when you get laid off?,main,citations,https://www.linkedin.com/posts/amirsatvat_the-wretched-little-discussed-policy-on-activity-7348521261507006466-_CkO,linkedin.com,posts,
perplexity,What happens to unvested RSUs when you get laid off?,main,sources,https://www.morganstanley.com/atwork/employees/learning-center/articles/10-questions-ask-equity-layoff,morganstanley.com,,
perplexity,What happens to unvested RSUs when you get laid off?,main,sources,https://www.sec.gov/Archives/edgar/data/1846576/000119312521151936/d29047dex104.htm,sec.gov,,
perplexity,What happens to unvested RSUs when you get laid off?,main,sources,https://kbfinancialadvisors.com/rsu-stock-options-after-layoff/,kbfinancialadvisors.com,,
perplexity,What happens to unvested RSUs when you get laid off?,main,sources,https://www.sec.gov/Archives/edgar/data/769397/000076939716000087/adsk07312016ex103.htm,sec.gov,,
perplexity,What happens to unvested RSUs when you get laid off?,main,sources,https://darrowwealthmanagement.com/blog/what-happens-to-stock-options-if-i-leave-the-company/,darrowwealthmanagement.com,,
perplexity,What happens to unvested RSUs when you get laid off?,main,sources,https://www.forbes.com/sites/brucebrumberg/2023/03/29/protect-your-stock-options-and-rsus-in-job-loss-3-key-actions/,forbes.com,,
perplexity,What happens to unvested RSUs when you get laid off?,main,sources,https://www.chukwuekelaw.com/rsus-and-termination-how-layoffs-resignations-and-firings-affect-your-equity,chukwuekelaw.com,,
perplexity,What happens to unvested RSUs when you get laid off?,main,sources,https://www.executivewealthplanning.com/blog/in-a-layoff-what-rights-do-involuntarily-terminated-employees-have-in-thei,executivewealthplanning.com,,
perplexity,What happens to unvested RSUs when you get laid off?,main,sources,https://www.equityftw.com/articles/what-happens-to-rsus-if-youre-laid-off,equityftw.com,,
perplexity,What happens to unvested RSUs when you get laid off?,main,sources,https://www.reddit.com/r/investing/comments/1n6kucb/restricted_stock_benefits_and_employer_is/,reddit.com,,
perplexity,What happens to unvested RSUs when you get laid off?,main,sources,https://ruggleslawfirm.com/rsus-after-layoff-california/,ruggleslawfirm.com,,
perplexity,What happens to unvested RSUs when you get laid off?,main,sources,https://navalign.com/stock-options-rsus-leaving-company/,navalign.com,,
perplexity,What happens to unvested RSUs when you get laid off?,main,sources,https://www.reddit.com/r/Layoffs/comments/1ossz5h/unvested_rsu/,reddit.com,,
perplexity,What happens to unvested RSUs when you get laid off?,main,sources,https://www.astor.app/blog/rsus-when-laid-off,astor.app,,
perplexity,What happens to unvested RSUs when you get laid off?,main,sources,https://www.linkedin.com/posts/amirsatvat_the-wretched-little-discussed-policy-on-activity-7348521261507006466-_CkO,linkedin.com,posts,
perplexity,How does 401k vesting work when you change jobs?,main,citations,https://www.dol.gov/node/63395,dol.gov,,
perplexity,How does 401k vesting work when you change jobs?,main,citations,http://irs.gov/retirement-plans/plan-sponsor/401k-plan-qualification-requirements,irs.gov,,
perplexity,How does 401k vesting work when you change jobs?,main,citations,https://www.dol.gov/agencies/ebsa/about-ebsa/our-activities/resource-center/publications/what-you-should-know-about-your-retirement-plan,dol.gov,,
perplexity,How does 401k vesting work when you change jobs?,main,citations,https://investor.vanguard.com/investor-resources-education/article/what-happens-401k-when-you-quit,investor.vanguard.com,,
perplexity,How does 401k vesting work when you change jobs?,main,citations,https://www.dol.gov/agencies/ebsa/employers-and-advisers/plan-administration-and-compliance/abandoned-plan-program,dol.gov,,
perplexity,How does 401k vesting work when you change jobs?,main,citations,https://www.equifax.com/personal/education/personal-finance/articles/-/learn/401k-vesting-changing-jobs/,equifax.com,,
perplexity,How does 401k vesting work when you change jobs?,main,citations,https://www.westernsouthern.com/retirement/what-is-a-vested-401k,westernsouthern.com,,
perplexity,How does 401k vesting work when you change jobs?,main,citations,https://www.fidelity.com/learning-center/smart-money/what-happens-to-your-401k-when-you-leave-a-job,fidelity.com,,
perplexity,How does 401k vesting work when you change jobs?,main,citations,https://humaninterest.com/learn/articles/401k-basics-for-employers/,humaninterest.com,,
perplexity,How does 401k vesting work when you change jobs?,main,citations,https://www.militarybenefit.org/membership-benefits/financial-resources/life-events/changing-jobs/5afe8213aea77804a39c7a16/,militarybenefit.org,,
perplexity,How does 401k vesting work when you change jobs?,main,citations,https://www.empower.com/the-currency/work/401k-when-you-quit,empower.com,,
perplexity,How does 401k vesting work when you change jobs?,main,citations,https://www.reddit.com/r/personalfinance/comments/1cr3ois/what_happens_to_your_401k_if_you_switch_jobs/,reddit.com,,
perplexity,How does 401k vesting work when you change jobs?,main,citations,https://www.reddit.com/r/personalfinance/comments/v8eauf/quitting_immediately_after_becoming_fully_vested/,reddit.com,,
perplexity,How does 401k vesting work when you change jobs?,main,citations,https://www.wrfasc.com/blog/changing-jobs-or-leaving-workforce-what-happens-your-401k,wrfasc.com,,
perplexity,How does 401k vesting work when you change jobs?,main,citations,https://www.justanswer.com/career-guidance/0tffa-quit-job-401k-plan-profit-sharing.html,justanswer.com,,
perplexity,How does 401k vesting work when you change jobs?,main,sources,https://www.dol.gov/node/63395,dol.gov,,
perplexity,How does 401k vesting work when you change jobs?,main,sources,http://irs.gov/retirement-plans/plan-sponsor/401k-plan-qualification-requirements,irs.gov,,
perplexity,How does 401k vesting work when you change jobs?,main,sources,https://www.dol.gov/agencies/ebsa/about-ebsa/our-activities/resource-center/publications/what-you-should-know-about-your-retirement-plan,dol.gov,,
perplexity,How does 401k vesting work when you change jobs?,main,sources,https://investor.vanguard.com/investor-resources-education/article/what-happens-401k-when-you-quit,investor.vanguard.com,,
perplexity,How does 401k vesting work when you change jobs?,main,sources,https://www.dol.gov/agencies/ebsa/employers-and-advisers/plan-administration-and-compliance/abandoned-plan-program,dol.gov,,
perplexity,How does 401k vesting work when you change jobs?,main,sources,https://www.equifax.com/personal/education/personal-finance/articles/-/learn/401k-vesting-changing-jobs/,equifax.com,,
perplexity,How does 401k vesting work when you change jobs?,main,sources,https://www.westernsouthern.com/retirement/what-is-a-vested-401k,westernsouthern.com,,
perplexity,How does 401k vesting work when you change jobs?,main,sources,https://www.fidelity.com/learning-center/smart-money/what-happens-to-your-401k-when-you-leave-a-job,fidelity.com,,
perplexity,How does 401k vesting work when you change jobs?,main,sources,https://humaninterest.com/learn/articles/401k-basics-for-employers/,humaninterest.com,,
perplexity,How does 401k vesting work when you change jobs?,main,sources,https://www.militarybenefit.org/membership-benefits/financial-resources/life-events/changing-jobs/5afe8213aea77804a39c7a16/,militarybenefit.org,,
perplexity,How does 401k vesting work when you change jobs?,main,sources,https://www.empower.com/the-currency/work/401k-when-you-quit,empower.com,,
perplexity,How does 401k vesting work when you change jobs?,main,sources,https://www.reddit.com/r/personalfinance/comments/1cr3ois/what_happens_to_your_401k_if_you_switch_jobs/,reddit.com,,
perplexity,How does 401k vesting work when you change jobs?,main,sources,https://www.reddit.com/r/personalfinance/comments/v8eauf/quitting_immediately_after_becoming_fully_vested/,reddit.com,,
perplexity,How does 401k vesting work when you change jobs?,main,sources,https://www.wrfasc.com/blog/changing-jobs-or-leaving-workforce-what-happens-your-401k,wrfasc.com,,
perplexity,How does 401k vesting work when you change jobs?,main,sources,https://www.justanswer.com/career-guidance/0tffa-quit-job-401k-plan-profit-sharing.html,justanswer.com,,
