query,segment,domain,url,title,source_class,is_ranked_list,in_organic_top10
best ab testing tools,b2b,reddit.com,https://www.reddit.com/r/GrowthHacking/comments/1j032nq/what_are_the_best_free_ab_testing_tools_for_small/,What are the best free A/B testing tools for small businesses? - Reddit,ugc,True,True
best ab testing tools,b2b,reddit.com,https://www.reddit.com/r/DigitalMarketing/comments/1qj769s/best_website_ab_testing_tools_and_strategies_for/,Best website A/B testing tools and strategies for 2026? - Reddit,ugc,True,True
best ab testing tools,b2b,g2.com,https://www.g2.com/categories/a-b-testing-tools,Best A/B Testing Tools: User Reviews from August 2026 - G2,editorial,True,False
best ab testing tools,b2b,contentsquare.com,https://contentsquare.com/guides/ab-testing/tools/,15 A/B testing tools to boost conversions - Contentsquare,blog,False,False
best ab testing tools,b2b,optibase.io,https://www.optibase.io/best-ab-testing-platforms,The 14 best A/B testing platforms in 2026 - Optibase,vendor,True,False
best ab testing tools,b2b,convert.com,https://www.convert.com/blog/a-b-testing/ab-testing-tools-for-growth-teams/,Best A/B Testing Tools for Growth Teams - Convert Experiences,vendor,True,True
best ab testing tools,b2b,uxcam.com,https://uxcam.com/blog/ab-testing-tools/,10 Best A/B Testing Tools for Mobile Apps in 2026 - UXCam,blog,True,True
best accounting software,b2b,forbes.com,https://www.forbes.com/advisor/business/software/best-accounting-software/,10 Best Accounting Software – Forbes Advisor,editorial,True,True
best accounting software,b2b,pcmag.com,https://www.pcmag.com/picks/the-best-small-business-accounting-software,The Best Small Business Accounting Software We've Tested for 2026 | PCMag,editorial,True,False
best accounting software,b2b,xero.com,https://www.xero.com/us/accounting-software/,Accounting Software for Your Small Business | Xero US,vendor,False,True
best accounting software,b2b,investopedia.com,https://www.investopedia.com/the-best-accounting-software-for-small-business-8780908,Best Accounting Software for Small Business - Investopedia,editorial,True,False
best accounting software,b2b,youtube.com,https://www.youtube.com/watch?v=NrUyVSd1Obk&t=253,QuickBooks vs Xero vs Wave: Which Accounting Software Is Best?,ugc,True,True
best accounting software,b2b,myofficeops.com,https://myofficeops.com/resources/best-accounting-software-for-small-business/,The Top 12 Best Accounting Software for Small Business in 2026,blog,True,False
best accounting software,b2b,business.com,https://www.business.com/categories/accounting-software/,Best Accounting Software Programs Reviews of 2026 - Business.com,editorial,True,False
best accounting software,b2b,youtube.com,https://www.youtube.com/watch?v=p_d2poHJyoM,7 Best Accounting Software in 2026,ugc,True,True
best accounting software,b2b,youtube.com,https://www.youtube.com/watch?v=F6GpPB75CFY&vl=hi,Best Accounting Software for Small Business 2026 (I Tested All 5 So You ...,ugc,True,True
best accounting software,b2b,youtube.com,https://www.youtube.com/watch?v=nFmtbRHq-r8,I Found the BEST Accounting Software so You Don't Have To,ugc,True,True
best ai chatbot for website,b2b,chatbot.com,https://www.chatbot.com/,The Best AI Chatbot Software for Your Website,vendor,True,True
best ai chatbot for website,b2b,dapta.ai,https://dapta.ai/blog-posts/best-ai-chatbot-for-websites/,7 Best AI Chatbots for Websites to Convert More Visitors (2026),vendor,True,False
best ai chatbot for website,b2b,eesel.ai,https://www.eesel.ai/blog/ai-chatbot-for-website,6 AI chatbots for your website that actually convert (2026),vendor,False,False
best ai chatbot for website,b2b,youtube.com,https://www.youtube.com/watch?v=sICqJhBo3aM&vl=en,Top 5+ AI Chatbots for Your E-Commerce Business,ugc,True,True
best ai chatbot for website,b2b,g2.com,https://www.g2.com/categories/chatbots,Best Chatbots Software: User Reviews from August 2026 - G2,editorial,True,True
best ai chatbot for website,b2b,youtube.com,https://www.youtube.com/watch?v=IIfNtUz3bkY,Top 5 AI Chatbot Platforms for Business 2025,ugc,True,True
best ai sdr tools,b2b,amplemarket.com,https://www.amplemarket.com/blog/best-ai-sales-agents,"8 best AI sales agents and AI SDR tools in 2026, compared",vendor,True,False
best ai sdr tools,b2b,salescaptain.io,https://www.salescaptain.io/blog/ai-sdr-tools,"14 Best AI SDR Tools in 2026 (Ranked, Reviewed, and Battle-Tested)",vendor,True,False
best ai sdr tools,b2b,11x.ai,https://www.11x.ai/guides/ai-sdr-tools-b2b-sales-teams,10 Best AI SDR Tools for B2B Sales Teams in 2026 - 11x,vendor,True,False
best ai sdr tools,b2b,pipeline.zoominfo.com,https://pipeline.zoominfo.com/sales/ai-sdr-for-outbound-sales,10 Best AI SDR Software Platforms of 2026 - ZoomInfo Blog,vendor,True,False
best ai sdr tools,b2b,coldreach.ai,https://coldreach.ai/blog/ai-sales-agents-for-b2b-outreach,We Tried 10 AI SDR Agents and AI Sales Agents for B2B Outreach,vendor,False,True
best ai sdr tools,b2b,1mind.com,https://www.1mind.com/blog-articles/best-ai-sdr-tools,7 best AI SDR tools for pipeline in 2026 - 1mind,vendor,True,False
best ai sdr tools,b2b,youtube.com,https://www.youtube.com/watch?v=HKWiYe_DyOM&t=289,Best AI Tools for Sales Prospecting in 2026,ugc,True,True
best ai voice agents,b2b,youtube.com,https://www.youtube.com/watch?v=Kirz9xM6QaM&t=342,I Tested 8 AI Voice Agent Platforms So You Don't Have To,ugc,False,False
best ai voice agents,b2b,arahi.ai,https://arahi.ai/blog/best-ai-voice-agents,Best AI Voice Agents 2026: 11 Platforms Ranked & Tested | Arahi AI,vendor,True,True
best ai voice agents,b2b,youtube.com,https://www.youtube.com/watch?v=BpqgtEk9Zyc&t=592,I Tested The 6 Best Voice AI Platforms in 2026 (Here's The Winner),ugc,True,False
best ai voice agents,b2b,retellai.com,https://www.retellai.com/blog/best-voice-ai-providers,8 Best Voice AI Platforms for 2026 (Tested and Ranked) - Retell AI,vendor,True,True
best ai voice agents,b2b,cekura.ai,https://www.cekura.ai/blogs/best-ai-voice-agent-platforms,8 Best AI Voice Agent Platforms in 2026 (Tested on Real Calls),vendor,True,False
best ai voice agents,b2b,youtube.com,https://www.youtube.com/watch?v=BpqgtEk9Zyc,I Tested The 6 Best Voice AI Platforms in 2026 (Here's The Winner),ugc,True,False
best ai voice agents,b2b,youtube.com,https://www.youtube.com/watch?v=bpvKtZVsqpk,This NEW AI Voice Agent Platform Is WILD!,ugc,False,False
best ai voice agents,b2b,youtube.com,https://www.youtube.com/watch?v=UhFyra1AOJQ,Best AI Voice Agents for Business in 2026: Complete Review,ugc,True,False
best ai voice agents,b2b,youtube.com,https://www.youtube.com/watch?v=y_ULlNs8q2o,"I Tested Every AI Voice Agent, These 3 Sound the Most Human",ugc,False,False
best applicant tracking system,b2b,g2.com,https://www.g2.com/categories/applicant-tracking-systems-ats,Best Applicant Tracking Systems (ATS) - G2,editorial,True,True
best applicant tracking system,b2b,zapier.com,https://zapier.com/blog/best-applicant-tracking-systems/,The 9 best applicant tracking systems in 2026 | Zapier,blog,True,False
best applicant tracking system,b2b,metaview.ai,https://www.metaview.ai/resources/blog/best-applicant-tracking-software,Best applicant tracking software for recruiting teams. - Metaview,blog,True,False
best applicant tracking system,b2b,sparkhire.com,https://www.sparkhire.com/guides/best-applicant-tracking-system/,The Best Applicant Tracking System Software in 2026 - Spark Hire,vendor,True,False
best applicant tracking system,b2b,peopleforce.io,https://peopleforce.io/blog/top-ats-systems,Top 10 ATS systems: The ultimate recruiter's guide - PeopleForce.io,vendor,True,False
best applicant tracking system,b2b,profitbooks.net,https://profitbooks.net/best-applicant-tracking-systems/,Best Applicant Tracking Systems (Updated In 2026) - ProfitBooks,blog,True,True
best applicant tracking system,b2b,youtube.com,https://www.youtube.com/watch?v=fTaa-rnTb4A,Top 5 Applicant Tracking Software in 2026,ugc,True,False
best business intelligence tools,b2b,ovaledge.com,https://www.ovaledge.com/blog/business-intelligence-tools,10 Best Business Intelligence Tools Compared (2026) - OvalEdge,blog,True,False
best business intelligence tools,b2b,mopinion.com,https://mopinion.com/business-intelligence-bi-tools-overview/,Top 15 Business Intelligence tools in 2026: an overview - Mopinion,blog,True,True
best business intelligence tools,b2b,gartner.com,https://www.gartner.com/reviews/market/analytics-business-intelligence-platforms,Best Analytics and Business Intelligence Platforms Reviews 2026,editorial,True,True
best business intelligence tools,b2b,domo.com,https://www.domo.com/learn/article/business-intelligence-tools,Top Business Intelligence Tools: 12 BI Tools for 2026 - Domo,vendor,False,False
best business intelligence tools,b2b,qlik.com,https://www.qlik.com/us/business-intelligence/business-intelligence-tools,"Best Business Intelligence Tools in 2026: Compared, Rated & Reviewed",vendor,True,True
best business intelligence tools,b2b,medium.com,https://medium.com/@hugolu87/every-single-bi-tool-ever-ranked-95630f92d7e6,Every single BI Tool Ever Ranked - Medium,blog,True,False
best business intelligence tools,b2b,tinybird.co,https://www.tinybird.co/blog/business-intelligence-software,Business Intelligence Software: 10 Best Options Compared for 2026,blog,True,True
best business intelligence tools,b2b,youtube.com,https://www.youtube.com/watch?v=5MhS-np7yRY,Top 3 BI Tools on the Marketplace: Which Is Best for Your Business?,ugc,True,False
best business intelligence tools,b2b,youtube.com,https://www.youtube.com/watch?v=LrNrR0qvrTk,5 Best BI Tools to Supercharge Workday Reporting | ZaranTech,ugc,True,False
best business password manager,b2b,reddit.com,https://www.reddit.com/r/PasswordManagers/comments/1oy1tu4/best_overall_password_manager_for_a_small_business/,Best overall password manager for a small business? - Reddit,ugc,True,True
best business password manager,b2b,1password.com,https://1password.com/business-security,Password Manager for Business Security | 1Password,vendor,False,False
best business password manager,b2b,youtube.com,https://www.youtube.com/watch?v=48ahZoAiVec&t=284,Best password manager for business | Top password manager review 2026!,ugc,True,False
best business password manager,b2b,gartner.com,https://www.gartner.com/reviews/market/password-management-tools,Best Password Management Tools Reviews 2026 | Gartner Peer Insights,editorial,True,True
best business password manager,b2b,bitwarden.com,https://bitwarden.com/products/business/,Top Business Password Manager - Bitwarden,vendor,False,True
best business password manager,b2b,securden.com,https://www.securden.com/blog/password-managers-for-teams.html,7 Best Password Managers for Teams (Updated 2026) - Securden,vendor,True,True
best business password manager,b2b,community.spiceworks.com,https://community.spiceworks.com/t/what-password-manager-is-best-for-all-users-in-a-company/1153401,What password manager is best for all users in a company?,ugc,True,False
best business password manager,b2b,zdnet.com,https://www.zdnet.com/article/best-password-managers-for-business/,The best password managers for businesses: Expert tested - ZDNET,editorial,True,False
best business password manager,b2b,youtube.com,https://www.youtube.com/watch?v=JEz9ppzsuIQ&t=104,Best Password Managers for Teams 2025: Enterprise Comparison,ugc,True,False
best business password manager,b2b,allaboutcookies.org,https://allaboutcookies.org/best-password-managers-for-businesses,The Best Password Managers for Businesses 2026 - All About Cookies,editorial,True,False
best business password manager,b2b,inland-prod.com,https://www.inland-prod.com/2025/10/23/which-password-manager-is-best-for-your-business/,Which Password Manager Is Best For Your Business?,unknown,True,True
best business password manager,b2b,youtube.com,https://www.youtube.com/watch?v=JEz9ppzsuIQ,Best Password Managers for Teams 2025: Enterprise Comparison,ugc,True,False
best business password manager,b2b,youtube.com,https://www.youtube.com/watch?v=48ahZoAiVec,Best password manager for business | Top password manager review 2026!,ugc,True,False
best business password manager,b2b,youtube.com,https://www.youtube.com/watch?v=EBBNgdOXTS0,Best Password Manager IN 3 MINUTES | My TOP 3 picks,ugc,True,False
best call center software,b2b,zendesk.com,https://www.zendesk.com/service/voice/call-center-software/,Top 12 call center software solutions for 2026 - Zendesk,vendor,True,True
best call center software,b2b,salesforce.com,https://www.salesforce.com/service/contact-center/call-center/software/,10 Best Call Center Software Solutions for 2026 - Salesforce,vendor,True,True
best call center software,b2b,forbes.com,https://www.forbes.com/advisor/business/software/best-call-center-software/,10 Best Call Center Software – Forbes Advisor,editorial,True,False
best call center software,b2b,reddit.com,https://www.reddit.com/r/SysAdminBlogs/comments/1idt1o4/which_contact_center_software_is_best_for_a_large/,Which Contact Center Software is best for a large customer service ...,ugc,True,True
best call center software,b2b,ringcentral.com,https://www.ringcentral.com/cloud-contact-center.html,Cloud Contact Center Software: Top Call Center Platforms Compared ...,vendor,True,True
best call center software,b2b,youtube.com,https://www.youtube.com/watch?v=axW2HNQ4ypQ&vl=en-US&t=156,The Best Call Center Software For Healthcare Companies: 6 Must Haves,ugc,True,False
best call center software,b2b,nice.com,https://www.nice.com/info/whats-the-best-call-center-software-for-enterprise-contact-centers,What's the Best Call Center Software for Enterprise Businesses? - NiCE,vendor,True,True
best call center software,b2b,blitzz.co,https://blitzz.co/blog/best-call-center-software-guide-2027,"A Practical Guide to Best Call Center Software - Blitzz, Inc.",blog,True,True
best call center software,b2b,youtube.com,https://www.youtube.com/watch?v=1hv3IqZb5ps&t=14,7 Best Contact Center Software 2025 (Omnichannel Customer Service ...,ugc,True,False
best call center software,b2b,enterprisebot.ai,https://www.enterprisebot.ai/blog/contact-center-software,11 Best Contact Center Software Solutions for 2026 - Enterprise Bot,blog,True,False
best cold email software,b2b,zapier.com,https://zapier.com/blog/best-cold-email-software/,The 8 best cold email software options in 2026 - Zapier,blog,True,True
best cold email software,b2b,reddit.com,https://www.reddit.com/r/Emailmarketing/comments/1c73ia7/best_cold_email_outreach_tool_unbiased_answer/,Best Cold Email Outreach Tool? (unbiased answer please) - Reddit,ugc,True,True
best cold email software,b2b,snov.io,https://snov.io/blog/cold-email-ai/,11 Best Cold Email AI Tools for 2026: My Honest Review,vendor,True,True
best cold email software,b2b,pipeline.zoominfo.com,https://pipeline.zoominfo.com/sales/cold-email-software,9 Best Cold Email Software Tools for Sales Teams in 2026,vendor,True,False
best cold email software,b2b,leadsmonky.com,https://leadsmonky.com/best-cold-email-outreach-software/,6 Best Cold Email Outreach Software 2026 | Ranked & Tested,vendor,True,True
best cold email software,b2b,scrap.io,https://scrap.io/best-cold-email-software,Best Cold Email Software in 2026: 7 Tools That Actually Get Replies,blog,True,False
best cold email software,b2b,youtube.com,https://www.youtube.com/watch?v=NcWZQCA6Gkw&t=38,Best Cold Email Software in 2026 (Top 5 Tested & Compared),ugc,True,False
best contract management software,b2b,gartner.com,https://www.gartner.com/reviews/market/contract-life-cycle-management,Best Contract Life Cycle Management Reviews 2026 | Gartner Peer Insights,editorial,True,True
best contract management software,b2b,juro.com,https://juro.com/learn/contract-management-software,Best contract management software: a buyer's guide for 2026 - Juro,vendor,True,True
best contract management software,b2b,salesforce.com,https://www.salesforce.com/sales/revenue-lifecycle-management/contract-management-software/,6 Best Contract Management Software Solutions: Guide for 2026,vendor,True,True
best contract management software,b2b,summize.com,https://www.summize.com/clm-hub/best-clm-software,Best Contract Lifecycle Management (CLM) Software for 2026 - Summize,vendor,True,True
best contract management software,b2b,youtube.com,https://www.youtube.com/watch?v=2ZTIdiBb3Z4&t=6,7 Best Contract Management Software Tools in 2026 (Full Demo & ...,ugc,True,False
best contract management software,b2b,youtube.com,https://www.youtube.com/watch?v=05ucKbUr6UQ&t=173,Top Contract Management Software Comparison 2025,ugc,False,False
best contract management software,b2b,g2.com,https://www.g2.com/categories/contract-management,Best Contract Management Software: User Reviews from August 2026 - G2,editorial,True,True
best crm for real estate,b2b,forbes.com,https://www.forbes.com/advisor/business/software/best-real-estate-crm/,10 Best Real Estate CRMs of 2026 - Forbes,editorial,True,True
best crm for real estate,b2b,youtube.com,https://www.youtube.com/watch?v=xTbPS0c7e-U&t=197,How to Choose the Best Real Estate CRM in 2026,ugc,True,True
best crm for real estate,b2b,learn.realscout.com,https://learn.realscout.com/academy/best-real-estate-crm-software/,Best Real Estate CRM Software for Agents & Teams - RealScout,vendor,True,True
best crm for real estate,b2b,zoho.com,https://www.zoho.com/crm/verticals/real-estate/,Real estate CRM software for accelerated sales,vendor,False,True
best crm for real estate,b2b,zapier.com,https://zapier.com/blog/crm-for-real-estate/,The 9 best CRM Software for Real Estate Agents in 2026 - Zapier,blog,True,False
best crm for real estate,b2b,quickbase.com,https://www.quickbase.com/blog/the-best-crm-software-for-real-estate,The Best CRM Software for Real Estate & Developers [2026],blog,True,True
best crm for real estate,b2b,monday.com,https://monday.com/blog/crm-and-sales/real-estate-agent-crm-software/,Best Real Estate Agent CRM Software: 10 Best Platforms Compared,vendor,True,False
best crm for small business,b2b,reddit.com,https://www.reddit.com/r/CRM/comments/1e5141p/best_and_inexpensive_crm_for_small_business/,Best and inexpensive CRM for small business - Reddit,ugc,True,True
best crm for small business,b2b,slack.com,https://slack.com/blog/crm/best-crm-for-small-business,Best CRM for Small Business in 2026 - Slack,blog,True,True
best crm for small business,b2b,uschamber.com,https://www.uschamber.com/co/start/strategy/low-cost-crm-tools,10 Free or Low-Cost CRM Tools for Small Businesses,editorial,False,True
best crm for small business,b2b,youtube.com,https://www.youtube.com/watch?v=wkTtcnYWoAM&t=714,Best CRM for Small Business 2026 | TOP choices that still hold up!,ugc,True,True
best crm for small business,b2b,salesforce.com,https://www.salesforce.com/crm/crm-for-small-business/best-crm/,Best Small Business CRM in 2026 - Salesforce,vendor,True,False
best crm for small business,b2b,fayedigital.com,https://fayedigital.com/blog/best-crm-for-small-business/,Best CRM for Small Business: 2026 Guide - Faye Digital,blog,True,True
best crm for small business,b2b,innowise.com,https://innowise.com/blog/best-crm-for-small-business/,Reviews of the best CRMs for a small business in 2026 - Innowise,blog,True,False
best crm for small business,b2b,youtube.com,https://www.youtube.com/watch?v=Zq1kfwRWkmk&t=836,BEST CRM Software | Tested 15 CRMs for 2026 (HONEST Opinion),ugc,True,True
best crm for small business,b2b,zendesk.com,https://www.zendesk.com/sell/crm/small-business/,5 best CRMs for small businesses in 2026 - Zendesk,vendor,True,False
best crm for small business,b2b,youtube.com,https://www.youtube.com/shorts/Ex_dGycF2J4,Best CRM for small business,ugc,True,True
best crm software,b2b,reddit.com,https://www.reddit.com/r/CRM/comments/1o0r9ot/whats_the_best_crm_youre_using_right_now_and_why/,What's the best CRM you're using right now and why? - Reddit,ugc,True,True
best crm software,b2b,pcmag.com,https://www.pcmag.com/picks/the-best-crm-software,The Best CRM Software We've Tested for 2026 | PCMag,editorial,True,False
best crm software,b2b,youtube.com,https://www.youtube.com/watch?v=0p92peQETVk,What CRM Software Is The Best For Beginners? - YouTube,ugc,True,True
best crm software,b2b,g2.com,https://www.g2.com/categories/crm,Best CRM Software: User Reviews from September 2026 - G2,editorial,True,True
best crm software,b2b,uk.pcmag.com,https://uk.pcmag.com/crm-software/67398/the-best-crm-software,The Best CRM Software for 2026 - PCMag UK,editorial,True,False
best crm software,b2b,youtube.com,https://www.youtube.com/watch?v=rLeqvO7-cDo&t=425,Best CRM Software | Top 5 Excellent Options! (2025),ugc,True,True
best crm software,b2b,youtube.com,https://www.youtube.com/watch?v=Zq1kfwRWkmk&t=836,BEST CRM Software | Tested 15 CRMs for 2026 (HONEST Opinion),ugc,True,True
best crm software,b2b,youtube.com,https://www.youtube.com/watch?v=rLeqvO7-cDo,Best CRM Software | Top 5 Excellent Options! (2025),ugc,True,True
best crm software,b2b,youtube.com,https://www.youtube.com/watch?v=HNTtB25lO3c,5 Best CRM Software for Sales Teams,ugc,True,True
best customer feedback tools,b2b,typeform.com,https://www.typeform.com/blog/customer-feedback-tools,The 15 best customer feedback tools reviewed,vendor,True,False
best customer feedback tools,b2b,ever-help.com,https://www.ever-help.com/blog/customer-feedback-systems,Customer Feedback Systems: Best Tools & Practices for 2026,blog,True,False
best customer feedback tools,b2b,frill.co,https://frill.co/blog/customer-feedback-software,Top 15 Customer Feedback Software to Use in 2026 - Frill Blog,vendor,True,False
best customer feedback tools,b2b,softwareworld.co,https://www.softwareworld.co/customer-feedback-software/,List of Top Customer Feedback Software - Aug 2026 Reviews,editorial,False,True
best dashboard software,b2b,reddit.com,https://www.reddit.com/r/BusinessIntelligence/comments/1kv0pe4/best_dashboard_tools/,Best dashboard tools? : r/BusinessIntelligence - Reddit,ugc,True,True
best dashboard software,b2b,reddit.com,https://www.reddit.com/r/BusinessIntelligence/comments/1mv1b4f/best_dashboard_software_for_small_company/,Best dashboard software for small company? : r/BusinessIntelligence,ugc,True,True
best dashboard software,b2b,domo.com,https://www.domo.com/learn/article/dashboard-tools,"Best Dashboard Software: 15 Tools, Reviews + Pricing - Domo",vendor,True,True
best dashboard software,b2b,geckoboard.com,https://www.geckoboard.com/resources/best-dashboard-software-buyers-guide/,Choosing the best dashboard software | A buyer’s guide | Geckoboard,vendor,True,True
best dashboard software,b2b,youtube.com,https://www.youtube.com/watch?v=2z_2UUcPi-U&t=11,7 Best Dashboard Software Tools in 2025 (Full Demo & Comparison),ugc,True,False
best dashboard software,b2b,zoho.com,https://www.zoho.com/analytics/insightshq/best-dashboard-software.html,Best Dashboard Software: Top 5 Tools Compared | Zoho Analytics,vendor,True,False
best dashboard software,b2b,intl.finebi.com,https://intl.finebi.com/en-US/blog/dashaboard-software,Best Free Dashboard Software 2026: 25 Tools Compared,vendor,True,False
best dashboard software,b2b,youtube.com,https://www.youtube.com/watch?v=5rw665A3mHE,11 Best Digital Analytics Tools in 2025 (Ranked by Categores & Use Cases),ugc,True,False
best data warehouse,b2b,domo.com,https://www.domo.com/learn/article/best-data-warehouse-platforms,10 Best Data Warehouse Platforms in 2026 - Domo,blog,True,True
best data warehouse,b2b,databricks.com,https://www.databricks.com/blog/data-warehouse-tools,Top Data Warehouse Tools For Modern Data Analytics - Databricks,vendor,False,True
best data warehouse,b2b,qlik.com,https://www.qlik.com/us/cloud-data-migration/cloud-data-warehouse,Best Cloud Data Warehouse Solutions in 2026 - Qlik,blog,True,True
best data warehouse,b2b,g2.com,https://www.g2.com/categories/data-warehouse,Best Data Warehouse Solutions: User Reviews from August 2026 - G2,editorial,True,True
best data warehouse,b2b,youtube.com,https://www.youtube.com/watch?v=Y4kyzO54crg&t=168,"Cloud Data Warehousing: Platforms, Architecture, Comparisons & Best ...",ugc,True,False
best document management software,b2b,spiceworks.com,https://www.spiceworks.com/soft-tech/top-10-document-management-systems/,10 Popular Document Management Systems (DMS) - Spiceworks,editorial,True,True
best document management software,b2b,gartner.com,https://www.gartner.com/reviews/market/document-management,Best Document Management Reviews 2026 | Gartner Peer Insights,editorial,True,True
best document management software,b2b,business.com,https://www.business.com/categories/document-management-software/,Best Document Management Software Reviews of 2026,editorial,True,True
best document management software,b2b,folderit.com,https://www.folderit.com/,Folderit: Document Management Software (DMS),vendor,False,True
best document management software,b2b,zdnet.com,https://www.zdnet.com/article/best-document-management-software/,The best document management software of 2026: Expert tested,editorial,True,False
best document management software,b2b,youtube.com,https://www.youtube.com/watch?v=6Vwg66GIYEg&vl=en,Best Document Management Software in 2026 (AI Features ...,ugc,True,False
best document management software,b2b,youtube.com,https://www.youtube.com/watch?v=zWMg1x0NfAY,Best Document Management Systems 2025: Secure File ...,ugc,True,False
best ecommerce platform,b2b,reddit.com,https://www.reddit.com/r/ecommerce/comments/1n6s43r/which_ecommerce_platform_should_i_use_for_my/,Which E-Commerce Platform Should I Use for My Online Store? - Reddit,ugc,False,True
best ecommerce platform,b2b,forbes.com,https://www.forbes.com/advisor/business/software/best-ecommerce-platform/,10 Best E-Commerce Platforms - Forbes,editorial,True,True
best ecommerce platform,b2b,youtube.com,https://www.youtube.com/watch?v=FgdViqA_wwY&t=302,Best Ecommerce Platform | Top 5 All-in-One Options Ranked for 2026,ugc,True,True
best ecommerce platform,b2b,ecomm.design,https://ecomm.design/best-ecommerce-platforms-for-beginners/,Best Ecommerce Platforms for Beginners: Expert Picks for 2026,blog,True,False
best ecommerce platform,b2b,youtube.com,https://www.youtube.com/watch?v=EGWyTTe6lmA&t=319,Which eCommerce Platform Will You Still Want in 2 Years?,ugc,False,True
best ecommerce platform,b2b,pcmag.com,https://www.pcmag.com/picks/the-best-e-commerce-software,The Best E-Commerce Software We've Tested for 2026 | PCMag,editorial,True,False
best ecommerce platform,b2b,techrepublic.com,https://www.techrepublic.com/forums/discussions/which-platform-is-best-for-ecommerce-store-development/,Which platform is best for ecommerce store development? - TechRepublic,editorial,True,False
best ecommerce platform,b2b,techradar.com,https://www.techradar.com/news/the-best-ecommerce-platform,The 8 best ecommerce platforms of 2026 - TechRadar,editorial,True,False
best ecommerce platform,b2b,bolt.com,https://www.bolt.com/thinkshop/16-best-ecommerce-platforms,16 Best Ecommerce Platforms for Your Online Business - Bolt,blog,True,False
best ecommerce platform,b2b,technologyadvice.com,https://technologyadvice.com/blog/sales/best-ecommerce-platforms/,10 Best Ecommerce Platforms for 2026 (Tested & Ranked),editorial,True,True
best ecommerce platform,b2b,ecommerce-platforms.com,https://ecommerce-platforms.com/,Ecommerce Platforms - Top Ecommerce Platforms Compared ...,editorial,True,True
best email marketing software,b2b,reddit.com,https://www.reddit.com/r/DigitalMarketing/comments/1qauudt/whats_the_best_email_marketing_platform_to/,What's the best email marketing platform to consider? - Reddit,ugc,True,True
best email marketing software,b2b,youtube.com,https://www.youtube.com/watch?v=CGpOK2CEUo0&vl=en,My Top 5 Email Marketing Software for Small Business in 2026,ugc,True,True
best email marketing software,b2b,pcmag.com,https://www.pcmag.com/picks/the-best-email-marketing-software,The Best Email Marketing Software We've Tested for 2026 - PCMag,editorial,True,False
best email marketing software,b2b,uk.pcmag.com,https://uk.pcmag.com/email-marketing/3708/the-best-email-marketing-software,The Best Email Marketing Software for 2026 - PCMag UK,editorial,True,False
best email marketing software,b2b,zapier.com,https://zapier.com/blog/free-email-marketing-software/,The 8 Best Free Email Marketing Services in 2026 - Zapier,blog,True,True
best email marketing software,b2b,youtube.com,https://www.youtube.com/watch?v=-kyZGbMRLFg,Best Email Marketing Platforms – Our Picks After Testing 30+ Tools,ugc,True,True
best email marketing software,b2b,youtube.com,https://www.youtube.com/watch?v=uCeC57yTdNQ&vl=en-US&t=919,The Best Email Marketing Tool for 2026,ugc,True,True
best email marketing software,b2b,g2.com,https://www.g2.com/categories/email-marketing,Best Email Marketing Software: User Reviews from August 2026 - G2,editorial,True,True
best email marketing software,b2b,sequenzy.com,https://www.sequenzy.com/blog/best-email-marketing-tools,The 21 Best Email Marketing Tools in 2026 (Tested & Compared),vendor,True,False
best email marketing software,b2b,skrapp.io,https://skrapp.io/blog/best-email-marketing-platforms/,11 Best Email Marketing Platforms in 2026 Compared - Skrapp.io,blog,True,False
best endpoint protection,b2b,reddit.com,https://www.reddit.com/r/sysadmin/comments/1e3s5h2/best_corporate_antivirusendpoint_protection/,Best Corporate Anti-Virus/Endpoint Protection : r/sysadmin - Reddit,ugc,True,True
best endpoint protection,b2b,gartner.com,https://www.gartner.com/reviews/market/endpoint-protection-platforms,Endpoint Protection Platforms (Transitioning to Endpoint Protection),editorial,False,True
best endpoint protection,b2b,sophos.com,https://www.sophos.com/en-us/products/endpoint-security,Sophos Endpoint - AI-powered Endpoint Security,vendor,False,True
best endpoint protection,b2b,youtube.com,https://www.youtube.com/watch?v=mJ7lFskjVvU,"Top Antivirus Software for 2026: SentinelOne, Defender & ...",ugc,False,False
best endpoint protection,b2b,google.com,"https://www.google.com/search?q=product&prds=pvt:hg,productid:11336627862697177043,catalogid:9604919971931781323,gpcid:11080026270604819972&ibp=oshop",CrowdStrike Falcon Enterprise Comprehensive Cybersecurity for Businesses,other,False,False
best erp software,b2b,zapier.com,https://zapier.com/blog/best-erp-software/,The 8 best ERP software systems in 2025 - Zapier,blog,True,False
best erp software,b2b,g2.com,https://www.g2.com/categories/erp-systems,Best ERP Systems: User Reviews from August 2026 - G2,editorial,True,True
best erp software,b2b,domo.com,https://www.domo.com/learn/article/best-erp-platforms,10 Best ERP Platforms in 2026,blog,True,False
best erp software,b2b,gartner.com,https://www.gartner.com/reviews/market/cloud-erp-for-product-centric-enterprises,Best Cloud ERP for Product-Centric Enterprises Reviews 2026 - Gartner,editorial,True,True
best erp software,b2b,erpresearch.com,https://www.erpresearch.com/en-us/best-erp,Best ERP Software 2026: 20+ Systems Independently Compared,editorial,True,False
best erp software,b2b,en.wikipedia.org,https://en.wikipedia.org/wiki/List_of_ERP_software_packages,List of ERP software packages - Wikipedia,other,False,True
best erp software,b2b,youtube.com,https://www.youtube.com/shorts/IA2nlRHlpYY,🏆 Best ERP Systems for Multinational Companies (Tier List),ugc,True,False
best esignature software,b2b,zapier.com,https://zapier.com/blog/best-digital-signature-apps/,The 6 best electronic signature apps to sign documents online in 2026,blog,True,True
best esignature software,b2b,g2.com,https://www.g2.com/categories/e-signature,Best E-Signature Software: User Reviews from August 2026 - G2,editorial,True,False
best esignature software,b2b,gonitro.com,https://www.gonitro.com/best-esign-software,"Best eSign Software 2026 | Secure, Compliant eSignature Solutions",vendor,True,False
best esignature software,b2b,proposify.com,https://www.proposify.com/blog/best-e-signature-software,10 Best E-Signature Software for Sales Teams in 2026 - Proposify,vendor,True,False
best esignature software,b2b,fillhq.com,https://www.fillhq.com/blog/best-electronic-signature-apps,Best Electronic Signature Apps (Tested & Compared for 2026) | Fill,vendor,True,False
best esignature software,b2b,thedigitalprojectmanager.com,https://thedigitalprojectmanager.com/tools/best-e-signature-software/,10 Best E-signature Software Reviewed For 2026,editorial,True,False
best esignature software,b2b,signwell.com,https://www.signwell.com/electronic-signature/,"Free Electronic Signature Software - Simple, Compliant, and Affordable",vendor,False,True
best esignature software,b2b,oneflow.com,https://oneflow.com/blog/the-best-electronic-signature-software-out-there/,Top 10 electronic signature software out there in 2026 - Oneflow,vendor,True,False
best etl tools,b2b,reddit.com,https://www.reddit.com/r/dataengineering/comments/17oljhd/best_etl_tool/,Best ETL tool? : r/dataengineering - Reddit,ugc,True,True
best etl tools,b2b,fivetran.com,https://www.fivetran.com/learn/etl-tools,Top 14 ETL Tools: Compare the Best Data Integration Tools - Fivetran,vendor,True,True
best etl tools,b2b,zapier.com,https://zapier.com/blog/etl-tools/,9 best ETL Tools in 2026 | Zapier,blog,True,True
best etl tools,b2b,txminds.com,https://www.txminds.com/blog/best-etl-tools-for-data-warehousing/,10 Best ETL Tools for Data Warehousing in 2026 - TxMinds,blog,True,False
best etl tools,b2b,dataquest.io,https://www.dataquest.io/blog/etl-tools-practical-guide-with-examples/,The Best ETL Tools in 2026: A Practical Guide with Code Examples,blog,True,False
best etl tools,b2b,kestra.io,https://kestra.io/resources/data/etl-pipeline-tools,Best ETL Pipeline Tools in 2026 - Kestra,vendor,True,False
best etl tools,b2b,youtube.com,https://www.youtube.com/watch?v=vg4UBWFOMQs,Best Salesforce ETL Tools in 2026,ugc,True,True
best etl tools,b2b,youtube.com,https://www.youtube.com/watch?v=2YojdTn8E48,The Best ETL Tools in 2026 (Compared),ugc,True,True
best etl tools,b2b,youtube.com,https://www.youtube.com/watch?v=ORds7uzece4,Top 15 ETL Tools in 2025,ugc,True,True
best expense management software,b2b,expensify.com,https://www.expensify.com/,Expensify: Spend Management Software for Receipts & Expenses,vendor,False,True
best expense management software,b2b,bill.com,https://www.bill.com/blog/best-expense-management-software,Best Expense Management Software of 2026: Reviews & Pricing - BILL,vendor,True,True
best expense management software,b2b,bill.com,https://www.bill.com/blog/best-expense-tracking-software,6 Best expense tracking software of 2026 For SMBs: Reviews & pricing,vendor,True,True
best expense management software,b2b,ramp.com,https://ramp.com/blog/expense-tracker-for-business,Best Expense Trackers for Business in 2026 - Ramp,vendor,True,True
best expense management software,b2b,paylocity.com,https://www.paylocity.com/why-paylocity/compare/lists/best-expense-management-software/,The 10 Best Expense Management Software Tools [2026] - Paylocity,vendor,True,False
best expense management software,b2b,bill.com,https://www.bill.com/blog/best-expense-reporting-tools,5 Best Expense Reporting Tools in 2026 - BILL,vendor,True,True
best expense management software,b2b,airwallex.com,https://www.airwallex.com/en-us/blog/best-expense-management-software,10 Best Expense Management Software Tools of 2026 - Airwallex,vendor,True,False
best field service management software,b2b,fieldcamp.ai,https://fieldcamp.ai/blog/best-field-service-management-software/,11 Best Field Service Management Software in 2026 - FieldCamp,vendor,True,True
best field service management software,b2b,fieldservicesoftware.io,https://fieldservicesoftware.io/best-field-service-software/,Best field-service-management software (2026),editorial,True,True
best field service management software,b2b,knockio.com,https://knockio.com/blog/best-field-service-management-software-small-business/,10 Best Field Service Management Software for Small Business,vendor,True,False
best field service management software,b2b,simprogroup.com,https://www.simprogroup.com/blog/best-field-service-management-software,Best Field Service Management Software: 14 Tools for 2026 - Simpro,vendor,True,False
best field service management software,b2b,g2.com,https://www.g2.com/discussions/what-s-the-best-field-service-management-software-for-a-small-business,What's the best field service management software for a small ...,editorial,True,False
best form builder,b2b,reddit.com,https://www.reddit.com/r/nocode/comments/10l3gcr/what_is_your_favourite_nocode_form_builder/,What is your favourite no-code form builder? : r/nocode - Reddit,ugc,False,True
best form builder,b2b,zapier.com,https://zapier.com/blog/best-online-form-builder-software/,The 13 best online form builder apps - Zapier,blog,True,True
best form builder,b2b,youtube.com,https://www.youtube.com/watch?v=KsPIm-CU0vk&t=714,5 Forms Builders You Need to Know About (2025),ugc,False,True
best form builder,b2b,youtube.com,https://www.youtube.com/watch?v=XTX6zvRsddE&vl=en,Best Form Builders in 2026 (Google Forms Alternatives Compared),ugc,True,True
best form builder,b2b,youtube.com,https://www.youtube.com/watch?v=C6nnBVYjCwY&t=441,I Tested the Best Form Builders — Here's the Winner,ugc,True,True
best form builder,b2b,highcharts.com,https://www.highcharts.com/blog/best-practices/10-best-form-builders-to-boost-success/,10 best form builders to boost success - Highcharts,blog,True,False
best form builder,b2b,g2.com,https://www.g2.com/categories/online-form-builder,Best Online Form Builder Software: User Reviews from August 2026 - G2,editorial,True,False
best form builder,b2b,linkedin.com,https://www.linkedin.com/pulse/best-form-builders-2026-i-compared-10-tools-so-you-dont-vlad-gozman-vcaxf,Best form builders in 2026: I compared 10 tools so you don't have to,ugc,True,False
best form builder,b2b,orbitforms.ai,https://orbitforms.ai/blog/top-rated-form-builder-platforms,6 Top-Rated Form Builder Platforms for High-Growth Teams in 2026,vendor,True,False
best form builder,b2b,youtube.com,https://www.youtube.com/watch?v=C6nnBVYjCwY,I Tested the Best Form Builders — Here's the Winner,ugc,True,True
best form builder,b2b,youtube.com,https://www.youtube.com/watch?v=7k_s2u73GmE,5 Best Online Form Builders in 2026 | Live Build Comparison,ugc,True,True
best form builder,b2b,youtube.com,https://www.youtube.com/watch?v=AYKCgxzGp3c,Top 5 best form builders for business in 2025,ugc,True,True
best form builder,b2b,emailtooltester.com,https://www.emailtooltester.com/en/blog/best-online-form-builder/,Best Online Form Builder to use in 2026 | Top 20 Tools,editorial,True,True
best heatmap software,b2b,g2.com,https://www.g2.com/categories/heatmap-tools,Best Heatmap Tools: User Reviews from August 2026 - G2,editorial,True,True
best heatmap software,b2b,zoho.com,https://www.zoho.com/pagesense/conversion-playbook/best-heatmap-session-recording-tools.html,Best Heatmap and Session Recording tools in 2026 | Zoho PageSense,vendor,True,False
best heatmap software,b2b,bloggingwizard.com,https://bloggingwizard.com/heatmap-software-tools/,11 Best Heatmap Software Tools (2026 Pros And Cons),blog,True,True
best help desk software,b2b,pcmag.com,https://www.pcmag.com/picks/the-best-it-help-desk-software,The Best IT Help Desk Software We've Tested for 2026 | PCMag,editorial,True,True
best help desk software,b2b,g2.com,https://www.g2.com/categories/help-desk,Best Help Desk Software: User Reviews from August 2026 - G2,editorial,True,True
best help desk software,b2b,ever-help.com,https://www.ever-help.com/blog/best-help-desk-software-top-picks-comparison,"Best Help Desk Software for 2026: Compare Top Tools, Pricing & ...",vendor,True,False
best help desk software,b2b,youtube.com,https://www.youtube.com/watch?v=LQrHEH40oVw&t=287,Bolddesk vs Zendesk: Best Helpdesk Software in 2026,ugc,True,True
best help desk software,b2b,helply.com,https://helply.com/blog/helpdesk-ticketing-systems-small-business,Best Helpdesk Ticketing Systems for Small Business (2026) - Helply,vendor,True,False
best help desk software,b2b,youtube.com,https://www.youtube.com/watch?v=xLOqD2OFczk&t=100,Top 5 Helpdesk Software of 2026,ugc,True,True
best help desk software,b2b,youtube.com,https://www.youtube.com/watch?v=4mUe30vPLT4,YouTube,ugc,False,True
best hr software,b2b,forbes.com,https://www.forbes.com/advisor/business/software/best-human-resource-management-systems/,10 Best HR Software Of 2026 - Forbes,editorial,True,True
best hr software,b2b,samatahealth.com,https://samatahealth.com/blog/best-hr-software-us,Best HR Software in the US: Top Human Resources Solutions,blog,True,False
best hr software,b2b,techradar.com,https://www.techradar.com/best/best-hr-software,Best HR software of 2026 - TechRadar,editorial,True,False
best hr software,b2b,tabulera.com,https://tabulera.com/blog/best-hr-tools,15 Best HR Tools & Software to Consider in 2026 - Tabulera,blog,True,False
best hr software,b2b,b2breviews.com,https://www.b2breviews.com/hr-software/,Best HR Software 2026 - B2B Reviews,editorial,True,True
best hr software,b2b,youtube.com,https://www.youtube.com/watch?v=RntgqWb_63M,5 Best HR Software for All-Sized Businesses (Compared),ugc,True,True
best hr software,b2b,youtube.com,https://www.youtube.com/watch?v=gADCjJw855Y,3 Best HR Software in 2026,ugc,True,True
best identity management software,b2b,gartner.com,https://www.gartner.com/reviews/market/identity-governance-administration,Best Identity Governance and Administration Reviews 2026,editorial,True,True
best identity management software,b2b,fivetran.com,https://www.fivetran.com/learn/iam-solutions,5 best identity and access management (IAM) solutions,blog,True,True
best identity management software,b2b,josys.com,https://www.josys.com/article/best-msp-identity-management-software,10+ Best MSP Identity Management Software Solutions for 2026,vendor,True,False
best identity management software,b2b,lumos.com,https://www.lumos.com/identity-matters/identity-access-management/best-identity-and-access-management-tools,The 8 Best Identity and Access Management Tools of 2026 - Lumos,vendor,True,False
best identity management software,b2b,idmworks.com,https://www.idmworks.com/insight/identity-and-access-management-software/,8 Identity and Access Management Software Picks You Need,vendor,False,False
best identity management software,b2b,g2.com,https://www.g2.com/categories/identity-and-access-management-iam,Best Identity and Access Management (IAM) Software - G2,editorial,True,True
best identity management software,b2b,oloid.com,https://www.oloid.com/blog/identity-and-access-management-tools,10 Best Identity and Access Management Tools for 2026 | OLOID,vendor,True,False
best identity management software,b2b,robomq.io,https://www.robomq.io/blog/best-iam-tools/,9 Best IAM Tools in 2026 for Identity and Access Management,blog,True,False
best intranet software,b2b,reddit.com,https://www.reddit.com/r/sysadmin/comments/14pswhn/what_intranet_solution_would_you_use_if_you_can/,What intranet solution would you use if you can build it from scratch?,ugc,False,True
best intranet software,b2b,staffbase.com,https://staffbase.com/blog/intranet-software,Which intranet software is best for your organization in 2026? - Staffbase,vendor,True,False
best intranet software,b2b,g2.com,https://www.g2.com/categories/employee-intranet,Best Employee Intranet Software: User Reviews from August 2026 - G2,editorial,True,True
best intranet software,b2b,oak.com,https://www.oak.com/blog/best-corporate-intranet-software,Best Corporate Intranet Software for Enterprise Teams (2026),vendor,True,False
best intranet software,b2b,haiilo.com,https://haiilo.com/blog/best-intranet-software-buyers-guide,Best intranet software: a practical comparison and buyer’s guide,vendor,True,False
best intranet software,b2b,oak.com,https://www.oak.com/blog/10-best-intranet-software-solutions-for-2026,Best Intranet Software in 2026: 10 Platforms Compared - Oak Engage,vendor,True,False
best intranet software,b2b,haiilo.com,https://haiilo.com/blog/best-intranet-platforms,9 best intranet platforms in 2026 | Haiilo Blog,vendor,True,False
best intranet software,b2b,peoplemanagingpeople.com,https://peoplemanagingpeople.com/tools/best-intranet-software-for-small-businesses/,10 Best Intranet Software for Small Businesses Reviewed in 2026,editorial,True,True
best inventory management software,b2b,youtube.com,https://www.youtube.com/watch?v=qvicrcfX5Yg&t=202,Best Inventory Management Software For Small Businesses! (2026),ugc,True,True
best inventory management software,b2b,sortly.com,https://www.sortly.com/,Sortly: Inventory Simplified,vendor,False,False
best inventory management software,b2b,mitti.com,https://mitti.com/apps/inventory-control-software,Top 10 Inventory Control Software for 2026 | Mitti (by SafetyCulture),unknown,True,False
best inventory management software,b2b,youtube.com,https://www.youtube.com/watch?v=qvicrcfX5Yg,Best Inventory Management Software For Small Businesses! (2026),ugc,True,True
best inventory management software,b2b,youtube.com,https://www.youtube.com/watch?v=DLHCAQqspj8,Free Inventory Management Software for Small Businesses (2026),ugc,False,True
best inventory management software,b2b,youtube.com,https://www.youtube.com/watch?v=Ptd39FZ0r8E,BEST 5 Free Inventory Management Software for Small Business (Review),ugc,True,True
best inventory management software,b2b,youtube.com,https://www.youtube.com/watch?v=C3jgI_IBHy8,Top 4 Inventory Management Software for 2026,ugc,True,True
best invoicing software,b2b,reddit.com,https://www.reddit.com/r/smallbusiness/comments/1pgxlon/about_the_best_invoicing_software_which_ones/,"about the best invoicing software, which ones actually feel practical?",ugc,True,True
best invoicing software,b2b,forbes.com,https://www.forbes.com/advisor/business/software/best-invoicing-software/,10 Best Invoicing And Billing Software Of 2026 - Forbes,editorial,True,True
best invoicing software,b2b,squareup.com,https://squareup.com/us/en/invoices,Free Invoicing Software - Square,vendor,False,True
best invoicing software,b2b,waveapps.com,https://www.waveapps.com/invoicing,Best Invoice Software for Small Businesses - Wave Financial,vendor,True,True
best invoicing software,b2b,mercury.com,https://mercury.com/blog/best-invoicing-software-for-startups-small-businesses,Best invoicing software for startups and small businesses - Mercury,vendor,True,True
best invoicing software,b2b,zapier.com,https://zapier.com/blog/best-free-invoice-software/,The 6 best free invoicing software in 2026 - Zapier,blog,True,True
best invoicing software,b2b,youtube.com,https://www.youtube.com/watch?v=vg61hwELVT8,Best Invoicing Software For Small Business // Get Paid Faster!,ugc,True,False
best invoicing software,b2b,youtube.com,https://www.youtube.com/watch?v=Lf7I5N2Is-U,Best Invoicing Software for Small Businesses in 2026,ugc,True,False
best itsm tools,b2b,gartner.com,https://www.gartner.com/reviews/market/it-service-management-platforms,Best IT Service Management Platforms Reviews 2026 - Gartner,editorial,True,True
best itsm tools,b2b,itsm.tools,https://itsm.tools/itsm-tools-list/,Comprehensive ITSM Tools List 2026: Compare Top ITSM Platforms,editorial,False,True
best itsm tools,b2b,g2.com,https://www.g2.com/categories/it-service-management-itsm-tools,Best IT Service Management Tools: User Reviews from August 2026 - G2,editorial,True,True
best itsm tools,b2b,oneio.cloud,https://www.oneio.cloud/blog/top-itsm-software-solutions,Top ITSM Software 2026: 7 Best Platforms Compared ( ... - ONEiO,blog,True,False
best itsm tools,b2b,devopsschool.com,https://www.devopsschool.com/blog/top-10-it-service-management-itsm-tools-in-2025-features-pros-cons-comparison-2/,"Top 10 IT Service Management (ITSM) Tools in 2026: Features, Pros ...",blog,True,False
best itsm tools,b2b,youtube.com,https://www.youtube.com/watch?v=L0yBqfIbATI&t=37,Best IT Orchestration Tools for ITSM: 5 Platforms Compared,ugc,True,False
best itsm tools,b2b,youtube.com,https://www.youtube.com/watch?v=qTZT6y-zF6k,Top 7 ITSM Software Solutions for 2026,ugc,True,False
best keyword research tools,b2b,zapier.com,https://zapier.com/blog/best-keyword-research-tool/,The 5 Best Free Keyword Research Tools in 2026 - Zapier,blog,True,True
best keyword research tools,b2b,semrush.com,https://www.semrush.com/analytics/keywordmagic/,Free Keyword Tool: Find the Right Keywords for SEO & AI Search,vendor,False,True
best keyword research tools,b2b,keywordtool.io,https://keywordtool.io/,Keyword (Research) Tool ⚠️ Plan Google Keywords【FREE】,vendor,False,True
best keyword research tools,b2b,moz.com,https://moz.com/explorer,Free Keyword Research Tool - Moz,vendor,False,True
best keyword research tools,b2b,geeksforgeeks.org,https://www.geeksforgeeks.org/blogs/keyword-research-tools/,Top 10 Keyword Research Tools for SEO in 2025 (FREE and PAID),blog,True,False
best keyword research tools,b2b,mangools.com,https://mangools.com/kwfinder/,KWFinder: Free Keyword Research & Analysis Tool | Mangools,vendor,False,True
best keyword research tools,b2b,community.hubspot.com,https://community.hubspot.com/t/best-tools-for-keyword-research-for-seo-newbie/45408,Best tools for keyword research for SEO newbie - HubSpot Community,ugc,True,False
best keyword research tools,b2b,seo.com,https://www.seo.com/tools/keyword-research/,12 Top Keyword Research Tools for SEO in 2026,vendor,False,False
best knowledge base software,b2b,reddit.com,https://www.reddit.com/r/SoftwareEngineering/comments/rkgqeq/what_tool_do_you_use_for_internal_knowledge_base/,What tool do you use for internal knowledge base and what ... - Reddit,ugc,False,True
best knowledge base software,b2b,helpdocs.io,https://www.helpdocs.io/best-knowledge-base-software/,12 Best Knowledge Base Software (2026) - HelpDocs,vendor,True,False
best knowledge base software,b2b,g2.com,https://www.g2.com/categories/knowledge-base-software,Best Knowledge Base Software: User Reviews from August 2026 - G2,editorial,True,True
best knowledge base software,b2b,assembly.com,https://assembly.com/blog/best-knowledge-base-software,The 7 Best Knowledge Base Software Platforms for 2026 - Assembly,vendor,True,True
best landing page builder,b2b,unbounce.com,https://unbounce.com/,Unbounce: The Best Landing Page Builder and CRO platform,vendor,True,True
best landing page builder,b2b,zapier.com,https://zapier.com/blog/best-landing-page-builders/,The 7 best landing page builders in 2026 - Zapier,blog,True,True
best landing page builder,b2b,zoho.com,https://www.zoho.com/landingpage/bootcamp/best-landing-page-builders.html,Top 10 landing page builders in 2026 | Zoho LandingPage,vendor,True,False
best landing page builder,b2b,klientboost.com,https://www.klientboost.com/landing-pages/landing-page-builder/,The Best Landing Page Builders In 2025: Reviews & Expert Picks,blog,True,False
best landing page builder,b2b,perspective.co,https://www.perspective.co/article/best-landing-page-builder,10 Best Landing Page Builders in 2026 (Tested & Compared),vendor,True,True
best landing page builder,b2b,profitbooks.net,https://profitbooks.net/best-landing-page-builders/,The 13 Best Landing Page Builders - ProfitBooks.net,blog,True,False
best landing page builder,b2b,youtube.com,https://www.youtube.com/watch?v=aDpLNIBk4Ss,The Best Landing Page Builders in 2026 (I Tested Them All),ugc,True,True
best live chat software,b2b,zapier.com,https://zapier.com/blog/best-customer-support-chat-apps/,The 5 best live chat apps for customer support in 2026 - Zapier,blog,True,True
best live chat software,b2b,zendesk.com,https://www.zendesk.com/service/messaging/live-chat-software/,Live chat software - Zendesk,vendor,False,True
best live chat software,b2b,youtube.com,https://www.youtube.com/watch?v=RiZYfRv_uis,Best Live Chat Software 2025: Top 6 Compared,ugc,True,True
best live chat software,b2b,g2.com,https://www.g2.com/categories/live-chat,Best Live Chat Software: User Reviews from August 2026 - G2,editorial,True,True
best live chat software,b2b,techradar.com,https://www.techradar.com/best/best-live-chat-software,Best live chat software of 2026 - TechRadar,editorial,True,False
best live chat software,b2b,featurebase.app,https://www.featurebase.app/blog/live-chat-software,10 Best Live Chat Software for Customer Support i... - Featurebase,blog,True,False
best live chat software,b2b,youtube.com,https://www.youtube.com/watch?v=KqHzSBND6L8,10 Best Live Chat Software (Compared) | ProProfs Live Chat,ugc,True,True
best live chat software,b2b,vendorpick.ai,https://www.vendorpick.ai/live-chat,Best Live Chat Software 2026 — Compare Top Tools | VendorPick,editorial,True,False
best lms software,b2b,reddit.com,https://www.reddit.com/r/elearning/comments/1amqvqv/lms_recommendation/,LMS Recommendation? : r/elearning - Reddit,ugc,False,True
best lms software,b2b,gartner.com,https://www.gartner.com/reviews/market/corporate-learning-technologies,Best Corporate Learning Technologies Reviews 2026 - Gartner,editorial,True,True
best lms software,b2b,youtube.com,https://www.youtube.com/watch?v=KiudalAKWTw&vl=en,Top 10 LMS Platforms Ranked for 2026! *honest review*,ugc,True,True
best lms software,b2b,blog.topclasslms.com,https://blog.topclasslms.com/best-lms-platforms,10 Best LMS Platforms For Better Learning Outcomes in 2026,vendor,True,False
best lms software,b2b,g2.com,https://www.g2.com/categories/learning-management-system-lms,Best Learning Management Systems: User Reviews from August 2026 - G2,editorial,True,False
best lms software,b2b,knowlify.com,https://knowlify.com/articles/best-lms-platforms,The 15 Best LMS Platforms in 2026 (By Use Case) - Knowlify,vendor,True,False
best lms software,b2b,360learning.com,https://360learning.com/blog/lms-tech-software-companies/,The 11 Best LMS Platforms for Tech & Software Companies,vendor,True,False
best lms software,b2b,youtube.com,https://www.youtube.com/watch?v=g96CkdwLX0k,Ranking: TOP 10 Best ELEARNING Platforms 2025 for Online Training,ugc,True,True
best marketing automation software,b2b,g2.com,https://www.g2.com/categories/marketing-automation,Best Marketing Automation Software: User Reviews from August 2026 - G2,editorial,True,True
best marketing automation software,b2b,brevo.com,https://www.brevo.com/blog/best-marketing-automation-software/,Best Marketing Automation Software (2026): 11 Tools Compared,vendor,True,False
best marketing automation software,b2b,bloomreach.com,https://www.bloomreach.com/en/blog/best-marketing-automation-software,Best Marketing Automation Software for 2026 - Bloomreach,vendor,True,False
best marketing automation software,b2b,moengage.com,https://www.moengage.com/blog/marketing-automation-software/,Best Marketing Automation Software: 5 Tools to Try - MoEngage,vendor,True,False
best marketing automation software,b2b,bestmarketingautomationtools.com,https://bestmarketingautomationtools.com/best-marketing-automation-platforms,10 Best Marketing Automation Platforms (2026) — Tested & Ranked,blog,True,False
best marketing automation software,b2b,bestautomationtoolsforbusiness.com,https://bestautomationtoolsforbusiness.com/marketing-automation,Best Marketing Automation Software (2026) | Reviewed & Ranked,blog,True,False
best marketing automation software,b2b,youtube.com,https://www.youtube.com/watch?v=aDIIp54e7y4&vl=en-US,Best Marketing Automation Software (2026) — Top Tools Compared,ugc,True,True
best marketing automation software,b2b,youtube.com,https://www.youtube.com/watch?v=5d2mSejXIgY,The Best Marketing Automation Tools in 2025,ugc,True,True
best marketing automation software,b2b,youtube.com,https://www.youtube.com/watch?v=Ai6yE_MUOhs,5 Marketing Automation Tools for Agencies in 2026,ugc,False,True
best meeting scheduler app,b2b,calendly.com,https://calendly.com/,Calendly: Meeting Scheduling Software and AI Meeting Tools,vendor,False,True
best meeting scheduler app,b2b,zapier.com,https://zapier.com/blog/best-meeting-scheduler-apps/,The 10 best meeting scheduler apps in 2026 - Zapier,blog,True,True
best meeting scheduler app,b2b,reddit.com,https://www.reddit.com/r/ExecutiveAssistants/comments/1nnw9tf/whats_the_best_scheduling_app_youve_used/,What's the best scheduling app you've used? : r/ExecutiveAssistants,ugc,True,True
best meeting scheduler app,b2b,youtube.com,https://www.youtube.com/watch?v=Wmnsq_KGbCk,10 Best Meeting Scheduler Apps in 2026 (Full Comparison + Pricing ...,ugc,True,True
best meeting scheduler app,b2b,larksuite.com,https://www.larksuite.com/en_us/blog/meeting-scheduling-app,13 Best Meeting Scheduling Apps of 2026: My In-Depth Comparison,vendor,True,False
best meeting scheduler app,b2b,usecarly.com,https://www.usecarly.com/blog/best-meeting-scheduling-apps/,Best Meeting Scheduling Apps in 2026 - Carly AI,vendor,True,False
best meeting scheduler app,b2b,dingtalk.io,https://www.dingtalk.io/blog/best-10-calendar-scheduling-apps/,10 Best Calendar and Scheduling Apps for Team Productivity,vendor,True,False
best meeting scheduler app,b2b,doodle.com,https://doodle.com/en/scheduling-software/,Free Scheduling Software for Easy Meetings - Doodle,vendor,False,True
best nps software,b2b,rethinkcx.com,https://www.rethinkcx.com/blog/nps-software,Best NPS Software in 2026: 12 Tools Compared - rethinkCX,blog,True,True
best nps software,b2b,koji.so,https://www.koji.so/docs/best-nps-software-2026,Best NPS Software in 2026: 10 Top Tools Compared - Koji,unknown,True,False
best nps software,b2b,clearlyrated.ai,https://www.clearlyrated.ai/blog/nps-software,13 Best NPS Software Platforms & Tools to Use in 2026 - ClearlyRated,vendor,True,False
best nps software,b2b,hifivestar.com,https://hifivestar.com/blog/the-10-best-nps-software-platforms-and-tools-for-2026/,The 10 Best NPS Software Platforms and Tools for 2026 - HiFiveStar,blog,True,False
best nps software,b2b,featurebase.app,https://www.featurebase.app/blog/net-promoter-score-software,Net Promoter Score Software: 10 Best Tools for 2026,vendor,True,True
best payroll software,b2b,reddit.com,https://www.reddit.com/r/Payroll/comments/1quuxbl/what_would_you_say_is_the_top_payroll_software/,What would you say is the top payroll software for small businesses in ...,ugc,False,True
best payroll software,b2b,hibob.com,https://www.hibob.com/blog/top-us-payroll-companies/,21 leading payroll companies & services in the US - HiBob,vendor,True,True
best payroll software,b2b,forbes.com,https://www.forbes.com/advisor/business/software/best-payroll-services/,Best Payroll Software And Services for Small Business (2026) - Forbes,editorial,True,False
best payroll software,b2b,youtube.com,https://www.youtube.com/watch?v=vPU-zzI-fMA&t=164,Best Payroll Software | Best Small Business Setup for 2026,ugc,True,False
best payroll software,b2b,cnbc.com,https://www.cnbc.com/select/best-payroll-services-small-business/,6 best payroll services for small businesses of 2026 - CNBC,editorial,True,False
best payroll software,b2b,tmetric.com,https://tmetric.com/best-software/best-payroll-software,6 Best Payroll Software for 2026: Top Rated Platforms - TMetric,blog,True,False
best payroll software,b2b,youtube.com,https://www.youtube.com/watch?v=-5dK70uz3KU&t=243,Best Payroll Software for Your Small Business,ugc,True,False
best payroll software,b2b,checkr.com,https://checkr.com/resources/articles/best-payroll-software-small-business,Best Payroll Software for Small Businesses in 2026 - Checkr,blog,True,False
best payroll software,b2b,karllhughes.com,https://www.karllhughes.com/posts/payroll-software-tools,The 12 Best Payroll Software Tools for Startups - Karl Hughes,blog,True,False
best payroll software,b2b,youtube.com,https://www.youtube.com/watch?v=-5dK70uz3KU,Best Payroll Software for Your Small Business,ugc,True,False
best payroll software,b2b,youtube.com,https://www.youtube.com/watch?v=vPU-zzI-fMA,Best Payroll Software | Best Small Business Setup for 2026,ugc,True,False
best payroll software,b2b,youtube.com,https://www.youtube.com/watch?v=ljbQmWAhkn0,5 Best Payroll Software for Small & Mid Sized Businesses!,ugc,True,False
best payroll software,b2b,youtube.com,https://m.youtube.com/watch?v=6ebX-CbnTO8,5 Best Payroll Software for Small Businesses in 2026,ugc,True,False
best pos system,b2b,squareup.com,https://squareup.com/us/en/point-of-sale,POS Systems | Point of Sale Systems for all Businesses - Square,vendor,False,True
best pos system,b2b,youtube.com,https://www.youtube.com/watch?v=wH8DLqO1WqQ&t=241,Best POS Systems for Every Business Type (Lightspeed vs Clover vs Toast ...,ugc,True,True
best pos system,b2b,euvic.com,https://www.euvic.com/us/post/pos-systems,Top 10 Best Retail POS Systems & Software Solutions for Small and ...,blog,True,False
best pos system,b2b,businessnewsdaily.com,https://www.businessnewsdaily.com/2955-best-pos-systems.html,The Best POS Systems for 2026 - Business News Daily,editorial,True,False
best pos system,b2b,forbes.com,https://www.forbes.com/advisor/business/software/best-cloud-pos-systems/,10 Best Cloud POS Systems Of 2026 - Forbes,editorial,True,True
best pos system,b2b,youtube.com,https://www.youtube.com/shorts/41XgeKLT1vE,The Top 5 POS Systems With Inventory Management,ugc,True,True
best product analytics tools,b2b,reddit.com,https://www.reddit.com/r/ProductManagement/comments/1ea5dp2/product_analytics_tool_recommendation/,Product analytics tool recommendation : r/ProductManagement,ugc,False,True
best product analytics tools,b2b,reddit.com,https://www.reddit.com/r/ProductManagement/comments/1cgssi7/what_do_you_mainly_use_for_product_analytics/,What do you mainly use for product analytics? : r/ProductManagement,ugc,False,True
best product analytics tools,b2b,youtube.com,https://www.youtube.com/watch?v=0PtM76cSX6k&vl=en&t=476,Best Product Analytics Tools (2026) - My Honest Review,ugc,True,True
best product analytics tools,b2b,amplitude.com,https://amplitude.com/compare/best-product-analytics-tools-early-stage-startups,Best Product Analytics Tools for Early-Stage Startups in 2026,vendor,True,False
best product analytics tools,b2b,cpoclub.com,https://cpoclub.com/tools/product-analytics-tools/,10 Best Product Analytics Tools To Track Behavior In 2026,editorial,True,False
best product analytics tools,b2b,productschool.com,https://productschool.com/blog/analytics/product-analytics-tools,Product Analytics Tools: Top Picks from Real PMs,blog,False,False
best product analytics tools,b2b,gainsight.com,https://www.gainsight.com/essential-guide/product-management-metrics/product-analytics-tools/,Which Product Analytics Tools Are Worth It in 2026? | Gainsight Software,vendor,False,False
best product analytics tools,b2b,amplitude.com,https://amplitude.com/compare/best-product-analytics-tools,10 Best Product Analytics Tools for 2026 - Amplitude,vendor,True,False
best product analytics tools,b2b,maze.co,https://maze.co/blog/product-analytics/,"Perfecting Product Analytics: Tools, Metrics, and Best Practices - Maze",blog,True,False
best product analytics tools,b2b,posthog.com,https://posthog.com/product-analytics,Product Analytics – Understand your product with PostHog,vendor,False,True
best product analytics tools,b2b,learn.g2.com,https://learn.g2.com/best-product-analytics-software,7 Best Product Analytics Software in 2026: My Review - G2 Learning Hub,editorial,True,True
best project management software,b2b,reddit.com,https://www.reddit.com/r/projectmanagement/comments/1jwjw9s/what_project_management_tools_do_you_guys/,What project management tools do you guys recommend? - Reddit,ugc,False,True
best project management software,b2b,forbes.com,https://www.forbes.com/advisor/business/software/best-project-management-software/,10 Best Project Management Software of 2026 – Forbes Advisor,editorial,True,False
best project management software,b2b,zapier.com,https://zapier.com/blog/free-project-management-software/,The best free project management software in 2026 - Zapier,blog,True,True
best project management software,b2b,youtube.com,https://www.youtube.com/watch?v=v33m1aDCs1w&t=179,Ranking the Best Project Management Tools of 2026,ugc,True,True
best project management software,b2b,asana.com,https://asana.com/resources/best-project-management-software,Best Project Management Software: 11 Tools Compared - Asana,vendor,True,False
best project management software,b2b,techrepublic.com,https://www.techrepublic.com/article/project-management-software/,Best Project Management Software: A Certified PM's Picks in 2026,editorial,True,False
best project management software,b2b,mediavalet.com,https://www.mediavalet.com/blog/best-project-management-software,The Best Project Management Software in 2026 - MediaValet,blog,True,False
best project management software,b2b,youtube.com,https://www.youtube.com/watch?v=2CPcky1KQJo&vl=en-US,Best Project Management Software for Small Teams in 2026,ugc,True,True
best rank tracker,b2b,zapier.com,https://zapier.com/blog/best-rank-tracker/,The 12 best rank tracker tools - Zapier,blog,True,True
best rank tracker,b2b,nightwatch.io,https://nightwatch.io/blog/10-best-keyword-rank-trackers/,10 Best Rank Trackers for SEO in 2026 (Ranked and Reviewed),vendor,True,True
best rank tracker,b2b,konabayev.com,https://konabayev.com/blog/best-rank-tracker/,"9 Best Rank Tracker Tools in 2026: Cheap, Daily, Accurate",blog,True,False
best rank tracker,b2b,theadminbar.com,https://theadminbar.com/best-rank-tracking-tool-for-web-agencies/,Best Rank Tracking Tool for Web Agencies - The Admin Bar,blog,True,False
best rank tracker,b2b,tryanalyze.ai,https://www.tryanalyze.ai/blog/best-rank-tracking-tools,5 Best Rank Tracking Tools for 2026 (Tested & Reviewed) - Analyze AI,vendor,True,False
best rank tracker,b2b,marketingbykevin.com,https://marketingbykevin.com/rank-tracking-tools-compared/,Rank Tracking Tools Compared: What to Use and What to Ignore,blog,True,True
best recruiting software,b2b,pin.com,https://www.pin.com/blog/recruitment-management-software/,10 Best Recruitment Management Software Platforms (2026) - Pin,vendor,True,False
best recruiting software,b2b,greenhouse.com,https://www.greenhouse.com/blog/best-talent-acquisition-software,Best talent acquisition software in 2026: 12 top tools compared,vendor,True,True
best recruiting software,b2b,reddit.com,https://www.reddit.com/r/RecTech/comments/1ozvwk8/list_of_93_different_recruiting_software/,List of 93 different recruiting software platforms - from applicant ...,ugc,False,True
best recruiting software,b2b,g2.com,https://www.g2.com/categories/recruitment-platforms,Best Recruitment Platforms: User Reviews from January 2026 - G2,editorial,True,False
best recruiting software,b2b,g2.com,https://www.g2.com/categories/recruiting,Best Recruiting Software: User Reviews from August 2026 - G2,editorial,True,False
best recruiting software,b2b,greenhouse.com,https://www.greenhouse.com/blog/best-recruiting-tools,The top 10 best recruiting tools in 2026 and how to choose them,vendor,True,True
best recruiting software,b2b,youtube.com,https://www.youtube.com/watch?v=fTaa-rnTb4A&t=326,Top 5 Applicant Tracking Software in 2026,ugc,True,True
best recruiting software,b2b,youtube.com,https://www.youtube.com/watch?v=2dzQ4U3Wjhs,7 Best CRM Recruitment Software (UPDATED for 2026),ugc,True,True
best sales engagement platform,b2b,pipeline.zoominfo.com,https://pipeline.zoominfo.com/sales/sales-engagement-platforms,Best Sales Engagement Platforms of 2026 - ZoomInfo Blog,vendor,True,False
best sales engagement platform,b2b,avoma.com,https://www.avoma.com/blog/best-sales-engagement-platforms,Best sales engagement platforms (2026 ranked) - Avoma,vendor,True,False
best sales engagement platform,b2b,kixie.com,https://www.kixie.com/sales-blog/best-sales-engagement-platforms/,Best Sales Engagement Platforms in 2026 (Pricing & Videos) - Kixie,vendor,True,False
best seo tools,b2b,zapier.com,https://zapier.com/blog/best-seo-tools/,The 11 Best SEO Tools in 2026 | Zapier,blog,True,True
best seo tools,b2b,onelittleweb.com,https://onelittleweb.com/top-tools/best-seo-tool/,30 Best SEO Tools We’ve Tested in 2026 - OneLittleWeb,blog,True,False
best seo tools,b2b,redlineminds.com,https://redlineminds.com/4308/a-comprehensive-guide-to-best-seo-tools/,A Comprehensive Guide to Best SEO Tools - Redline Minds,blog,True,True
best seo tools,b2b,lendio.com,https://www.lendio.com/guides/seo-tools,20 SEO Tools Your Small Business Needs - Lendio,blog,False,False
best seo tools,b2b,userp.io,https://userp.io/tools-and-software/top-seo-tools/,Top SEO Tools for 2025: Boost Rankings & Traffic - uSERP,blog,True,False
best seo tools,b2b,youtube.com,https://www.youtube.com/watch?v=4N7xJIorXTQ,This SEO Tool Replaces Half Your Stack,ugc,False,True
best seo tools,b2b,marketermilk.com,https://www.marketermilk.com/blog/best-seo-tools,24 best SEO tools I'm using in 2026 (free + paid) - Marketer Milk,blog,True,True
best seo tools,b2b,technologyadvice.com,https://technologyadvice.com/blog/sales/best-seo-tools/,Best SEO Tools for Keyword Research & Audits - TechnologyAdvice,editorial,True,False
best siem tools,b2b,reddit.com,https://www.reddit.com/r/cybersecurity/comments/187ssbi/what_siem_do_you_recommend/,What SIEM do you recommend? : r/cybersecurity - Reddit,ugc,False,True
best siem tools,b2b,paloaltonetworks.com,https://www.paloaltonetworks.com/cyberpedia/siem-tools-comparison,Best SIEM Tools for 2026: Compare 10 Leading Platforms - Palo Alto ...,vendor,True,True
best siem tools,b2b,gartner.com,https://www.gartner.com/reviews/market/security-information-event-management,Security Information and Event Management (SIEM) - Gartner,editorial,False,True
best siem tools,b2b,kaseya.com,https://www.kaseya.com/blog/best-siem-tools/,Best SIEM tools in 2026: Ranked for MSPs and IT teams - Kaseya,blog,True,False
best siem tools,b2b,youtube.com,https://www.youtube.com/watch?v=LM7X-ROP5KE,"Best Modern SIEM Tools: Top 6 Vendors, Features, and Ratings",ugc,True,True
best siem tools,b2b,cybersilo.tech,https://cybersilo.tech/top-10-siem-tools,Top 10 SIEM Tools in 2025 | Best SIEM Solutions - CyberSilo,blog,True,False
best siem tools,b2b,lumificyber.com,https://www.lumificyber.com/blog/8-open-source-siem-tools-you-should-know/,8 Open Source SIEM Tools You Should Know - Lumifi Cyber,blog,False,True
best siem tools,b2b,youtube.com,https://www.youtube.com/watch?v=jl3CoGdymHA,Day 19 | Splunk vs Microsoft Sentinel vs IBM QRadar — SIEM Tools Compared,ugc,True,True
best social media management tools,b2b,zapier.com,https://zapier.com/blog/best-social-media-management-tools/,The 10 best social media management tools in 2026 - Zapier,blog,True,True
best social media management tools,b2b,buffer.com,https://buffer.com/resources/best-social-media-management-tools/,The 11 Best Social Media Management Tools in 2026 - Buffer,vendor,True,True
best social media management tools,b2b,efficient.app,https://efficient.app/best/social-media-management,Best Social Media Management Tools (2026): Ranked & Reviewed,blog,True,False
best social media management tools,b2b,upthereeverywhere.com,https://www.upthereeverywhere.com/blog/best-social-media-management-tools,The 5 Best Social Media Management Tools (For Modern Marketing Teams),blog,True,False
best social media management tools,b2b,swetrix.com,https://swetrix.com/blog/best-social-media-management-tools,Best 9 Social Media Management Tools in 2026 (Tested & Ranked),blog,True,False
best social media management tools,b2b,beplan.io,https://beplan.io/blog/social-media-management-tools-for-small-businesses/,The 12 Best Social Media Management Tools for Smal... | Beplan Blog,vendor,True,False
best social media management tools,b2b,igmguru.com,https://www.igmguru.com/blog/social-media-management-tools,Top 10 Social Media Management Tools in 2026 - igmGuru,blog,True,False
best social media management tools,b2b,oneupapp.io,https://www.oneupapp.io/blog/social-media-management-tools,12 Best Social Media Management Tools for Agencies (2026) - OneUp,vendor,True,False
best social media management tools,b2b,planable.io,https://planable.io/blog/social-media-management-tools-for-agencies/,11 best social media management tools for agencies (2026),vendor,True,True
best subscription billing software,b2b,reddit.com,https://www.reddit.com/r/devops/comments/1q4thrg/researching_the_best_subscription_management/,researching the best subscription management software 2026 ...,ugc,True,True
best subscription billing software,b2b,reddit.com,https://www.reddit.com/r/SaaS/comments/1cma9p1/whats_the_best_recurring_payment_processing/,What's the best recurring payment processing service or platform for ...,ugc,True,True
best subscription billing software,b2b,upflow.io,https://upflow.io/blog/saas-finance/saas-best-billing-software,Best SaaS Billing Software in 2026: Subscription & Recurring - Upflow,blog,True,False
best subscription billing software,b2b,recurly.com,https://recurly.com/,Recurly: Subscription Management Software & Recurring ...,vendor,False,True
best subscription billing software,b2b,turnstile.ai,https://turnstile.ai/blog/subscription-management-software,7 Subscription Management Software Solutions For B2B SaaS,vendor,False,False
best subscription billing software,b2b,business-software.com,https://www.business-software.com/blog/5-subscription-billing-solutions-to-make-over-your-payment-process/,The Best Subscription Billing Software (2026),editorial,True,False
best subscription billing software,b2b,youtube.com,https://www.youtube.com/watch?v=8-a_lsxuno0&t=97,Best Subscription Management Software 2025,ugc,True,False
best subscription billing software,b2b,viasocket.com,https://viasocket.com/discovery/blog/uippd1/best-subscription-management-software-for-saas-success%7D,Best Subscription Management Software for SaaS Success - viaSocket,blog,True,False
best subscription billing software,b2b,unibee.dev,https://unibee.dev/blog/best-subscription-management-software-review/,10 Best Subscription Management Software of 2026 - UniBee,vendor,True,False
best survey tools,b2b,surveymonkey.com,https://www.surveymonkey.com/,SurveyMonkey: The World’s Most Popular Survey Platform,vendor,False,True
best survey tools,b2b,zapier.com,https://zapier.com/blog/best-survey-apps/,The 7 best online survey apps in 2026 - Zapier,blog,True,True
best survey tools,b2b,uschamber.com,https://www.uschamber.com/co/grow/marketing/small-business-survey-tools,7 Popular Small Business Survey Tools | CO- by US Chamber of Commerce,editorial,False,True
best survey tools,b2b,guideflow.com,https://www.guideflow.com/blog/survey-software-tools,15 best survey software tools tested in 2026 - Guideflow Blog,blog,True,False
best survey tools,b2b,g2.com,https://www.g2.com/categories/survey,Best Survey Software: User Reviews from August 2026 - G2,editorial,True,False
best survey tools,b2b,userflow.com,https://www.userflow.com/blog/20-best-free-survey-tools-for-2025,20 Best Free Survey Tools for Actionable Insights in 2026 - Userflow,blog,True,False
best survey tools,b2b,youtube.com,https://www.youtube.com/watch?v=30BN60eQu2U,6 Best Survey Tools for Small Businesses (Honest Comparison),ugc,True,False
best survey tools,b2b,youtube.com,https://www.youtube.com/watch?v=TbbErf3WVhk,7 Best Survey Software Tools (UPDATED for 2026),ugc,True,False
best vpn for business,b2b,reddit.com,https://www.reddit.com/r/msp/comments/1buzkq1/vpn_best_practice_for_a_small_business/,VPN best practice for a small business? : r/msp - Reddit,ugc,True,True
best vpn for business,b2b,nordlayer.com,https://nordlayer.com/business-vpn/,Business VPN Trusted by Small & Enterprise Companies - NordLayer,vendor,False,True
best vpn for business,b2b,pcmag.com,https://www.pcmag.com/picks/the-best-vpns-for-businesses-and-teams,The Best Business VPNs We've Tested for 2026 | PCMag,editorial,True,True
best vpn for business,b2b,security.org,https://www.security.org/vpn/best/business/,Best VPNs for Business in 2026 - Security.org,editorial,True,False
best vpn for business,b2b,allaboutcookies.org,https://allaboutcookies.org/best-vpn-for-small-business,The Best VPNs for Small Business 2026 - AllAboutCookies.org,editorial,True,True
best vpn for business,b2b,youtube.com,https://www.youtube.com/watch?v=C_uVL_EPHQ8&t=76,What Is the Best VPN for Small Businesses? 2026 Ranking,ugc,True,False
best vpn for business,b2b,youtube.com,https://www.youtube.com/watch?v=EtgY1EsYNi8,7 Best Business VPN Services 2024: Unlock Next-Level Business Security,ugc,True,False
best webinar software,b2b,zapier.com,https://zapier.com/blog/best-webinar-software/,The Best Webinar Software for Marketers in 2026 - Zapier,blog,True,True
best webinar software,b2b,youtube.com,https://www.youtube.com/watch?v=mjppaEqA-ZE,WebinarNinja Review | Best Webinar Software for Lead Generation,ugc,True,True
best webinar software,b2b,youtube.com,https://www.youtube.com/watch?v=bANP410Yi_Y&t=272,WebinarNinja Review | Best Webinar Software to Host a Webinar,ugc,True,True
best webinar software,b2b,easywebinar.com,https://easywebinar.com/blog/best-webinar-software/,10 Best Webinar Software & Platforms in 2026: Complete Buyer's ...,vendor,True,False
best webinar software,b2b,easywebinar.com,https://easywebinar.com/blog/webinar-software-comparison-feature-guide/,Webinar Software Comparison: 2026 Feature Guide,vendor,False,False
best webinar software,b2b,acumbamail.com,https://acumbamail.com/blog/en/webinar-tools/,What is the Best Tool for Webinars? The 10 Platforms You Should ...,blog,True,False
best webinar software,b2b,youtube.com,https://www.youtube.com/watch?v=pQBXS3Xrm_8&t=251,Top 5 Webinar & Online Meeting Platforms in 2026,ugc,True,True
best webinar software,b2b,youtube.com,https://www.youtube.com/watch?v=bANP410Yi_Y,WebinarNinja Review | Best Webinar Software to Host a Webinar,ugc,True,True
best webinar software,b2b,youtube.com,https://www.youtube.com/watch?v=pQBXS3Xrm_8,Top 5 Webinar & Online Meeting Platforms in 2026,ugc,True,True
best webinar software,b2b,youtube.com,https://www.youtube.com/watch?v=ANNj-6e2K7I,7 Best Webinar Software Platforms (UPDATED for 2026),ugc,True,True
best website builder,b2b,reddit.com,https://www.reddit.com/r/EcommerceWebsite/comments/1o71q9t/whats_the_best_website_builder_right_now/,What's the best website builder right now? : r/EcommerceWebsite - Reddit,ugc,True,True
best website builder,b2b,youtube.com,https://www.youtube.com/shorts/FcporHgQNp0,I tried every website builder. Which is BEST?,ugc,True,True
best website builder,b2b,launchthedamnthing.com,https://launchthedamnthing.com/blog/best-website-builders,7 Best Website Builders for 2026 (& Why None of them Are AI),blog,True,True
best website builder,b2b,pcmag.com,https://www.pcmag.com/picks/the-best-website-builders,The Best Website Builders We've Tested for 2026 | PCMag,editorial,True,False
best website builder,b2b,tooltester.com,https://www.tooltester.com/en/best-website-builder/,17 Best Website Builders in 2026 – Discover Your Ideal Platform,editorial,True,True
best website builder,b2b,website-builders.cybernews.com,https://website-builders.cybernews.com/,Best Website Builders in August 2026 (Months of Expert Testing),editorial,True,False
best website builder,b2b,uithings.com,https://uithings.com/best-website-builders,Best Website Builders 2026: Top 12 Platforms Ranked - UI Things,blog,True,False
best website builder,b2b,youtube.com,https://www.youtube.com/watch?v=rjiA5-INy-4,BEST Website Builder 2026 (Watch BEFORE You Start!),ugc,True,True
best air fryer,con,bonappetit.com,https://www.bonappetit.com/story/best-air-fryers-reviewed,"The Best Air Fryers For Faster, Crispier Cooking (2026) - Bon Appetit",editorial,True,True
best air fryer,con,seriouseats.com,https://www.seriouseats.com/best-air-fryer-6824732,"The 10 Best Air Fryers of 2026, Tested & Reviewed - Serious Eats",editorial,True,True
best air fryer,con,foodnetwork.com,https://www.foodnetwork.com/how-to/packages/shopping/product-reviews/best-air-fryer,"9 Best Air Fryers of 2026, Tested and Reviewed by Kitchen Experts",editorial,True,False
best air fryer,con,rtings.com,https://www.rtings.com/air-fryer/reviews/best/air-fryers,The 6 Best Air Fryers of 2026 - RTINGS.com,editorial,True,True
best air fryer,con,youtube.com,https://www.youtube.com/shorts/UaVUAT2gQMc,Best Reviewed Air Fryer?,ugc,True,True
best air fryer,con,youtube.com,https://www.youtube.com/watch?v=oN2-SaWp0Zo,Top 5 BEST Budget Air Fryers (2026) | Don't Buy Until You Watch!,ugc,True,True
best air fryer,con,google.com,"https://www.google.com/search?q=product&prds=pvt:hg,productid:14696408476656877041,catalogid:14562485363824947464,gpcid:7851656898206163644,mid:576462693074017345&ibp=oshop",Ninja Foodi 6-in-1 Smart 10-qt 2-Basket Air Fryer with Thermometer,other,False,False
best air fryer,con,google.com,"https://www.google.com/search?q=product&prds=pvt:hg,productid:6148625010633638366,catalogid:8140424594931377104,gpcid:17624179564832716788,mid:576462706241279184&ibp=oshop",Ninja Foodi 10 qt. 6-in-1 XL 2-Basket Air Fryer,other,False,False
best air purifier,con,forbes.com,https://www.forbes.com/sites/forbes-personal-shopper/article/best-air-purifier/,Best Air Purifiers 2026 | Tested - Forbes Vetted,editorial,True,False
best air purifier,con,housefresh.com,https://housefresh.com/best-air-purifiers-we-tested/,The best air purifiers you can buy in 2026 - HouseFresh,editorial,True,True
best air purifier,con,bradthepainter.com,https://www.bradthepainter.com/best-air-purifiers-mold-smoke-dust/,"Today's Best Air Purifiers for Mold, Smoke, Dust, Viruses...Even Paint ...",blog,True,False
best air purifier,con,youtube.com,https://www.youtube.com/watch?v=BkOr9KaloQs&vl=en,Best CHEAP Air Purifier 2026 → What to BUY & What to AVOID,ugc,True,True
best air purifier,con,google.com,"https://www.google.com/search?q=product&prds=pvt:hg,productid:18229893266795560908,catalogid:1750884179480110652,gpcid:3785878242757755296,mid:576462892693746267&ibp=oshop",Alen BreatheSmart 75i Air Purifier True HEPA,other,False,False
best air purifier,con,google.com,"https://www.google.com/search?q=product&prds=pvt:hg,productid:7330256393164111509,catalogid:13264041582885515249,gpcid:5388404445152477569,mid:576462203627998905&ibp=oshop",IQAir HealthPro Plus Air Purifier,other,False,False
best antivirus,con,youtube.com,https://m.youtube.com/watch?v=mXMg9RJN2mE&t=198,Best antivirus tier list | My top picks 2026,ugc,True,True
best antivirus,con,reddit.com,https://www.reddit.com/r/antivirus/comments/1vwdzss/can_someone_recommend_the_best_antivirus_software/,Can someone recommend the best antivirus software for computers ...,ugc,True,True
best antivirus,con,cnet.com,https://www.cnet.com/tech/services-and-software/best-antivirus/,"Best Antivirus 2026: A Tight Race, but Two Providers Lead the Pack - CNET",editorial,True,True
best antivirus,con,bitdefender.com,https://www.bitdefender.com/en-us/consumer/antivirus,Bitdefender Antivirus Plus - Best Antivirus for Your Devices,vendor,True,False
best antivirus,con,youtube.com,https://www.youtube.com/watch?v=oToSzkxS3as&t=49,Best Antivirus Software for Laptops | Secure Your Windows & Mac in 2026!,ugc,True,True
best antivirus,con,techradar.com,https://www.techradar.com/best/best-antivirus,Best Antivirus Software in 2026 for PC: Ranked and Reviewed,editorial,True,False
best antivirus,con,malwarebytes.com,https://www.malwarebytes.com/,"All-in-One Cybersecurity Protection: Antivirus, VPN & Scam Guard",vendor,False,False
best antivirus,con,security.org,https://www.security.org/antivirus/best/,The Best Antivirus Software of 2026 - Security.org,editorial,True,True
best antivirus,con,au.pcmag.com,https://au.pcmag.com/antivirus/8949/the-best-antivirus-protection,The Best Antivirus Software for 2026 - PCMag Australia,editorial,True,False
best antivirus,con,youtube.com,https://m.youtube.com/watch?v=mXMg9RJN2mE,Best antivirus tier list | My top picks 2026,ugc,True,True
best antivirus,con,youtube.com,https://www.youtube.com/watch?v=DbpyKdM2o7Q,Best Antivirus tier list | BEST and WORST choices in 2026,ugc,True,True
best backup software,con,reddit.com,https://www.reddit.com/r/Backup/comments/1k50bmz/top_three_backup_software_packages_for_windows/,Top Three Backup Software Packages for Windows - Reddit,ugc,False,True
best backup software,con,pcmag.com,https://www.pcmag.com/picks/best-backup-services,The Best Backup Software and Services We've Tested for 2026 | PCMag,editorial,True,False
best backup software,con,pcworld.com,https://www.pcworld.com/article/407021/best-windows-backup-software.html,Best Windows backup software 2026 for PCs and laptops - PCWorld,editorial,True,True
best backup software,con,reddit.com,https://www.reddit.com/r/Backup/comments/1h8jp34/best_backup_solution/,Best Backup Solution,ugc,True,True
best backup software,con,acronis.com,https://www.acronis.com/en/products/true-image/backup/,Easy & Reliable personal backup software for home and office - Acronis,vendor,False,True
best backup software,con,au.pcmag.com,https://au.pcmag.com/file-sync-backup/9603/best-backup-services,The Best Backup Software and Services for 2026 - PCMag Australia,editorial,True,False
best backup software,con,pcworld.com,https://www.pcworld.com/article/407149/online-cloud-backup-services-carbonite-idrive-backblaze-livedrive.html,Best cloud backup services 2026: Expert reviews and top picks,editorial,True,True
best backup software,con,idrive.com,https://www.idrive.com/press_090421,"Online backup: We test the best services—Carbonite, iDrive, and ...",vendor,True,True
best blender,con,reddit.com,https://www.reddit.com/r/Smoothies/comments/1qt1yz4/best_blender_brand_right_now/,Best Blender Brand Right Now? : r/Smoothies - Reddit,ugc,True,True
best blender,con,seriouseats.com,https://www.seriouseats.com/best-blenders-8548162,"The 10 Best Blenders of 2026, Tested & Reviewed - Serious Eats",editorial,True,True
best blender,con,youtube.com,https://www.youtube.com/watch?v=LzILGkBbAjQ&vl=en-US,"Top 4 Best Blenders 2026 - Smoothies, Ice & More!",ugc,True,True
best blender,con,youtube.com,https://www.youtube.com/watch?v=B26QfcgZ1Ik&vl=en,Best Blenders For Smoothies 2026 — (I Tested 8 So You Don't Have To),ugc,True,True
best blender,con,google.com,"https://www.google.com/search?q=product&prds=pvt:hg,productid:16819491779497897230,catalogid:3389510637929488178,gpcid:6865753843216449887,mid:576462327317520992&ibp=oshop",Ninja Professional Plus Blender with Auto iQ,other,False,False
best budgeting app,con,nerdwallet.com,https://www.nerdwallet.com/finance/learn/best-budget-apps,The Best Budget Apps for 2026 - NerdWallet,editorial,True,True
best budgeting app,con,forbes.com,https://www.forbes.com/advisor/banking/best-budgeting-apps/,Best Budgeting Apps of 2026: Tested And Ranked - Forbes,editorial,True,True
best budgeting app,con,youtube.com,https://www.youtube.com/watch?v=xMz-bEYckT4&t=29,Best Budget Apps for Families (2026): My Top 5 Picks,ugc,True,True
best budgeting app,con,youtube.com,https://www.youtube.com/watch?v=PhvtSY7k-_c&t=489,Best Free Budgeting Apps [That are Actually Free],ugc,True,True
best budgeting app,con,communityamerica.com,https://www.communityamerica.com/blog/2026/the-best-budgeting-apps-based-on-your-financial-goals,The Best Budgeting Apps Based on Your Financial Goals,blog,True,False
best budgeting app,con,cnbc.com,https://www.cnbc.com/select/best-budgeting-apps/,Best Budgeting Apps of 2026 - CNBC,editorial,True,False
best budgeting app,con,greenefinneycauley.cpa,https://www.greenefinneycauley.cpa/resources/blog/top-5-budgeting-apps-to-explore,"Top 5 budgeting apps to explore | Greene Finney Cauley, LLP",blog,True,True
best budgeting app,con,youtube.com,https://www.youtube.com/watch?v=xMz-bEYckT4,Best Budget Apps for Families (2026): My Top 5 Picks,ugc,True,True
best budgeting app,con,youtube.com,https://www.youtube.com/watch?v=Oo8t1otGv_E,I Tested the BEST BUDGETING APPS — Only 3 Are Worth It,ugc,True,True
best calendar app,con,alltech.medium.com,https://alltech.medium.com/best-calendar-apps-for-mac-2026-i-tested-7-most-arent-worth-the-subscription-d4b90beee075,Best Calendar Apps for Mac (2026): I Tested 7. Most Aren't Worth the ...,blog,True,False
best calendar app,con,zapier.com,https://zapier.com/blog/best-calendar-apps/,The 6 best calendar apps in 2026 - Zapier,blog,True,True
best calendar app,con,flexibits.com,https://flexibits.com/fantastical,Flexibits | Fantastical — The calendar and tasks app you won't be able to live without.,vendor,False,False
best calendar app,con,efficient.app,https://efficient.app/best/calendar,7 Best Calendar Apps (2026): Ranked & Reviewed,blog,True,True
best calendar app,con,toolfinder.com,https://toolfinder.com/best/calendar-apps,6 Best Calendar Apps in 2026 | Productivity Tools,blog,True,True
best calendar app,con,zapier.com,https://zapier.com/blog/best-android-calendar-apps/,The 7 Best Calendar Apps for Android in 2026 - Zapier,blog,True,True
best cloud storage,con,youtube.com,https://www.youtube.com/watch?v=5lEmWSdn7nQ&t=753,Best Cloud Storage 2026: One Uploads 3x Faster Than The Rest,ugc,True,True
best cloud storage,con,pcmag.com,https://www.pcmag.com/picks/the-best-cloud-storage-and-file-sharing-services,The Best Cloud Storage and File-Sharing Services We've Tested for 2026 | PCMag,editorial,True,False
best cloud storage,con,zapier.com,https://zapier.com/blog/best-cloud-storage-apps/,The 9 best cloud storage apps in 2026 - Zapier,blog,True,True
best cloud storage,con,youtube.com,https://www.youtube.com/shorts/HzwBOD7zN9E,Best Cloud Storage in 2025,ugc,True,True
best cloud storage,con,business.com,https://www.business.com/articles/top-10-cloud-storage-services-for-business/,Top 10 Cloud Storage Services for Business,editorial,True,False
best cloud storage,con,proton.me,https://proton.me/drive,Proton Drive: Free secure cloud storage,vendor,False,False
best cloud storage,con,idrive.com,https://www.idrive.com/,Cloud Backup and Storage solutions for home and business - IDrive®,vendor,False,False
best cloud storage,con,pcworld.com,https://www.pcworld.com/article/407149/online-cloud-backup-services-carbonite-idrive-backblaze-livedrive.html,Best cloud backup services 2026: Expert reviews and top picks,editorial,True,False
best cloud storage,con,youtube.com,https://www.youtube.com/watch?v=ffi58jHXcOs,Best FREE Cloud Storage 2026: 5 Services with Up to 20GB Free!,ugc,True,True
best coffee maker,con,reddit.com,https://www.reddit.com/r/JamesHoffmann/comments/1v64lyv/coffee_snobs_whats_the_best_drip_coffee_maker/,"Coffee snobs, what's the Best Drip Coffee Maker right now for daily use?",ugc,True,True
best coffee maker,con,youtube.com,https://www.youtube.com/watch?v=DwHcc-cfGq8&t=494,Which Home Coffee Machines Earn Their Price Tags? | Focus Group,ugc,False,True
best coffee maker,con,youtube.com,https://www.youtube.com/watch?v=c47Pi2-RAZM&t=230,"5 Best Coffee Machines for 2026 | Drip, Espresso, and Budget Picks!",ugc,True,True
best coffee maker,con,youtube.com,https://www.youtube.com/watch?v=kIz9e2mHPzA&t=337,Best Coffee Makers 2026 – Top 9 Picks for Every Brew Style & Budget,ugc,True,True
best coffee maker,con,youtube.com,https://www.youtube.com/watch?v=kIz9e2mHPzA,Best Coffee Makers 2026 – Top 9 Picks for Every Brew Style & Budget,ugc,True,True
best coffee maker,con,google.com,"https://www.google.com/search?q=product&prds=pvt:hg,productid:14127990017090882791,catalogid:8591114491576203646,gpcid:15222142979367326546,mid:576462840541596083&ibp=oshop",Technivorm Moccamaster KBGV Select Coffee Maker,other,False,False
best coffee maker,con,google.com,"https://www.google.com/search?q=product&prds=pvt:hg,productid:2581367228364516181,catalogid:15970867334211073093,gpcid:3497026903605354752&ibp=oshop",Technivorm Moccamaster KBGV Select Coffee Maker,other,False,False
best dating app,con,reddit.com,https://www.reddit.com/r/OnlineDating/comments/1ianyro/which_is_the_best_dating_app_in_your_experience/,Which is the best dating app in your experience? : r/OnlineDating - Reddit,ugc,True,True
best dating app,con,reddit.com,https://www.reddit.com/r/datingoverforty/comments/1bsbb6g/which_dating_app/,Which dating app? : r/datingoverforty,ugc,False,True
best dating app,con,reddit.com,https://www.reddit.com/r/dating/comments/1fhqwmw/what_is_the_best_dating_app_or_the_best_app_you/,What is the best dating app or the best app you have has success with? : r/dating,ugc,True,True
best dating app,con,medium.com,https://medium.com/hello-love/i-tried-5-dating-apps-in-2026-and-only-one-was-worth-it-83114f6b0951,I Tried 5 Dating Apps in 2026 — And Only One Was Worth It - Medium,blog,False,True
best dating app,con,mindbodygreen.com,https://www.mindbodygreen.com/articles/best-dating-apps-for-serious-relationships,I Tested The Best Dating Apps For Serious Relationships (2025),editorial,True,False
best dating app,con,glamour.com,https://www.glamour.com/gallery/best-dating-sites,"9 Best Dating Apps and Sites 2025, Reviewed by Relationship Experts",editorial,True,False
best dating app,con,grass.camp,https://grass.camp/en-US/blog/best-dating-apps-2026-ranking,"Best Dating Apps 2026: 13 Ranked, Not Just Tinder & Bumble",blog,True,False
best dating app,con,forbes.com,https://www.forbes.com/health/dating/best-online-dating-websites/,Best Online Dating Apps And Sites In 2026 - Forbes,editorial,True,True
best electric toothbrush,con,reddit.com,https://www.reddit.com/r/BuyItForLife/comments/1psg7z7/need_recommendations_for_best_electric_toothbrush/,Need recommendations for best electric toothbrush : r/BuyItForLife,ugc,True,True
best electric toothbrush,con,forbes.com,https://www.forbes.com/sites/forbes-personal-shopper/article/best-electric-toothbrush/,Best Electric Toothbrushes 2026 - Forbes Vetted,editorial,True,True
best electric toothbrush,con,mountainviewfamilydentistry.com,https://www.mountainviewfamilydentistry.com/blog/best-electric-toothbrush-dentist-recommended,Best Electric Toothbrush Dentist Recommended by Experts,blog,True,False
best electric toothbrush,con,electricteeth.com,https://www.electricteeth.com/best-electric-toothbrush/,Best electric toothbrush 2026 - reviews & recommendations,editorial,True,False
best electric toothbrush,con,youtube.com,https://www.youtube.com/watch?v=FsLV9z9xyeA&vl=en,Ultimate Buyer's Guide: BEST Electric Toothbrush For Sensitive Teeth,ugc,True,True
best electric toothbrush,con,youtube.com,https://www.youtube.com/watch?v=AC-X6UpnASw&vl=en-US,Best Electric Toothbrush 2026,ugc,True,True
best electric toothbrush,con,youtube.com,https://www.youtube.com/watch?v=DPNoZCIZ-Co,The BEST Electric Toothbrush ISN'T a Sonicare?!,ugc,True,True
best electric toothbrush,con,google.com,"https://www.google.com/search?q=product&prds=pvt:hg,productid:4170334417444875497,catalogid:15973318048998990686,gpcid:5225207096120340132,mid:576462578525158992&ibp=oshop",Philips Sonicare 9900 Prestige Electric Toothbrush,other,False,False
best electric toothbrush,con,google.com,"https://www.google.com/search?q=product&prds=pvt:hg,productid:3922394732421622584,catalogid:9316766720437262560,gpcid:2709048608383393216,mid:576462415945768851&ibp=oshop",Burst Sonic Electric Toothbrush,other,False,False
best email client,con,pcmag.com,https://www.pcmag.com/picks/best-email-clients,The Best Email Clients We've Tested for 2026 - PCMag,editorial,True,True
best email client,con,getmailbird.com,https://www.getmailbird.com/,Mailbird: Best Email Client for Windows and Mac,vendor,True,True
best email client,con,missiveapp.com,https://missiveapp.com/blog/best-email-client-for-gmail,"The 10 best email clients for Gmail (2026), tested by use case - Missive",vendor,True,True
best email client,con,spaceship.com,https://www.spaceship.com/blog/best-email-clients/,"Best Email Clients in 2026: Top Fast, Secure & User-Friendly Options",blog,True,False
best email client,con,zapier.com,https://zapier.com/blog/best-email-client-for-mac/,The 6 best email clients for Mac - Zapier,blog,True,False
best email client,con,missiveapp.com,https://missiveapp.com/blog/what-is-the-best-email-client-for-outlook-our-top-7-picks,What is the best email client for Outlook? Our top 7 picks - Missive,vendor,True,True
best email client,con,toolfinder.com,https://toolfinder.com/best/email-apps,Best Email Apps in 2026 – Top Email Clients Reviewed - Tool Finder,blog,True,False
best email client,con,getmailbird.com,https://www.getmailbird.com/best-desktop-email-clients-2026-windows-and-mac-comparison/,Best desktop email clients in 2026: Windows and Mac comparison,vendor,True,True
best fitness app,con,forbes.com,https://www.forbes.com/health/weight-loss/best-fitness-apps/,The 10 Best Workout And Fitness Apps Of 2026 - Forbes,editorial,True,True
best fitness app,con,pcmag.com,https://www.pcmag.com/picks/best-workout-apps,The Best Workout Apps We've Tested for 2026 | PCMag,editorial,True,False
best fitness app,con,apps.apple.com,https://apps.apple.com/us/iphone/grouping/25188,‎Health & Fitness for iPhone - App Store,other,False,False
best fitness app,con,garagegymreviews.com,https://www.garagegymreviews.com/best-workout-apps,Expert-Tested: The Best Workout Apps (2026) - Garage Gym Reviews,editorial,True,True
best fitness app,con,youtube.com,https://www.youtube.com/watch?v=EP-0qd9ikJs&t=236,Lindsays Guide To 2025's Best Fitness Apps,ugc,True,True
best fitness app,con,youtube.com,https://www.youtube.com/watch?v=P6ScpQf45Ec&vl=en&t=71,The Best Free and Paid Fitness Apps You Need to Try!,ugc,True,True
best fitness app,con,wired.com,https://www.wired.com/gallery/best-fitness-workout-apps/,"13 Best Fitness and Workout Apps for 2026, Tested & Reviewed",editorial,True,False
best fitness app,con,cnet.com,https://www.cnet.com/health/fitness/best-workout-apps/,Best Expert-Tested Workout Apps and Services for 2026 - CNET,editorial,True,True
best food delivery app,con,reddit.com,https://www.reddit.com/r/FoodNYC/comments/1i4li7x/best_allinone_food_delivery_app_for_nyc/,Best All-in-One Food Delivery App for NYC? - Reddit,ugc,True,True
best food delivery app,con,cnet.com,https://www.cnet.com/tech/services-and-software/best-food-delivery-service/,Best Food Delivery Services of 2026 - CNET,editorial,True,True
best food delivery app,con,facebook.com,https://www.facebook.com/groups/531567740891551/posts/1528285951219720/,Which delivery app is best for food? - Facebook,ugc,True,False
best food delivery app,con,theodysseyonline.com,https://www.theodysseyonline.com/whats-the-best-food-delivery-app,What's The Best Food Delivery App? | The Odyssey Online,blog,True,False
best food delivery app,con,cloudkitchens.com,https://cloudkitchens.com/blog/top-food-delivery-apps,Top 5 Food Delivery Apps for Your Restaurant - CloudKitchens,blog,True,False
best food delivery app,con,eggzack.com,http://www.eggzack.com/article/2023-11-23-4-best-food-delivery-apps.html,"4 Best Food Delivery Apps | Emily Clarke | Bell Gardens, CA",blog,True,False
best gaming laptop,con,youtube.com,https://www.youtube.com/watch?v=3xYPxkpVorE&t=55,"Best Gaming Laptop 2026 (FALL) 🛑 Budget, Midrange & Premium",ugc,True,True
best gaming laptop,con,ultrabookreview.com,https://www.ultrabookreview.com/2071-best-gaming-ultrabooks/,Best gaming ultrabook (thin-and-light gaming laptop) in 2026,editorial,True,True
best gaming laptop,con,pcmag.com,https://www.pcmag.com/picks/the-best-gaming-laptops,The Best Gaming Laptops We've Tested for 2026 | PCMag,editorial,True,True
best gaming laptop,con,uk.pcmag.com,https://uk.pcmag.com/laptops/6014/the-best-gaming-laptops,The Best Gaming Laptops for 2026 - PCMag UK,editorial,True,False
best gaming laptop,con,youtube.com,https://www.youtube.com/watch?v=3xYPxkpVorE,"Best Gaming Laptop 2026 (FALL) 🛑 Budget, Midrange & Premium",ugc,True,True
best gaming laptop,con,google.com,"https://www.google.com/search?q=product&prds=pvt:hg,productid:2899811960707050526,catalogid:10894419706351328372,gpcid:9480025177162541637&ibp=oshop","Acer Predator Helios Neo 16S AI Gaming Laptop 16"" OLED 240Hz",other,False,False
best gaming laptop,con,google.com,"https://www.google.com/search?q=product&prds=pvt:hg,productid:1888863217550519906,catalogid:17366310315994959976,gpcid:4628613358687815620&ibp=oshop","Dell Alienware 16X Aurora Gaming Laptop 16"" 240Hz Display Intel Core 9 275HX",other,False,False
best gaming laptop,con,google.com,"https://www.google.com/search?q=product&prds=pvt:hg,productid:3475648728076580148,catalogid:13095694088061470896,gpcid:11646548390823220923,mid:576462567088792892&ibp=oshop","Lenovo Legion Pro 7i 16"" OLED Gaming Laptop Intel Core Ultra 9 275HX",other,False,False
best investing app,con,youtube.com,https://www.youtube.com/watch?v=Z2lGCzgDMpc,I Ranked Every Investing App In 2026 (What's ACTUALLY Good),ugc,True,True
best investing app,con,youtube.com,https://www.youtube.com/watch?v=ulw_vq91CZI&vl=en-US&t=365,10 Best Investing Apps RANKED (What No One Tells You),ugc,True,True
best investing app,con,forbes.com,https://www.forbes.com/advisor/investing/best-investment-apps/,Best Investment Apps Of 2026 – Forbes Advisor,editorial,True,True
best investing app,con,money.usnews.com,https://money.usnews.com/investing/articles/investment-apps-for-beginners,7 Best Investing Apps for Beginners - US News Money,editorial,True,True
best investing app,con,cnbc.com,https://www.cnbc.com/select/best-investing-apps/,Best Investing Apps of August 2026 - CNBC,editorial,True,False
best investing app,con,youtube.com,https://www.youtube.com/watch?v=1as8IUWAwzU,10 Best Investing Apps for Beginners (Tested & Reviewed),ugc,True,True
best language learning app,con,reddit.com,https://www.reddit.com/r/languagelearning/comments/1hyh9u6/what_is_the_best_app_for_learning_a_language/,What is the best app for learning a language? - Reddit,ugc,True,True
best language learning app,con,nytimes.com,https://www.nytimes.com/wirecutter/reviews/best-language-learning-apps/,The 4 Best Language Learning Apps of 2026 | Reviews by Wirecutter,editorial,True,True
best language learning app,con,tanyamozias.substack.com,https://tanyamozias.substack.com/p/best-language-learning-apps-youve-never-heard-of,The Best Language Learning Apps You've Probably Never Heard Of,blog,True,True
best language learning app,con,youtube.com,https://www.youtube.com/watch?v=U_SAcVGFpag&vl=en,The Best Language Learning Apps (and Why Most Don't Work),ugc,True,False
best language learning app,con,youtube.com,https://www.youtube.com/watch?v=dREILHyI1mk&vl=en&t=462,The BEST 4 Language Learning Apps,ugc,True,False
best language learning app,con,nbcnews.com,https://www.nbcnews.com/select/shopping/language-learning-apps-duolingo-babbel-pimsleur-tested-rcna187804,"I tested Duolingo, Babbel and Pimsleur so you don't have to",editorial,False,True
best language learning app,con,youtube.com,https://www.youtube.com/watch?v=W8qxOtHEupw&t=532,How to Learn a Language: Best Apps to Help Climb Your Goals,ugc,True,False
best language learning app,con,ilampadmanabhan.medium.com,https://ilampadmanabhan.medium.com/best-language-learning-apps-daa69a7ade38,What Are the Best Language Learning Apps? I Tested 12 to Find Out,blog,True,False
best language learning app,con,lingq.com,https://www.lingq.com/blog/best-language-learning-app/,Best Language Learning App in 2026: An Honest Comparison - LingQ,vendor,True,False
best language learning app,con,youtube.com,https://www.youtube.com/watch?v=W8qxOtHEupw,How to Learn a Language: Best Apps to Help Climb Your Goals,ugc,True,False
best laptop for students,con,rtings.com,https://www.rtings.com/laptop/reviews/best/by-usage/college,The 6 Best Laptops For College of 2026 - RTINGS.com,editorial,True,False
best laptop for students,con,quora.com,https://www.quora.com/What-s-the-best-laptop-for-students,What's the best laptop for students? - Quora,ugc,True,False
best laptop for students,con,youtube.com,https://www.youtube.com/watch?v=4btTA1xTnD4,Best Laptops for Students (2026 Ultimate Guide),ugc,True,False
best laptop for students,con,youtube.com,https://www.youtube.com/watch?v=CxCOJW4NFuA,The ONLY 5 Student Laptops Actually Worth Buying in 2026,ugc,False,False
best laptop for students,con,google.com,"https://www.google.com/search?q=product&prds=pvt:hg,productid:333416296136415779,catalogid:10419510039404050390,gpcid:8602998232814770163,mid:576462562025329966&ibp=oshop",13-inch Apple MacBook Air M5,other,False,False
best laptop for students,con,google.com,"https://www.google.com/search?q=product&prds=pvt:hg,productid:12419695652909614931,catalogid:171782788376118309,gpcid:6376925527945280566,mid:576462883750226254&ibp=oshop",Apple MacBook Neo 13-inch A18 Pro chip,other,False,False
best mattress,con,sleepfoundation.org,https://www.sleepfoundation.org/best-mattress,Best Mattress of 2026: Expert Tested and Sleeper Reviewed,editorial,True,True
best mattress,con,ncoa.org,https://www.ncoa.org/product-resources/sleep/best-mattress/,The Best Mattresses of 2026: Tested and Reviewed,editorial,True,False
best mattress,con,youtube.com,https://www.youtube.com/watch?v=IEpC75Jtua8&t=25,Best Mattress of 2026 Round Up - Our Top 5 Picks!,ugc,True,True
best mattress,con,mattressnerd.com,https://www.mattressnerd.com/best-mattress-for-the-money/,Best Mattress for the Money (2026),editorial,True,True
best mattress,con,youtube.com,https://www.youtube.com/watch?v=zhh-rVDH6z4&t=371,Best Mattresses Worth the Money in 2026 - Our Top 5 Picks,ugc,True,True
best mattress,con,mattressnerd.com,https://www.mattressnerd.com/best-mattress/,Best Mattresses of 2026 | We Tested 200+ Beds,editorial,True,True
best meal kit delivery,con,bonappetit.com,https://www.bonappetit.com/story/best-meal-delivery-services?srsltid=AfmBOooM48sCJPxpiefWxgWmT9KuCqWgS2RmbIpKTH6AuTGwfNcqCgPR,2026's Best Meal Delivery Services That Are Worth Your Money,editorial,True,True
best meal kit delivery,con,wired.com,https://www.wired.com/gallery/best-meal-kit-services-1/,The Best Meal Delivery Services and Meal Kits of 2026 - WIRED,editorial,True,True
best meal kit delivery,con,seriouseats.com,https://www.seriouseats.com/best-meal-delivery-services-8734261,"The 4 Best Meal Delivery Services of 2026, Tested & Reviewed",editorial,True,True
best meal kit delivery,con,youtube.com,https://www.youtube.com/watch?v=gfPaNxjhNPQ&t=27,How To Choose the Right Meal Kit in 2026 (Don't Waste ...,ugc,False,True
best meal kit delivery,con,blueapron.com,https://www.blueapron.com/?srsltid=AfmBOopj6DySWDA23BHIDv4DZZRmbDlgk6re-pgBk1lkWMgM_VF-SG1e,"Blue Apron | Meal Kits, Oven-Ready & Ready-to-Eat Meals ...",vendor,False,True
best meal kit delivery,con,bonappetit.com,https://www.bonappetit.com/story/best-prepared-meal-delivery-services?srsltid=AfmBOorBvYUOhUrC_3e0_7kJafj7KGgkPX0K-H1l8Tru9WvUOEkQmvdh,"After Months of Testing Prepared Meal Deliveries, These 5 Services ...",editorial,True,True
best meal kit delivery,con,tasteofhome.com,https://www.tasteofhome.com/article/best-meal-kit-delivery-2026/,We Tried Them All: The Best Meal Kit Delivery Services [Spring 2026],editorial,True,False
best meal kit delivery,con,tasteofhome.com,https://www.tasteofhome.com/collection/best-meal-delivery-service/,"The Best Meal Delivery Services of 2026, Tested by Taste of Home ...",editorial,True,False
best meal kit delivery,con,foodnetwork.com,https://www.foodnetwork.com/how-to/packages/shopping/product-reviews/best-healthy-meal-delivery-services,5 Best Healthy Meal Kit Delivery Services 2026 Reviewed,editorial,True,False
best meditation app,con,nytimes.com,https://www.nytimes.com/wirecutter/reviews/best-meditation-apps/,The 3 Best Meditation Apps of 2026 | Reviews by Wirecutter,editorial,True,True
best meditation app,con,theguardian.com,https://www.theguardian.com/thefilter-us/2025/nov/03/best-meditation-apps,The best meditation apps to quit doomscrolling and find peace instead,editorial,True,True
best meditation app,con,verywellmind.com,https://www.verywellmind.com/best-meditation-apps-4767322,The 7 Best Meditation Apps of 2026 - Verywell Mind,editorial,True,False
best meditation app,con,insighttimer.com,https://insighttimer.com/,Insight Timer — The #1 Free Meditation and Sleep App,vendor,False,True
best meditation app,con,themindfulnessapp.com,https://www.themindfulnessapp.com/articles/best-meditation-apps-features-comparison-2025,Best Meditation Apps: Features Comparison 2025,vendor,True,False
best meditation app,con,youtube.com,https://www.youtube.com/watch?v=um9tv0lDiuY,Headspace vs Calm: What You Really Get From These Popular Meditation ...,ugc,False,False
best music streaming service,con,reddit.com,https://www.reddit.com/r/AppleMusic/comments/1rbyu11/ranking_7_major_music_streaming_services_from/,Ranking 7 Major Music Streaming Services From Worst To Best - Reddit,ugc,True,True
best music streaming service,con,youtube.com,https://www.youtube.com/watch?v=JIZmS5mCTYw,I Ranked Music Streaming Apps - This Will Cause Fights!,ugc,True,True
best music streaming service,con,cnet.com,https://www.cnet.com/tech/services-and-software/best-music-streaming-service/,Best Music Streaming Service of 2026 - CNET,editorial,True,True
best music streaming service,con,audioadvice.com,https://www.audioadvice.com/blogs/expert-advice/the-best-music-streaming-services,The Best Music Streaming Services - Audio Advice,blog,True,True
best music streaming service,con,whathifi.com,https://www.whathifi.com/best-buys/streaming/best-music-streaming-services,Best music streaming services 2026: free streams to hi-res audio,editorial,True,False
best music streaming service,con,optimum.com,https://www.optimum.com/articles/mobile/music-streaming-services-cost-comparison,Music Streaming Services Compared - Optimum,blog,True,False
best note taking app,con,zapier.com,https://zapier.com/blog/best-note-taking-apps/,The 7 Best Note Taking Apps in 2026 | Zapier,blog,True,True
best note taking app,con,youtube.com,https://www.youtube.com/shorts/VwH9W8qvJA0,✍🏼📲 BEST Digital Note-Taking Apps on iPad,ugc,True,True
best note taking app,con,androidpolice.com,https://www.androidpolice.com/i-found-the-best-notes-app-for-every-device/,"I found the best notes app for every device, and I wasn't disappointed",editorial,True,True
best note taking app,con,quora.com,https://www.quora.com/What-are-the-best-note-taking-apps-for-mobile-devices,What are the best note-taking apps for mobile devices? - Quora,ugc,True,False
best office chair,con,nytimes.com,https://www.nytimes.com/wirecutter/reviews/best-office-chair/,"The 5 Best Office Chairs, According to Our Testing | Reviews by Wirecutter",editorial,True,True
best office chair,con,wired.com,https://www.wired.com/gallery/best-office-chairs/,15 Best Office Chairs of 2026—We Tested 70 to Pick Them | WIRED,editorial,True,False
best office chair,con,youtube.com,https://www.youtube.com/watch?v=y0MIBe0LTUg&t=211,"BEST CHAIRS for Every Height, Budget, and Weight - 2025",ugc,True,True
best office chair,con,architecturaldigest.com,https://www.architecturaldigest.com/story/best-office-chairs-tested-and-reviewed,8 Best Ergonomic Office Chairs for a Stylish Workspace (2026),editorial,True,True
best office chair,con,google.com,"https://www.google.com/search?q=product&prds=pvt:hg,productid:15983044486999208664,catalogid:14750751633132377666,gpcid:16162280338043236049,mid:576462732890363511&ibp=oshop",Embody Chair Herman Miller,other,False,False
best password manager,con,bitwarden.com,https://bitwarden.com/products/personal/,Best Free & Premium Password Manager - Bitwarden,vendor,True,True
best password manager,con,zapier.com,https://zapier.com/blog/best-password-manager/,The 5 best password managers in 2026 - Zapier,blog,True,False
best password manager,con,security.org,https://www.security.org/password-manager/best/,The Best Password Managers of 2026: Based On Your Needs,editorial,True,False
best password manager,con,zdnet.com,https://www.zdnet.com/article/best-password-manager/,The best password managers of 2026: Expert tested - ZDNET,editorial,True,False
best password manager,con,youtube.com,https://www.youtube.com/watch?v=aIJjrDrwsIU,I Tested 4 Password Managers: Here's What I Actually Use,ugc,False,True
best password manager,con,youtube.com,https://www.youtube.com/watch?v=LatPJkT-cZs,Best Password Manager TIER LIST | Research & Test based FACTS!,ugc,True,True
best pdf editor,con,reddit.com,https://www.reddit.com/r/software/comments/1nl9r46/any_good_pdf_editor/,Any good pdf editor? : r/software - Reddit,ugc,False,True
best pdf editor,con,pcworld.com,https://www.pcworld.com/article/407214/best-pdf-editors.html,"Best PDF editors: Premium, budget, and free options - PCWorld",editorial,True,True
best pdf editor,con,pcmag.com,https://www.pcmag.com/picks/the-best-pdf-editor,The Best PDF Editor We've Tested for 2026 | PCMag,editorial,True,False
best pdf editor,con,medium.com,https://medium.com/@yulia.savliuk/pdf-editor-tools-for-mac-3590cb4de1c0,PDF editor tools for Mac that are worth using on a daily basis - Medium,blog,False,False
best pdf editor,con,macworld.com,https://www.macworld.com/article/2408950/best-pdf-editor-for-mac.html,"Best PDF Editor for Mac (2026): Best tools for text edits, OCR & ...",editorial,True,True
best pdf editor,con,zapier.com,https://zapier.com/blog/best-pdf-editor-apps/,The 7 Best PDF Editor Apps in 2026 | Zapier,blog,True,True
best pdf editor,con,youtube.com,https://www.youtube.com/shorts/Wf4kWNLq_-w,"This free pdf app lets you edit PDF, works offline, and runs on iPhone ...",ugc,False,True
best photo editing app,con,reddit.com,https://www.reddit.com/r/GalaxyS23Ultra/comments/18u4kv4/what_is_your_favorite_photo_editing_apps_free_or/,"What is your favorite photo editing apps? Free or Paid, not preferably ...",ugc,False,True
best photo editing app,con,pcmag.com,https://www.pcmag.com/picks/best-mobile-photo-editing-apps,The Best Mobile Photo Editing Apps We've Tested for 2026 - PCMag,editorial,True,False
best photo editing app,con,zapier.com,https://zapier.com/blog/best-photo-editing-apps-iphone-android/,The 5 best photo editing apps for iPhone and Android in 2026 - Zapier,blog,True,True
best photo editing app,con,amateurphotographer.com,https://amateurphotographer.com/round-ups/best-photo-apps-for-phones/,These are the best photo editing apps to use in 2026,editorial,True,True
best photo editing app,con,adobe.com,https://www.adobe.com/au/products/photoshopfamily.html,Best Photo Editing Apps for Creators – Beginner to Professional,vendor,True,False
best photo editing app,con,digital-photography-school.com,https://digital-photography-school.com/best-photo-editing-apps/,15 Best Photo-Editing Apps in 2024 (+ Buying Guide),editorial,True,False
best robot vacuum,con,vacuumwars.com,https://vacuumwars.com/best-robot-vacuum-under-1000/,Robot Vacuums: Best from $600 to $1000 -August 2026,editorial,True,True
best robot vacuum,con,vacuumwars.com,https://vacuumwars.com/vacuum-wars-best-robot-vacuums/,Top 20 Best Robot Vacuums in 2026 | Reviews by Vacuum Wars,editorial,True,True
best robot vacuum,con,google.com,"https://www.google.com/search?q=product&prds=pvt:hg,productid:4446586398717462036,catalogid:14818947996465857667,gpcid:4332855106247048820,mid:576462898557420858&ibp=oshop",Roborock Saros Z70 Robot Vacuum with OmniGrip Mechanical Arm,other,False,False
best robot vacuum,con,google.com,"https://www.google.com/search?q=product&prds=pvt:hg,productid:5525461296536888098,catalogid:996865571621834440,gpcid:6446366821360939268&ibp=oshop",Wyze Robot Vacuum with LiDAR Room Mapping,other,False,False
best running shoes,con,reddit.com,https://www.reddit.com/r/runninglifestyle/comments/1u5x7mx/what_are_the_best_running_shoes_that_youd/,What are the best running shoes that you'd actually buy again? - Reddit,ugc,True,True
best running shoes,con,rtings.com,https://www.rtings.com/running-shoes/reviews/best/for-men,The 7 Best Running Shoes For Men of 2026 - RTINGS.com,editorial,True,True
best running shoes,con,outsideonline.com,https://www.outsideonline.com/outdoor-gear/run/best-running-shoes/,Best Road Running Shoes (Summer 2026) - Outside Magazine,editorial,True,False
best running shoes,con,google.com,"https://www.google.com/search?q=product&prds=pvt:hg,productid:10783239481186938203,catalogid:9020288332101250983,gpcid:2678162928301455596,mid:576462828034469706&ibp=oshop",Men's Brooks Ghost Max 3,other,False,False
best running shoes,con,google.com,"https://www.google.com/search?q=product&prds=pvt:hg,productid:4483943412169633806,catalogid:3857697396733841827,gpcid:11099759111364707336,mid:576460807992409847&ibp=oshop",Nike Men's Vomero 18,other,False,False
best screen recorder,con,youtube.com,https://www.youtube.com/watch?v=iqIJtL9pW2I&t=102,Best FREE Screen Recording Software 2026 With No Watermarks,ugc,True,False
best screen recorder,con,screenpal.com,https://screenpal.com/screen-recorder,"Free Screen Recorder for Windows, Mac & Mobile - Download Now - ScreenPal",vendor,False,True
best screen recorder,con,youtube.com,https://www.youtube.com/watch?v=PfS05G9xGw4&t=324,Top 5 Best FREE SCREEN RECORDING Software (2026),ugc,True,False
best screen recorder,con,kommodo.ai,https://kommodo.ai/blog/best-screen-recording-software,"12 Best Screen Recorders in 2026 — Free & Paid, Tested - Kommodo",vendor,True,True
best screen recorder,con,atlassian.com,https://www.atlassian.com/blog/loom/best-screen-recorder,Top 15 Best Screen Recorder Tools in 2025 - Atlassian,vendor,True,False
best screen recorder,con,youtube.com,https://www.youtube.com/watch?v=PfS05G9xGw4,Top 5 Best FREE SCREEN RECORDING Software (2026),ugc,True,False
best screen recorder,con,youtube.com,https://www.youtube.com/watch?v=zyEzpfzs5Wk,5 Best FREE SCREEN RECORDING Software,ugc,True,False
best screen recorder,con,google.com,"https://www.google.com/search?q=product&prds=pvt:hg,productid:1085543575874249005,catalogid:11781620359900604332,gpcid:828510812636103754,mid:576462893593554152&ibp=oshop",Movavi Screen Recorder Special Offer,other,False,False
best smartwatch,con,reddit.com,https://www.reddit.com/r/smartwatch/comments/1q4nx5t/whats_the_best_smartwatch_i_can_buy_price_battery/,"What's the best smartwatch I can buy? (Price, Battery, Features) - Reddit",ugc,True,False
best smartwatch,con,amazon.com,https://www.amazon.com/Best-Sellers-Smartwatches/zgbs/electronics/7939901011,Amazon Best Sellers: Best Smartwatches,other,True,True
best smartwatch,con,techadvisor.com,https://www.techadvisor.com/article/723389/best-smartwatch.html,Best Smartwatch 2026: From Galaxy to Apple to Pixel - Tech Advisor,editorial,True,True
best smartwatch,con,wareable.com,https://www.wareable.com/smartwatches/best-smartwatch-reviews-compared-8286,The best smartwatches in 2026: Top picks for every budget - Wareable,editorial,True,True
best smartwatch,con,trustedreviews.com,https://www.trustedreviews.com/best/best-smartwatch-3434307,The 11 best smartwatches you can buy in 2026 - Trusted Reviews,editorial,True,False
best smartwatch,con,youtube.com,https://www.youtube.com/watch?v=hWAIkPWMoi4,Smartwatch Awards 2025! (Best by Category),ugc,True,True
best smartwatch,con,google.com,"https://www.google.com/search?q=product&prds=pvt:hg,productid:17878632881467310345,catalogid:2293151497497880158,gpcid:6847802439721342113,mid:576462896316225623&ibp=oshop",Samsung Galaxy Watch Ultra2,other,False,False
best smartwatch,con,google.com,"https://www.google.com/search?q=product&prds=pvt:hg,productid:16455232815573431547,catalogid:17424431676785351268,gpcid:9744161350386471842,mid:576462895436002567&ibp=oshop",Garmin fenix 8 Pro AMOLED,other,False,False
best standing desk,con,upliftdesk.com,https://www.upliftdesk.com/standing-desks/,Height Adjustable Standing Desks | UPLIFT Desk,vendor,False,True
best standing desk,con,wired.com,https://www.wired.com/gallery/best-standing-desks/,"12 Best Standing Desks of 2026, Tested and Reviewed - WIRED",editorial,True,False
best standing desk,con,youtube.com,https://www.youtube.com/watch?v=DxjyWAoY_rg&t=11,Best Standing Desks of 2026 | Top 4 Adjustable Desks Reviewed,ugc,True,True
best standing desk,con,youtube.com,https://www.youtube.com/watch?v=c-qrQCsRYTg&vl=en,I Thought this was the Best Standing Desk.,ugc,True,True
best standing desk,con,google.com,"https://www.google.com/search?q=product&prds=pvt:hg,productid:12101710278460269765,catalogid:11071793144514569443,gpcid:1246471540754468357,mid:576462884571665100&ibp=oshop",Vari Electric Standing Desk with ComfortEdge,other,False,False
best standing desk,con,google.com,"https://www.google.com/search?q=product&prds=pvt:hg,productid:2702947853695749636,catalogid:15468195312940056457,gpcid:14450343815107833026,mid:576462892688202752&ibp=oshop",FlexiSpot E5 Electric Adjustable Standing Desk&48×30 inch Desktop White Frame For Home Office,other,False,False
best standing desk,con,google.com,"https://www.google.com/search?q=product&prds=pvt:hg,productid:10727649049262968671,catalogid:15178621338671746413,gpcid:9768875936250499585,mid:576462704033058329&ibp=oshop",Koree Standing & Height-Adjustable Desks Inbox Zero,other,False,False
best streaming service,con,reviews.org,https://www.reviews.org/tv-service/best-streaming-service/,Best Streaming Services: Which Is the Best? - Reviews.org,editorial,True,True
best streaming service,con,consumerreports.org,https://www.consumerreports.org/electronics-computers/streaming-media/guide-to-streaming-video-services-a4517732799/,Guide to Streaming Video Services - Consumer Reports,editorial,False,True
best streaming service,con,decider.com,https://decider.com/article/best-live-tv-streaming-services/,The 5 Best Live TV Streaming Services Available in August 2026,editorial,True,True
best streaming service,con,nerdwallet.com,https://www.nerdwallet.com/finance/learn/best-streaming-service,What's the Best Streaming Service for You? How to Pick - NerdWallet,editorial,True,True
best streaming service,con,youtube.com,https://www.youtube.com/watch?v=R6MZn-x6Ou8&t=113,Top 10 Best Streaming Services for TV Shows & Movies (2026),ugc,True,True
best tax software,con,cnbc.com,https://www.cnbc.com/select/best-tax-software/,Best Tax Software of 2026 | CNBC Select,editorial,True,True
best tax software,con,reddit.com,https://www.reddit.com/r/personalfinance/comments/1i3fssv/tax_filing_software_megathread_a_comprehensive/,Tax Filing Software Megathread: A comprehensive list of tax ... - Reddit,ugc,False,True
best tax software,con,freetaxusa.com,https://www.freetaxusa.com/software/,Free Federal Tax Filing (TurboTax Alternative) | FreeTaxUSA®,vendor,False,True
best tax software,con,investopedia.com,https://www.investopedia.com/the-best-tax-software-8780098,Best Tax Software for 2026 - Investopedia,editorial,True,False
best tax software,con,cnbc.com,https://www.cnbc.com/select/best-free-tax-software/,The Best Free Tax Software of 2026 - CNBC,editorial,True,True
best tax software,con,google.com,"https://www.google.com/search?q=product&prds=pvt:hg,productid:9703751600751038925,catalogid:10414389000555161605,gpcid:7334570706804292723,mid:576462563310905855&ibp=oshop",TurboTax Deluxe 2024 Federal Only + E-file,other,False,False
best tax software,con,google.com,"https://www.google.com/search?q=product&prds=pvt:hg,productid:17319010262721585996,catalogid:9199051848556068640,gpcid:5349972881055368771,mid:576462523862615186&ibp=oshop",H&R Block Tax Software Premium 2025,other,False,False
best todo list app,con,reddit.com,https://www.reddit.com/r/productivity/comments/111pnin/what_is_the_best_todo_app_and_why/,What is the best To-Do app and why? : r/productivity - Reddit,ugc,True,True
best todo list app,con,nytimes.com,https://www.nytimes.com/wirecutter/reviews/best-to-do-list-app/,The 4 Apps That Help Us Get Stuff Done | Reviews by Wirecutter,editorial,True,True
best todo list app,con,zapier.com,https://zapier.com/blog/best-todo-list-apps/,7 best to do list apps of 2026 - Zapier,blog,True,False
best todo list app,con,youtube.com,https://www.youtube.com/watch?v=0TpnRzdt7bY,I Tested Every To-do App So You Don't Have To,ugc,False,True
best todo list app,con,au.pcmag.com,https://au.pcmag.com/productivity/49219/the-best-to-do-list-apps-for-2020,The Best Task Management Apps for 2026 - PCMag Australia,editorial,True,False
best todo list app,con,zapier.com,https://zapier.com/blog/best-windows-to-do-list-apps/,The 6 Best To Do List Apps for Windows in 2026 - Zapier,blog,True,False
best todo list app,con,quora.com,https://www.quora.com/Which-is-the-best-to-do-list-app-including-the-web-version,"Which is the best to-do list app, including the web version? - Quora",ugc,True,False
best todo list app,con,zapier.com,https://zapier.com/blog/best-android-to-do-list-apps/,The 6 best to-do list apps for Android - Zapier,blog,True,False
best todo list app,con,nathanojaokomo.com,https://nathanojaokomo.com/blog/best-to-do-list-apps,Best To-Do List Apps of 2026: 9 Tested Ranked - Nathan Ojaokomo,blog,True,False
best travel booking site,con,reddit.com,https://www.reddit.com/r/travel/comments/yt880d/which_is_the_best_travel_search_engine_and_why/,Which is the best travel search engine and why? : r/travel,ugc,True,True
best travel booking site,con,kayak.com,https://www.kayak.com/,"KAYAK: Search Flights, Hotels & Rental Cars",vendor,False,True
best travel booking site,con,frommers.com,https://www.frommers.com/slideshows/819303-best-and-worst-hotel-booking-sites-for-2026/,The Best and Worst Hotel Booking Sites for 2026 | Frommer's,editorial,True,True
best travel booking site,con,smartertravel.com,https://www.smartertravel.com/best-travel-package-sites-vacation-booking/,The 9 Best Travel Package Sites for Booking a Cheap Vacation,editorial,True,True
best travel booking site,con,facebook.com,https://www.facebook.com/groups/1356268181922293/posts/1728034444745663/,What websites are best for booking hotels and flights? - Facebook,ugc,True,True
best travel booking site,con,worldtrips.com,https://www.worldtrips.com/resources/best-travel-websites,Best Travel Websites | WorldTrips Travel Insurance,blog,True,True
best travel booking site,con,de.cabinzero.com,https://de.cabinzero.com/en/blogs/travel-tips/best-sites-to-book-trips,Best Sites To Book Trips - The Most Reputable Booking Sites For ...,blog,True,False
best video editing software,con,pcmag.com,https://www.pcmag.com/picks/the-best-video-editing-software,The Best Video Editing Software We've Tested for 2026 | PCMag,editorial,True,True
best video editing software,con,diyvideoeditor.com,https://diyvideoeditor.com/best-video-editors-compared/,Best Video Editing Software 2026 Reviewed and Compared,blog,True,True
best video editing software,con,zapier.com,https://zapier.com/blog/best-video-editing-software/,The best video editing software (including free options) - Zapier,blog,True,True
best video editing software,con,amateurphotographer.com,https://amateurphotographer.com/round-ups/software-round-ups/best-video-editing-software-including-free-tools/,The best video editing software in 2026: these are programs literally ...,editorial,True,False
best video editing software,con,youtube.com,https://www.youtube.com/watch?v=vg2IGmJrrQs,Best Video Editing Software For YouTube in 2026 (Beginner to Pro),ugc,True,True
best video editing software,con,youtube.com,https://www.youtube.com/watch?v=qTwrEnRrmJQ,Top 5 Video Editors 2026 - Best Video Editing Software for Beginners,ugc,True,True
best video editing software,con,youtube.com,https://www.youtube.com/watch?v=WwfPahhEAnE,Best Video Editors in 2026: Which One Is Actually for You?,ugc,True,True
best video editing software,con,youtube.com,https://www.youtube.com/watch?v=lpEVOG2ZdNU&vl=en-US,I Ranked Every Video Editing Software I've Used!,ugc,True,True
best video editing software,con,google.com,"https://www.google.com/search?q=product&prds=pvt:hg,productid:957156386293597200,catalogid:16202667509944833419,gpcid:5311485129624193119,mid:576462567083095092&ibp=oshop",PowerDirector 2026 Ultra,other,False,False
best vpn,con,youtube.com,https://www.youtube.com/watch?v=--8ZBAkebO0&vl=en-US&t=38,BEST VPNs of 2026 ranked | Top VPN provider tier list!,ugc,True,True
best vpn,con,myvegantravels.com,https://myvegantravels.com/travel-tips/best-vpns/,The best VPNs I use as a full-time traveller (2026),blog,True,True
best vpn,con,thebestvpn.com,https://thebestvpn.com/best-vpn-usa/,Best VPN USA 2026: Top 5 Picks Tested & Ranked,editorial,True,True
best vpn,con,nordvpn.com,https://nordvpn.com/,"NordVPN: The best VPN service online for free, open internet",vendor,True,False
best vpn,con,allaboutcookies.org,https://allaboutcookies.org/best-vpn-services,The Best VPNs of 2026: Independently Tested and Editor-Approved,editorial,True,False
best web browser,con,brave.com,https://brave.com/,Brave: The browser that puts you first,vendor,False,False
best web browser,con,reddit.com,https://www.reddit.com/r/browsers/comments/1v0df9x/what_is_the_best_actual_browser/,What is the best actual browser? - Reddit,ugc,True,True
best web browser,con,techradar.com,https://www.techradar.com/best/browser,The Best Web Browsers for 2026 - TechRadar,editorial,True,False
best web browser,con,pcmag.com,https://www.pcmag.com/picks/brave-chrome-edge-firefox-or-safari-we-pick-the-best-browser,"Brave, Chrome, Edge, Firefox, or Safari? We Pick the Best Browser ...",editorial,True,True
best web browser,con,highspeedinternet.com,https://www.highspeedinternet.com/resources/best-web-browsers,The Best Web Browsers of 2026 - HighSpeedInternet.com,editorial,True,False
best wireless earbuds,con,rtings.com,https://www.rtings.com/headphones/reviews/best/wireless-earbuds,The 6 Best Wireless Earbuds of 2026 - RTINGS.com,editorial,True,True
best wireless earbuds,con,google.com,"https://www.google.com/search?q=product&prds=pvt:hg,productid:15969768374614330185,catalogid:2327420681279440941,gpcid:3323897376901893063,mid:576462876322302517&ibp=oshop",Apple AirPods Pro 3,other,False,False
best wireless earbuds,con,google.com,"https://www.google.com/search?q=product&prds=pvt:hg,productid:17594597780420401212,catalogid:14336211017630754680,gpcid:7844991865192354685,mid:576460790701938448&ibp=oshop",Bose QuietComfort Ultra Wireless Noise Cancelling Earbuds,other,False,False
best ai coding assistant,dev,reddit.com,https://www.reddit.com/r/vibecoding/comments/1mqd4zx/best_ai_assistant_for_coding_right_now_beginner/,Best AI assistant for coding right now? (Beginner who needs to get ...,ugc,True,True
best ai coding assistant,dev,youtube.com,https://www.youtube.com/watch?v=NAWcnIebQ-o&t=1659,I Ranked Every AI Coding Assistant,ugc,True,True
best ai coding assistant,dev,axify.io,https://axify.io/blog/the-best-ai-coding-assistants-a-full-comparison-of-20-tools,The Best AI Coding Assistants: 20 Tools Reviewed for 2026 - Axify,blog,True,True
best ai coding assistant,dev,youtube.com,https://www.youtube.com/shorts/TPZ_uTz8BJY,The Best AI Coding Assistant in 2026?,ugc,True,True
best ai coding assistant,dev,replit.com,https://replit.com/discover/best-ai-coding-assistant,Best AI coding assistant in 2026: complete developer guide - Replit,vendor,True,False
best ai coding assistant,dev,zapier.com,https://zapier.com/blog/ai-coding-tools/,The 9 best AI coding tools in 2026 - Zapier,blog,True,False
best ai coding assistant,dev,daily.dev,https://daily.dev/blog/best-ai-coding-assistants-comparison/,"The Best AI Coding Assistants in 2026, Compared - daily.dev",blog,True,False
best ai coding assistant,dev,blog.n8n.io,https://blog.n8n.io/best-ai-for-coding/,8 best AI coding tools for developers: tested & compared! - n8n Blog,blog,True,False
best ai coding assistant,dev,pecollective.com,https://pecollective.com/tools/best-ai-coding-assistants/,Best AI Coding Assistants 2026: 12 Tools Tested and Ranked,blog,True,False
best ai coding assistant,dev,youtube.com,https://www.youtube.com/watch?v=eS-7r6R6CHo&vl=en,I Tried Every AI Coding Assistant,ugc,False,True
best api testing tools,dev,reddit.com,https://www.reddit.com/r/learnprogramming/comments/1hgtvae/what_api_testing_tool_do_you_prefer_for_testing/,What API testing tool do you prefer for testing backend services?,ugc,False,True
best api testing tools,dev,openapi.com,https://openapi.com/blog/10-best-tools-api-testing,The 10 Best Tools for API Testing (Beyond Postman) - Openapi,blog,True,True
best api testing tools,dev,stackhawk.com,https://www.stackhawk.com/blog/top-api-testing-tools/,Top 11 API Tools for Testing in 2026 - StackHawk,vendor,True,False
best api testing tools,dev,testguild.com,https://testguild.com/api-testing-tools/,Best API Testing Tools in 2026: A Practitioner's Guide,blog,True,False
best api testing tools,dev,youtube.com,https://www.youtube.com/watch?v=AnBPtk_GLIc&t=50,Top 5 FREE Open-Source API Testing Tools to Replace ...,ugc,True,True
best api testing tools,dev,servicenow.com,https://www.servicenow.com/community/developer-forum/the-best-api-testing-tool-and-why/m-p/3018958,The Best API Testing Tool and Why? - ServiceNow Community,blog,True,False
best api testing tools,dev,kreya.app,https://kreya.app/blog/best-api-testing-tools/,5 Best API Testing Tools - Kreya,vendor,True,False
best api testing tools,dev,postman.com,https://www.postman.com/api-platform/api-testing/,What is API Testing? A Guide to Testing APIs | Postman,vendor,False,True
best api testing tools,dev,youtube.com,https://www.youtube.com/watch?v=fGI7ROU9XRQ,Top 5 API Testing Tools for REST & GraphQL in 2025,ugc,True,True
best api testing tools,dev,zymr.com,https://www.zymr.com/blog/best-api-testing-tools,9 Best Automated API Testing Tools 2026 - Zymr,blog,True,False
best api testing tools,dev,observeone.com,https://www.observeone.com/best/api-testing-tools,Best API Testing Tools (2026) - ObserveOne,blog,True,False
best api testing tools,dev,youtube.com,https://www.youtube.com/shorts/ewb_7Of5SeU,Top 5 API Testing Tools,ugc,True,True
best api testing tools,dev,youtube.com,https://www.youtube.com/shorts/B9nXRR-HpJs,What is API Testing | Quality Assurance Interview Prep,ugc,False,True
best apm tools,dev,reddit.com,https://www.reddit.com/r/devops/comments/1d15dct/monitoringapm_tool_that_can_be_self_hosted_and_is/,Monitoring/APM tool that can be self hosted and is relatively hassle free,ugc,False,True
best apm tools,dev,newrelic.com,https://newrelic.com/blog/apm/application-performance-monitoring-tools,5 Best Application Performance Monitoring Tools to Consider in 2026,vendor,True,True
best apm tools,dev,blazemeter.com,https://www.blazemeter.com/blog/apm-tools-comparison,APM Tools Comparison: Which One Should You Choose?,blog,False,True
best apm tools,dev,g2.com,https://www.g2.com/categories/application-performance-monitoring-apm,Best Application Performance Monitoring (APM) Tools - G2,editorial,True,False
best apm tools,dev,rollbar.com,https://rollbar.com/blog/best-apm-tools/,The 8 Best Application Performance Monitoring (APM) Tools in 2026,blog,True,False
best apm tools,dev,dotcom-monitor.com,https://www.dotcom-monitor.com/blog/application-performance-monitoring-tools/,8 Best Application Performance Monitoring Tools for 2026,vendor,True,False
best apm tools,dev,catchpoint.com,https://www.catchpoint.com/observability-vs-monitoring/open-source-apm,Open Source APM - Catchpoint,vendor,False,True
best apm tools,dev,manageengine.com,https://www.manageengine.com/it-operations-management/application-observability/apm-tools-comparison.html,"Top APM tools compared 2026: a buyer's guide for cloud, hybrid, ...",vendor,True,False
best cdn,dev,fastly.com,https://www.fastly.com/blog/best-cdn-providers,Best CDN Providers in 2026 Compared - Fastly,vendor,True,True
best cdn,dev,inmotionhosting.com,https://www.inmotionhosting.com/blog/top-cdn-providers/,The 5 Top CDN Providers in 2026: Best Use Cases & Key Features,blog,True,False
best cdn,dev,edgenext.com,https://www.edgenext.com/resources/blog/best-cdn-providers-2026-top-global-content-delivery-networks-compared,Best CDN Providers 2026: Top Global Content Delivery Networks ...,vendor,True,False
best cdn,dev,broadbandnow.com,https://broadbandnow.com/guides/CDN-Providers,Best Content Delivery Network (CDN) Providers in 2026,editorial,True,False
best cdn,dev,peerspot.com,https://www.peerspot.com/categories/cdn,Best Content Delivery Network (CDN) Solutions for 2026 - PeerSpot,editorial,True,True
best cdn,dev,youtube.com,https://www.youtube.com/shorts/ziVFcMjQJuE,Cloudflare Killer?! Bunny.net CDN Review 2026,ugc,False,False
best ci cd tools,dev,reddit.com,https://www.reddit.com/r/devops/comments/w1chjk/what_is_your_preferred_cicd_tool/,What is your preferred CI/CD tool? : r/devops - Reddit,ugc,False,True
best ci cd tools,dev,orca.security,https://orca.security/resources/blog/top-10-ci-cd-tools-devops/,Top 10 CI/CD Tools for DevOps and Developers - Orca Security,blog,True,True
best ci cd tools,dev,blog.jetbrains.com,https://blog.jetbrains.com/teamcity/2026/03/best-ci-tools/,Best CI/CD Tools for 2026: What the Data Actually Shows,vendor,True,True
best ci cd tools,dev,lumenalta.com,https://lumenalta.com/insights/17-best-ci-cd-tools-for-devops,17 best CI/CD tools for DevOps | CI/CD pipeline tools - Lumenalta,blog,True,False
best ci cd tools,dev,artjoker.net,https://artjoker.net/blog/best-ci-cd-tools-that-deliver-faster-product-releases-and-boost-productivity/,Best CI/CD Tools That Deliver Faster Product Releases and Boost ...,blog,True,False
best ci cd tools,dev,facebook.com,https://www.facebook.com/KodeKloudHQ/videos/cicd-tools-tier-ranking_v2mp4/1441891394267835/,CICD Tools — Tier Ranking_v2.mp4 | KodeKloud,ugc,False,False
best ci cd tools,dev,youtube.com,https://www.youtube.com/shorts/TdYQ3KVuBGo,7 Tools to Secure Your CI/CD Pipeline,ugc,False,True
best ci cd tools,dev,youtube.com,https://www.youtube.com/shorts/17sw0ygRzQE,Best CI/CD Tools in 2026,ugc,True,True
best ci cd tools,dev,youtube.com,https://www.youtube.com/watch?v=CRkhtcLQomY,Jenkins vs GitHub Actions: Which CI/CD Tool Is Better? | Uplatz,ugc,False,True
best cloud hosting,dev,reddit.com,https://www.reddit.com/r/devops/comments/1lcinwr/best_cloud_hosting_solution/,Best Cloud Hosting Solution? : r/devops - Reddit,ugc,True,True
best cloud hosting,dev,pcmag.com,https://www.pcmag.com/picks/the-best-cloud-web-hosting-services,The Best Cloud Hosting Services We've Tested for 2026 | PCMag,editorial,True,False
best cloud hosting,dev,youtube.com,https://www.youtube.com/watch?v=F2wvE-mrT6M&vl=en-US&t=327,The Best Web Hosting in 2026 (Seriously),ugc,True,True
best cloud hosting,dev,cnet.com,https://www.cnet.com/tech/services-and-software/best-cloud-web-hosting/,Best Cloud Web Hosting for Fast-Growing Websites in 2026 - CNET,editorial,True,False
best cloud hosting,dev,reddit.com,https://www.reddit.com/r/cloudcomputing/comments/1e68n5k/best_cloud_provider_for_hosting_my_first_saas/,Best Cloud Provider for Hosting My First SaaS Website - Reddit,ugc,True,True
best cloud hosting,dev,digitalocean.com,https://www.digitalocean.com/resources/cloud-service-providers-how-to-choose,Cloud service providers: Top clouds and how to choose your cloud provider,vendor,False,True
best cloud hosting,dev,youtube.com,https://www.youtube.com/watch?v=LejslTBcHc8,"Best Cloud Hosting 2026 (Fast, Scalable & Reliable Picks) - YouTube",ugc,True,True
best cloud hosting,dev,forbes.com,https://www.forbes.com/advisor/business/software/best-cloud-hosting/,10 Best Cloud Hosting Services of 2026 – Forbes Advisor,editorial,True,False
best cloud hosting,dev,quora.com,https://www.quora.com/Which-cloud-hosting-is-the-best-and-affordable-What-are-your-views-on-Cloudways-Digitalocean-and-Vultr-Is-there-any-hosting-better-than-these,"Which cloud hosting is the best and affordable? What are your views on Cloudways, Digitalocean, and Vultr? Is there any hosting better than these? - Quora",ugc,True,False
best cloud hosting,dev,cloudzero.com,https://www.cloudzero.com/blog/cloud-service-providers/,"Cloud service providers in 2026: market share, AI services & costs",blog,False,False
best cloud hosting,dev,youtube.com,https://www.youtube.com/watch?v=PisxCE3fszA&t=160,Best Web Hosting 2026 (Don't Buy Until You Watch This!),ugc,True,True
best code editor,dev,reddit.com,https://www.reddit.com/r/learnprogramming/comments/1jr9uze/which_code_editors_do_you_use_and_why/,Which code editors do you use and why? : r/learnprogramming - Reddit,ugc,False,True
best code editor,dev,sitepoint.com,https://www.sitepoint.com/community/t/which-free-code-editor-is-the-best-for-programming/414846,Which free code editor is the best for programming? - SitePoint,editorial,True,False
best code editor,dev,zapier.com,https://zapier.com/blog/best-code-editor/,The 8 best code editor apps in 2026 - Zapier,blog,True,True
best code editor,dev,platform.text.com,https://platform.text.com/resource-center/updates/best-code-editor,Discover the Best Code Editor: Top Choices for Developers in 2025,blog,True,False
best code editor,dev,rockstardeveloperuniversity.com,https://rockstardeveloperuniversity.com/best-code-editors-for-developers/,12 Best Code Editors for Developers in 2026: Ranked and Compared,blog,True,False
best code editor,dev,youtube.com,https://www.youtube.com/watch?v=8PhdfcX9tG0,I tried 10 code editors,ugc,False,True
best code editor,dev,youtube.com,https://www.youtube.com/watch?v=TcOvs_DYMv0,Top 10 Best IDEs In 2026,ugc,True,True
best code review tools,dev,reddit.com,https://www.reddit.com/r/codereview/comments/1ctxbw7/which_is_best_ai_code_review_tool_that_youve_come/,Which is best AI code review tool that you've come across recently? : r/codereview,ugc,True,True
best code review tools,dev,sourcegraph.com,https://sourcegraph.com/blog/automated-code-review-tools,13 Best Automated Code Review Tools in 2026: AI and Static ...,vendor,True,True
best code review tools,dev,deepsource.com,https://deepsource.com/resources/ai-code-review-tools,7 Best AI Code Review Tools for 2026 - DeepSource,vendor,True,False
best code review tools,dev,getoptimal.ai,https://getoptimal.ai/blog/best-ai-code-review-tools,9 Best AI Code Review Tools 2026: Ranked & Compared - Optimal AI,vendor,True,False
best code review tools,dev,startearly.ai,https://www.startearly.ai/post/top-11-ai-code-review-tools/,Best AI Code Review Tools in 2026 | Early,vendor,True,False
best code review tools,dev,youtube.com,https://www.youtube.com/watch?v=Iqr5UCuki84&t=41,"AI Code Review Tools Comparison in 2026: Qodo, CodeRabbit, Copilot ...",ugc,False,False
best code review tools,dev,youtube.com,https://www.youtube.com/watch?v=b9TNBC10Z0s,Best AI Code Review Tools for GitLab (2026) | Qodo Academy,ugc,True,False
best container orchestration tools,dev,portainer.io,https://www.portainer.io/blog/container-orchestration-platforms,Top 9 Container Orchestration Platforms In 2026 (Expert Picks),vendor,True,True
best container orchestration tools,dev,redhat.com,https://www.redhat.com/en/topics/containers/what-is-container-orchestration,What is container orchestration? - Red Hat,vendor,False,True
best container orchestration tools,dev,wiz.io,https://www.wiz.io/academy/container-security/container-orchestration-tools,12 container orchestration tools for cloud security - Wiz,blog,False,True
best container orchestration tools,dev,domo.com,https://www.domo.com/learn/article/container-orchestration-platforms,10 Container Orchestration Tools for 2026 (Compared) - Domo,blog,True,True
best container orchestration tools,dev,northflank.com,https://northflank.com/blog/container-orchestration,What is container orchestration? Why it matters and how to ...,vendor,False,False
best container orchestration tools,dev,skyvia.com,https://skyvia.com/blog/best-cloud-orchestration-tools/,12 Best Cloud Orchestration Tools: Most Useful Platforms - Skyvia,blog,True,False
best container orchestration tools,dev,cloud.google.com,https://cloud.google.com/discover/what-is-container-orchestration,What is container orchestration? - Google Cloud,vendor,False,True
best container orchestration tools,dev,cycle.io,https://cycle.io/blog/top-10-container-orchestration-tools-platforms,Top 10 Container Orchestration Tools & Platforms Worth ... - Cycle.io,vendor,True,False
best database for startups,dev,reddit.com,https://www.reddit.com/r/SQL/comments/1f73u0v/best_affordable_and_reliable_sql_options_for/,Best Affordable and Reliable SQL Options for Startups - Reddit,ugc,True,True
best database for startups,dev,reddit.com,https://www.reddit.com/r/Database/comments/18a8pyd/which_database_to_use_for_small_startup/,Which database to use for small startup real-estate company website?,ugc,False,True
best database for startups,dev,qubit.capital,https://qubit.capital/blog/startup-databases-investors,Top 10 Investor Databases for Startups in 2026,blog,True,False
best database for startups,dev,harmonic.ai,https://harmonic.ai/blog/7-best-startup-databases-for-investors,7 best startup databases for investors - Harmonic.ai,blog,True,False
best database for startups,dev,launchtry.com,https://launchtry.com/tools/databases-for-small-business,Best Databases Tools for Startups in 2026 - LaunchTry,unknown,True,False
best error tracking tools,dev,saucelabs.com,https://saucelabs.com/resources/blog/the-best-error-reporting-and-crash-monitoring-tools-of-2026,The Best Error Reporting & Crash Monitoring Tools of 2026,blog,True,True
best error tracking tools,dev,scoutapm.com,https://www.scoutapm.com/blog/best-error-monitoring-tools,The Best Error Monitoring Tools and Vendors in 2026,vendor,True,True
best error tracking tools,dev,newrelic.com,https://newrelic.com/blog/observability/sentry-alternatives,Top Sentry Alternatives to Improve Error Management And System ...,vendor,True,False
best error tracking tools,dev,observeone.com,https://www.observeone.com/best/error-monitoring-tools,Best Error Monitoring Tools (2026) - ObserveOne,blog,True,False
best error tracking tools,dev,guideflow.com,https://www.guideflow.com/blog/error-monitoring-software,9 best error monitoring software for 2026 - Guideflow Blog,blog,True,False
best feature flag tools,dev,reddit.com,https://www.reddit.com/r/devops/comments/t9kdyg/what_feature_toggleflag_service_are_you_using/,What Feature Toggle/Flag service are you using? : r/devops - Reddit,ugc,False,True
best feature flag tools,dev,harness.io,https://www.harness.io/blog/feature-flag-tools-compared-10-best-platforms-for-safer-releases,Feature Flag Tools Compared: 10 Best Platforms for Safer Releases,vendor,True,True
best feature flag tools,dev,youtube.com,https://www.youtube.com/watch?v=O6cnVV07NPw,"Feature Flags, Progressive Delivery & AI Runtime Control | Uplatz",ugc,False,True
best feature flag tools,dev,youtube.com,https://www.youtube.com/watch?v=NWHv1HMS9_Q,The top free and open-source feature flag tools,ugc,False,True
best git gui,dev,reddit.com,https://www.reddit.com/r/git/comments/15iy7cp/good_git_gui_apps/,Good git GUI apps : r/git,ugc,False,True
best git gui,dev,youtube.com,https://www.youtube.com/watch?v=SUOzgBXY3R8,Top Git Clients Compared - Best Git GUI 2025,ugc,True,True
best git gui,dev,devart.com,https://www.devart.com/dbforge/best-git-gui-clients-for-windows.html,10 Best Git GUI Clients for Windows for 2026 [Free & Paid] - Devart,blog,True,True
best git gui,dev,youtube.com,https://www.youtube.com/watch?v=-ZIArlXRSTE&t=268,I tried 3 different git GUI clients (NOT sponsored),ugc,False,True
best git gui,dev,git-scm.com,https://git-scm.com/tools/guis,Git - GUI Clients,other,False,True
best git gui,dev,youtube.com,https://www.youtube.com/watch?v=Rurll6TuWm8&t=245,7 Git GUI's to Boost Your Workflow,ugc,False,True
best git gui,dev,rockstardeveloperuniversity.com,https://rockstardeveloperuniversity.com/best-git-clients-for-developers/,Best Git Client in 2026: 11 Developer Picks,blog,True,False
best git gui,dev,softwarerecs.stackexchange.com,https://softwarerecs.stackexchange.com/questions/1308/what-is-a-good-newbie-friendly-graphical-git-client-for-windows,What is a good newbie-friendly graphical Git client for Windows?,ugc,False,False
best git gui,dev,codingnomads.com,https://codingnomads.com/git-clients-best-git-gui,Git Clients: The Best Git GUIs - CodingNomads,blog,True,False
best git gui,dev,codingarchitect.dev,https://codingarchitect.dev/blog/top-git-gui-clients-ranked-and-explained-for-beginners/,Top Git GUI Clients: Ranked and Explained for Beginners,blog,True,False
best headless cms,dev,reddit.com,https://www.reddit.com/r/selfhosted/comments/1hrucxw/opensource_headless_cms_suggestions/,Open-Source headless CMS suggestions : r/selfhosted - Reddit,ugc,False,True
best headless cms,dev,jamstack.org,https://jamstack.org/headless-cms/,Headless CMS - Top Content Management Systems - Jamstack,blog,False,True
best headless cms,dev,g2.com,https://www.g2.com/categories/headless-cms,Best Headless CMS Software: User Reviews from August 2026 - G2,editorial,True,False
best headless cms,dev,kontent.ai,https://kontent.ai/blog/best-headless-cms-complete-buyers-guide/,Best Headless CMS Platforms: Top Picks & Comparison 2026,vendor,True,False
best headless cms,dev,bitsorchestra.com,https://bitsorchestra.com/idea/best-headless-cms,Top Headless CMS Platforms for 2026 - Bits Orchestra,blog,True,False
best headless cms,dev,rangle.io,https://rangle.io/best-headless-cms,Best Headless CMS Platforms in 2026 - Rangle.io,blog,True,False
best headless cms,dev,prismic.io,https://prismic.io/blog/best-ecommerce-headless-cms,6 Best Headless CMS for Ecommerce in 2026 - Prismic,vendor,True,False
best headless cms,dev,prismic.io,https://prismic.io/blog/best-headless-cms-for-agencies,Best Headless CMS for Agencies: 6 Platforms Compared - Prismic,vendor,True,False
best headless cms,dev,weframetech.com,https://weframetech.com/blog/best-headless-cms,Best Headless CMS in 2026: The Ultimate Guide - WeframeTech,blog,True,False
best headless cms,dev,luckymedia.dev,https://www.luckymedia.dev/guides/best-headless-cms,Best Headless CMS in 2026: Full Comparison - Lucky Media,blog,True,False
best headless cms,dev,youtube.com,https://www.youtube.com/watch?v=iNcFo3rGxGU,Best Headless CMS for SaaS Companies (Don't Choose Wrong ! ),ugc,True,True
best headless cms,dev,youtube.com,https://www.youtube.com/watch?v=ss1ncQPn6BE,Top 5 Headless CMS Platforms for 2025: A Beginner's Guide,ugc,True,True
best headless cms,dev,focusreactive.com,https://focusreactive.com/choosing-a-headless-cms/,How to Choose a Headless CMS in 2026: A Straight-Talk Guide,blog,False,True
best ide for python,dev,reddit.com,https://www.reddit.com/r/learnpython/comments/1bemozh/python_ides/,Python IDEs : r/learnpython - Reddit,ugc,False,True
best ide for python,dev,k21academy.com,https://k21academy.com/ai-ml/best-python-ides/,"15 Best Python IDEs for 2026: Free, Paid & AI Tools Ranked",blog,True,True
best ide for python,dev,scaleragency.io,https://www.scaleragency.io/resources/best-ide-for-python,The 12 Best IDE for Python: A 2025 Guide for Enterprise Teams - Scaler,blog,True,False
best ide for python,dev,jetbrains.com,https://www.jetbrains.com/pycharm/,PyCharm: The only Python IDE you need - JetBrains,vendor,False,True
best ide for python,dev,quora.com,https://www.quora.com/Which-is-the-best-IDE-for-Python-in-2024,Which is the best IDE for Python in 2024? - Quora,ugc,True,True
best ide for python,dev,serveracademy.com,https://www.serveracademy.com/blog/best-python-ide-editors,Best Python IDEs & Editors in 2026 (Ranked) - Server Academy,blog,True,False
best javascript framework,dev,reddit.com,https://www.reddit.com/r/webdev/comments/18l3mug/whats_the_most_robust_javascript_framework_that/,Whats the most 'robust' javascript framework that doesnt ...,ugc,False,True
best javascript framework,dev,reddit.com,https://www.reddit.com/r/javascript/comments/1kc495q/askjs_which_javascript_framework_do_you_enjoy/,[AskJS] which javascript framework do you enjoy using the most,ugc,False,True
best javascript framework,dev,strapi.io,https://strapi.io/blog/best-javascript-frameworks,6 Best JavaScript Frameworks for 2026 - Strapi,blog,True,True
best javascript framework,dev,seasiainfotech.com,https://www.seasiainfotech.com/blog/best-javascript-frameworks,Best JavaScript Frameworks 2026 for Web Development,blog,True,True
best javascript framework,dev,youtube.com,https://www.youtube.com/watch?v=QD5zQCVSpgQ&t=159,Top JavaScript Frameworks to Use in 2025,ugc,False,True
best javascript framework,dev,contentful.com,https://www.contentful.com/blog/best-javascript-frameworks/,Building an app? These are the best JavaScript frameworks in 2025,blog,True,False
best javascript framework,dev,testmuai.com,https://www.testmuai.com/blog/best-javascript-frameworks/,17 Best JavaScript Frameworks (2026): Pick Your Fav. - TestMu AI,blog,True,False
best javascript framework,dev,en.wikipedia.org,https://en.wikipedia.org/wiki/Comparison_of_JavaScript-based_web_frameworks,Comparison of JavaScript-based web frameworks - Wikipedia,other,False,True
best javascript framework,dev,youtube.com,https://www.youtube.com/watch?v=IIj9UWpvSFI,This new JS framework wants you to quit React…,ugc,False,True
best javascript framework,dev,hygraph.com,https://hygraph.com/blog/javascript-frameworks,Top 15 JavaScript Frameworks For 2026 - Hygraph,blog,True,False
best javascript framework,dev,refontelearning.com,https://www.refontelearning.com/blog/top-javascript-frameworks-for-web-development,Top JavaScript Frameworks for Web Development - Refonte Learning,blog,True,False
best log management tools,dev,exabeam.com,https://www.exabeam.com/explainers/log-management/top-6-log-management-tools-and-how-to-choose/,Top 7 Log Management Tools in 2026 and How to Choose,vendor,True,True
best log management tools,dev,posthog.com,https://posthog.com/blog/best-log-monitoring-tools,"The best log monitoring tools for developers, compared - PostHog",blog,True,False
best log management tools,dev,grepr.ai,https://www.grepr.ai/blog/best-log-management-tools-in-2026-a-realists-buying-guide,Best Log Management Tools in 2026: A Realist's Buying Guide,vendor,True,True
best log management tools,dev,parseable.com,https://www.parseable.com/blog/log-management-tools,10 Best Log Management Tools in 2026 - Parseable,vendor,True,False
best log management tools,dev,signoz.io,https://signoz.io/blog/best-log-management-tools/,We Compared the 11 Best Log Management Tools for 2026 - SigNoz,vendor,True,False
best log management tools,dev,quora.com,https://www.quora.com/What-is-the-best-application-log-monitoring-tool,What is the best application log monitoring tool? - Quora,ugc,True,False
best low code platform,dev,reddit.com,https://www.reddit.com/r/softwarearchitecture/comments/1q523tk/researching_the_best_low_code_development/,"researching the best low code development platforms 2026, our ...",ugc,True,True
best low code platform,dev,reddit.com,https://www.reddit.com/r/nocode/comments/1j8oemu/the_ultimate_list_to_coding_nocode_and_lowcode/,"The Ultimate List to Coding, No-Code, and Low-Code Platforms in 2025",ugc,False,True
best low code platform,dev,gartner.com,https://www.gartner.com/reviews/market/enterprise-low-code-application-platform,Best Enterprise Low-Code Application Platforms (Transitioning to AI ...,editorial,True,True
best low code platform,dev,youtube.com,https://www.youtube.com/watch?v=yIsoDMLr8NI,Free Open Source Low-Code/No-Code Platforms Guide,ugc,False,False
best low code platform,dev,ngenioussolutions.com,https://ngenioussolutions.com/blog/best-low-code-no-code-platforms/,Top 10 Best Low-Code No-Code Platforms in 2026,blog,True,False
best low code platform,dev,larksuite.com,https://www.larksuite.com/en_us/blog/low-code-no-code-platforms,Top 16 Low-Code No-Code Platforms for Enterprise and Teams - Lark,vendor,True,False
best low code platform,dev,youtube.com,https://www.youtube.com/watch?v=NHcY7VetK10,7 Best Low Code Development Platforms 2025 (Full Software Demo),ugc,True,False
best no code app builder,dev,reddit.com,https://www.reddit.com/r/nocode/comments/1lw5icp/what_is_the_best_and_cost_effective_no_code/,What is the best and cost effective no code mobile app development app?,ugc,True,True
best no code app builder,dev,youtube.com,https://www.youtube.com/watch?v=Ioq84D8iJ7Y,Best AI app builder tier list | Which one to pick in 2026?,ugc,True,True
best no code app builder,dev,zapier.com,https://zapier.com/blog/best-no-code-app-builder/,The 8 best no-code app builders in 2026 | Zapier,blog,True,True
best no code app builder,dev,replit.com,https://replit.com/discover/best-no-code-app-builder,Best No-Code App Builders 2026: Build Fast - Replit,vendor,True,False
best no code app builder,dev,bubble.io,https://bubble.io/blog/best-no-code-app-builder/,9 Best No-Code App Builders 2026 (Web & Native Mobile) - Bubble,vendor,True,False
best no code app builder,dev,youtube.com,https://www.youtube.com/watch?v=5ptRNZddmOA,I Ranked Every AI App Builder for 2026 (Don't Choose Wrong),ugc,True,True
best no code app builder,dev,youtube.com,https://www.youtube.com/watch?v=KhClzQm4MU4,I Ranked Every AI App Builder to Build an App in 23 minutes,ugc,True,True
best orm for nodejs,dev,reddit.com,https://www.reddit.com/r/node/comments/1s6u7cx/whats_the_best_nodejs_orm_in_2026/,What's the best nodejs ORM in 2026? : r/node - Reddit,ugc,True,True
best orm for nodejs,dev,romeerez.hashnode.dev,https://romeerez.hashnode.dev/nodejs-orms-overview-and-comparison,Node.js ORMs overview and comparison - Roman's blog,blog,False,True
best orm for nodejs,dev,strapi.io,https://strapi.io/blog/orms-for-developers,Top 5 ORMs for Developers in 2026 - Strapi,blog,True,True
best orm for nodejs,dev,stackoverflow.com,https://stackoverflow.com/questions/52965125/which-orm-is-best-for-nodejs-without-typescript-and-with-typescript,Which ORM is best for nodejs? (Without Typescript and with ...,ugc,True,False
best orm for nodejs,dev,youtube.com,https://www.youtube.com/watch?v=4QN1BzxF8wM&t=73,I tried 8 different Postgres ORMs,ugc,False,True
best orm for nodejs,dev,encore.dev,https://encore.dev/articles/typescript-orms,Comparing the best TypeScript ORMs (2026) - Encore.dev,blog,True,True
best orm for nodejs,dev,bestofjs.org,https://bestofjs.org/projects?tags=orm,ORM projects - Best of JS,editorial,True,True
best orm for nodejs,dev,youtube.com,https://www.youtube.com/watch?v=y0L4Nr2CgL0&t=8,Top 5 Node.js ORM Libraries for 2023: A Developer's Guide,ugc,True,True
best orm for nodejs,dev,bytebase.com,https://www.bytebase.com/blog/top-typescript-orm/,Top TypeScript ORM 2026 - Bytebase,blog,True,False
best proxy service,dev,aimultiple.com,https://aimultiple.com/residential-proxy-providers,12 Best Cheap Residential Proxies - AIMultiple,editorial,True,True
best proxy service,dev,proxyway.com,https://proxyway.com/best/isp-proxies,10 Best ISP Proxy Providers of 2026 - Proxyway,editorial,True,True
best proxy service,dev,aimultiple.com,https://aimultiple.com/proxy-providers,10 Best Proxy Providers: Tested & Ranked - AIMultiple,editorial,True,True
best proxy service,dev,me.pcmag.com,https://me.pcmag.com/en/proxy/22143/the-best-proxies-for-2024,The Best Proxy Services for 2026 - PCMag Middle East,editorial,True,False
best proxy service,dev,proxyway.com,https://proxyway.com/best/proxy-service-providers,12 Best Proxy Servers in 2026: Tested & Ranked - Proxyway,editorial,True,True
best proxy service,dev,youtube.com,https://www.youtube.com/watch?v=zXZZZASYYrk,Best Residential Proxies: SOAX vs Rayobyte vs Proxy4u (2026 Review),ugc,True,True
best react component library,dev,reddit.com,https://www.reddit.com/r/react/comments/1af1gbh/which_is_the_best_react_component_library/,Which is the best React component library? - Reddit,ugc,True,True
best react component library,dev,reddit.com,https://www.reddit.com/r/reactjs/comments/1k6nwl1/which_component_library_are_you_using_and_which/,Which component library are you using and which one you would ...,ugc,False,True
best react component library,dev,builder.io,https://www.builder.io/blog/react-component-libraries-2026,15 Best React UI Libraries for 2026 - Builder.io,blog,True,False
best react component library,dev,contentful.com,https://www.contentful.com/blog/ultimate-guide-react-component-library/,The ultimate guide to choosing a React component library,blog,False,True
best react component library,dev,mui.com,https://mui.com/,MUI: The React component library you always wanted,vendor,False,True
best react component library,dev,prismic.io,https://prismic.io/blog/react-component-libraries,Best 19 React UI Component Libraries in 2026 - Prismic,blog,True,True
best react component library,dev,reddit.com,https://www.reddit.com/r/react/comments/1ucptmo/best_ui_component_libraries_not_the_usual_ones/,Best UI component libraries (not the usual ones) : r/react - Reddit,ugc,True,True
best react component library,dev,youtube.com,https://www.youtube.com/watch?v=xhXvB2xRhMM,10 Best React UI Libraries for 2026,ugc,True,True
best react component library,dev,ably.com,https://ably.com/blog/best-react-component-libraries,9 React component libraries for efficient development in 2024,blog,True,False
best react component library,dev,adminlte.io,https://adminlte.io/blog/react-ui-frameworks/,18 Best React UI Frameworks & Component Libraries 2026,vendor,True,False
best react component library,dev,backlight.dev,https://backlight.dev/mastery/best-react-component-libraries-for-design-systems,Best React component libraries for design systems - Backlight.dev,blog,True,False
best react component library,dev,strapi.io,https://strapi.io/blog/top-react-libraries,Top 10 React Libraries to Use in 2026 - Strapi,blog,True,False
best react component library,dev,blog.croct.com,https://blog.croct.com/post/best-react-ui-component-libraries,The best React UI component libraries of 2026 | Croct Blog,blog,True,False
best server monitoring tools,dev,gartner.com,https://www.gartner.com/reviews/market/infrastructure-monitoring-tools,Best Infrastructure Monitoring Tools Reviews 2026 | Gartner Peer Insights,editorial,True,True
best server monitoring tools,dev,virtana.com,https://www.virtana.com/blog/top-server-monitoring-tools/,8 Best Server Monitoring Tools in 2026 - Virtana,vendor,True,False
best server monitoring tools,dev,dnsstuff.com,https://www.dnsstuff.com/server-monitoring-software,Best Server Monitoring Software - DNSstuff,editorial,True,False
best server monitoring tools,dev,pagerduty.com,https://www.pagerduty.com/resources/integrations/learn/top-server-monitoring-tools/,Top Server Monitoring Tools | PagerDuty,blog,True,True
best server monitoring tools,dev,netdata.cloud,https://www.netdata.cloud/resources/best-infrastructure-monitoring-tools/,The Best Infrastructure Monitoring Tools In 2026 - Netdata,vendor,True,False
best server monitoring tools,dev,devopscube.com,https://devopscube.com/best-opensource-monitoring-tools/,28 Best Open Source & Free Monitoring Tools in 2026,blog,True,False
best server monitoring tools,dev,youtube.com,https://www.youtube.com/watch?v=2g4c2s6x95E,Best Network Monitoring Tools for 2026 (Top 12 Compared),ugc,True,False
best server monitoring tools,dev,cloudpanel.io,https://www.cloudpanel.io/blog/server-monitoring-control-panel/,9 Server Monitoring Control Panel Tools for Performance Tracking,blog,False,False
best server monitoring tools,dev,youtube.com,https://m.youtube.com/watch?v=US8r38PSXVY,Real-Time Server Monitoring Tool | Free & Open Source Software | Uplatz,ugc,False,False
best server monitoring tools,dev,youtube.com,https://www.youtube.com/watch?v=U4LXBbZUkFk,Top Open-Source Network Monitoring Tools in 2026,ugc,False,False
best serverless platform,dev,blog.railway.com,https://blog.railway.com/p/best-serverless-platforms-2026,The Best Serverless Platforms in 2026 - Railway Blog,vendor,True,False
best serverless platform,dev,azure.microsoft.com,https://azure.microsoft.com/en-us/solutions/serverless,Serverless on Azure,vendor,False,True
best serverless platform,dev,siliconflow.com,https://www.siliconflow.com/articles/the-best-serverless-ai-deployment-solution,Ultimate Guide – The Best Serverless AI Deployment Solutions of 2026,blog,True,False
best serverless platform,dev,youtube.com,https://www.youtube.com/watch?v=i2Yw0NillJM&t=55,"AWS Lambda, Google Cloud Functions & More!",ugc,False,False
best serverless platform,dev,youtube.com,https://www.youtube.com/watch?v=O3XeGUbwphs&t=266,Serverless Cloud Hype Is Colliding with Reality,ugc,False,False
best static site generator,dev,naturaily.com,https://naturaily.com/blog/best-static-site-generators,Best Static Site Generators in 2026: Top SSGs Compared - Naturaily,blog,True,False
best static site generator,dev,ionos.com,https://www.ionos.com/digitalguide/websites/website-creation/the-best-static-site-generators/,Which is the best static site generator? A comparison of 10 top options,blog,True,False
best static site generator,dev,gohugo.io,https://gohugo.io/,The world's fastest framework for building websites,vendor,False,False
best static site generator,dev,gomakethings.com,https://gomakethings.com/articles/the-different-static-site-generators-and-which-one-to-choose/,The different static site generators (and which one to choose),blog,False,True
best static site generator,dev,intuz.com,https://www.intuz.com/top-static-site-generators/,Top 20 Static Site Generators for 2026: Making Your Website Stand ...,blog,True,False
best terminal emulator,dev,reddit.com,https://www.reddit.com/r/commandline/comments/1pr864o/best_terminal_emulator/,Best terminal emulator : r/commandline - Reddit,ugc,True,True
best terminal emulator,dev,youtube.com,https://www.youtube.com/watch?v=WxzYtdIcHnQ&t=589,I ranked EVERY terminal emulator. It was nuts,ugc,True,False
best terminal emulator,dev,youtube.com,https://www.youtube.com/watch?v=bMDf_RN6oN0&t=231,The BEST F****ing Terminal Emulator for 2026,ugc,True,False
best terminal emulator,dev,youtube.com,https://www.youtube.com/watch?v=BfihkcMjDGU,Ranking The Most Popular Terminals,ugc,False,False
best terminal emulator,dev,youtube.com,https://www.youtube.com/shorts/fe6Wc6OaMK8,Terminal Emulator Tier List,ugc,False,False
best terminal emulator,dev,github.com,https://github.com/cdleon/awesome-terminals,cdleon/awesome-terminals: Terminal Emulators - GitHub,other,False,True
best terminal emulator,dev,glukhov.org,https://www.glukhov.org/developer-tools/terminals-shell/terminal-emulators-for-linux-comparison/,Best Linux Terminal Emulators: 2026 Comparison - Rost Glukhov,blog,True,False
best terminal emulator,dev,erlangforums.com,https://erlangforums.com/t/which-terminal-emulator-do-you-use-poll/4368,Which terminal emulator do you use? (Poll) - Erlang Forums,ugc,False,False
best terminal emulator,dev,youtube.com,https://www.youtube.com/watch?v=bMDf_RN6oN0,The BEST F****ing Terminal Emulator for 2026,ugc,True,False
best terminal emulator,dev,youtube.com,https://www.youtube.com/watch?v=9yell-2szhA&vl=en,Terminal Emulator Tier List,ugc,False,False
best uptime monitoring tools,dev,youtube.com,https://www.youtube.com/watch?v=07ZQJisOt4w&t=333,The Best Tools for Monitoring Uptime (Free & Paid),ugc,True,False
best uptime monitoring tools,dev,uptime.com,https://uptime.com/,Uptime.com :) Website Monitoring Service,vendor,False,True
best uptime monitoring tools,dev,pingdom.com,https://www.pingdom.com/product/uptime-monitoring/,Uptime Monitoring - Pingdom,vendor,False,True
best uptime monitoring tools,dev,youtube.com,https://www.youtube.com/watch?v=tIazVdhsSqQ,The BEST Home Server Uptime Monitoring!,ugc,True,False
best uptime monitoring tools,dev,onlineornot.com,https://onlineornot.com/uptime-monitoring-tools,Best uptime monitoring tools for 2026 (free and paid) - OnlineOrNot,vendor,True,False
best uptime monitoring tools,dev,youtube.com,https://www.youtube.com/watch?v=uJ-rE_A0QW8,UptimeRobot review: Best website uptime monitoring tool,ugc,True,False
best vector database,dev,reddit.com,https://www.reddit.com/r/MachineLearning/comments/1ijxrqj/whats_the_best_vector_db_whats_new_in_vector_db/,What's the best Vector DB? What's new in vector db and how is one better than other? [D] : r/MachineLearning,ugc,True,True
best vector database,dev,zenml.io,https://www.zenml.io/blog/vector-databases-for-rag,We Tried and Tested 10 Best Vector Databases for RAG Pipelines - ZenML,blog,True,True
best vector database,dev,encore.dev,https://encore.dev/articles/best-vector-databases,Best Vector Databases in 2026: Complete Comparison Guide,blog,True,True
best vector database,dev,firecrawl.dev,https://www.firecrawl.dev/blog/best-vector-databases,Best Vector Databases in 2026: A Complete Comparison Guide,blog,True,False
best vector database,dev,redis.io,https://redis.io/blog/best-open-source-vector-databases-comparison/,Comparing the best open source vector databases (2026) - Redis,vendor,True,False
best vector database,dev,youtube.com,https://www.youtube.com/watch?v=uZNYG1KvtNs,15. Pinecone vs. Weaviate vs. Milvus vs. Qdrant: Best Vector Database for ...,ugc,True,True
best vector database,dev,medium.com,https://medium.com/@officialpreksha2166/i-tested-5-vector-databases-at-scale-heres-what-actually-matters-93fb997e21b0,I Tested 5 Vector Databases at Scale. Here’s What Actually Matters.,blog,False,True
best vector database,dev,youtube.com,https://www.youtube.com/shorts/0EaNHE82jlM,6 Vector Databases Compared: Which One Should You Use?,ugc,True,True
best vector database,dev,youtube.com,https://www.youtube.com/watch?v=imBbqzIOQdo,Which Vector Database Should You Use?,ugc,False,True
best vps hosting,dev,youtube.com,https://www.youtube.com/watch?v=rPZslHmzG6U,VPS hosting vs Shared hosting | Best hosting types compared in 5 ...,ugc,True,False
best vps hosting,dev,youtube.com,https://www.youtube.com/watch?v=Aek9za4K65c&t=27,"Best VPS Hosting 2026! | Cheap, Powerful & Beginner-Friendly ...",ugc,True,False
best vps hosting,dev,zdnet.com,https://www.zdnet.com/article/best-vps-hosting-service/,The best VPS hosting services for 2026: Expert tested and reviewed,editorial,True,False
best vps hosting,dev,ionos.com,https://www.ionos.com/servers/vps,VPS Hosting | Virtual Private Servers | Starting at $4/month - IONOS,vendor,False,True
best vps hosting,dev,youtube.com,https://www.youtube.com/watch?v=S3S-MDEYl3Q&t=31,Best Cheap VPS Hosting (2026) 🔥 Top 5 VPS Providers Compared,ugc,True,False
best vps hosting,dev,cybernews.com,https://cybernews.com/vps/best-vps-hosting/,Best VPS hosting I've tested in 2026: which one is my #1? - Cybernews,editorial,True,False
best web scraping tools,dev,reddit.com,https://www.reddit.com/r/webscraping/comments/zg93ht/what_is_the_best_free_web_scraping_tool/,"What is the best, free, web scraping tool? : r/webscraping",ugc,True,True
best web scraping tools,dev,youtube.com,https://www.youtube.com/watch?v=RMDJ23u1FZc&t=65,The Best AI Web Scraper in 2026? I Tested 3,ugc,True,True
best web scraping tools,dev,youtube.com,https://www.youtube.com/watch?v=ZwC9dbI5Cj4&vl=en-US,Best Web Scraping Tools — What I Actually Use (Free & Paid),ugc,True,True
best web scraping tools,dev,firecrawl.dev,https://www.firecrawl.dev/blog/best-web-scraping-tools,13 Best Web Scraping Tools in 2026 - Firecrawl,vendor,True,False
best web scraping tools,dev,octoparse.com,https://www.octoparse.com/,Octoparse: Web Scraping Tool & Free Web Crawlers,vendor,False,True
best web scraping tools,dev,tinyfish.ai,https://www.tinyfish.ai/blog/best-web-scraping-tools,The Best Web Scraping Tools in 2026 | TinyFish Blog,vendor,True,False
best web scraping tools,dev,scrapeops.io,https://scrapeops.io/web-scraping-playbook/best-ai-web-scraping-tools/,7 Best AI Web Scraping Tools (2026) — Tested & Compared,vendor,True,False
best web scraping tools,dev,youtube.com,https://www.youtube.com/shorts/ZgrrSG5Nz6g,TOP 3 NO-CODE Tools to Scrape Like a PRO!,ugc,True,True
best web scraping tools,dev,reddit.com,https://www.reddit.com/r/automation/comments/1ncuv8k/best_web_scraping_tools_ive_tried_and_what_i/,Best web scraping tools I've tried (and what I learned from each) - Reddit,ugc,True,True
best answering service,svc,nextiva.com,https://www.nextiva.com/blog/answering-service-for-small-business.html,7 Best Answering Services for Small Businesses in 2026 - Nextiva,vendor,True,False
best answering service,svc,getnextphone.com,https://www.getnextphone.com/blog/answering-service-companies,Best Answering Service Companies 2026: Pricing & Reviews,vendor,True,False
best answering service,svc,cloudtalk.io,https://www.cloudtalk.io/blog/best-phone-answering-service-for-small-business/,10 Best Phone Answering Services for Small Businesses in 2026,vendor,True,False
best answering service,svc,retellai.com,https://www.retellai.com/blog/best-virtual-answering-service,Best Virtual Answering Service : 8 Top Picks for 2026 - Retell AI,vendor,True,False
best answering service,svc,ringcentral.com,https://www.ringcentral.com/ai-receptionist.html,AI Receptionist: 24/7 Intelligent Virtual Answering Service,vendor,False,True
best answering service,svc,youtube.com,https://www.youtube.com/watch?v=xB300DfmCcQ&t=458,Best Virtual Receptionist for Small Business in 2026,ugc,True,False
best background check service,svc,reddit.com,https://www.reddit.com/r/BackgroundCheckGuide/comments/vmhqgl/what_is_the_best_background_check_website_reddit/,Reddit guide to picking a background check service (free and ...,ugc,True,True
best background check service,svc,money.com,https://money.com/best-background-check-sites/,8 Best Background Check Sites of August 2026 | Money,editorial,True,True
best background check service,svc,goodhire.com,https://www.goodhire.com/,GoodHire: Employment Background Check Services for Companies,vendor,False,True
best background check service,svc,baltimoremagazine.com,https://www.baltimoremagazine.com/special/best-background-check-services-work-personal-civil-criminal-history-reports/,"Best Background Check Services: Work, Personal, Civil & Criminal ...",editorial,True,False
best background check service,svc,checkr.com,https://checkr.com/background-check,Background Checks for Employment - Checkr,vendor,False,True
best bank for small business,svc,airwallex.com,https://www.airwallex.com/en-us/blog/best-banks-for-small-business,Best Banks for Small Business of August 2026 — Airwallex US,vendor,True,True
best bank for small business,svc,nerdwallet.com,https://www.nerdwallet.com/business/banking/best/banks,Best Banks for Small Businesses of September 2026 - NerdWallet,editorial,True,False
best bank for small business,svc,bluevine.com,https://www.bluevine.com/business-checking,Small Business Checking Account - Online Banking ... - Bluevine,vendor,False,True
best bank for small business,svc,smartasset.com,https://smartasset.com/checking-account/best-banks-for-small-business,2026's Best Banks for Small Business | SmartAsset.com,editorial,True,True
best bank for small business,svc,mercury.com,https://mercury.com/blog/best-bank-accounts-for-small-businesses,What are the best banks for small businesses? - Mercury,vendor,True,True
best bank for small business,svc,fundthrough.com,https://www.fundthrough.com/blog/business-financing/the-10-best-banks-for-small-businesses/,The 10 Best Banks for Small Businesses in 2026 - FundThrough,blog,True,False
best bank for small business,svc,nerdwallet.com,https://www.nerdwallet.com/business/banking/best/checking-accounts,Best Business Checking Accounts of September 2026 - NerdWallet,editorial,True,False
best business insurance,svc,thehartford.com,https://www.thehartford.com/business-insurance,Small Business Insurance | Get a Quote - The Hartford,vendor,False,True
best business insurance,svc,usnews.com,https://www.usnews.com/insurance/small-business-insurance,Best Small Business Insurance Companies of 2026,editorial,True,True
best business insurance,svc,nextinsurance.com,https://www.nextinsurance.com/,ERGO NEXT Insurance: Small Business Insurance Quotes Online,vendor,False,False
best business insurance,svc,thehartford.com,https://www.thehartford.com/small-business-insurance/top-small-business-digital-insurer,The Hartford: Ranked Top Digital Small Business Insurance Company,vendor,True,True
best business insurance,svc,uschamber.com,https://www.uschamber.com/co/run/human-resources/small-business-insurance,A Complete Guide to Choosing Small Business Insurance,editorial,False,True
best business insurance,svc,youtube.com,https://www.youtube.com/watch?v=ery60yY85YA&t=48,Best Small Business Insurance Companies,ugc,True,False
best business insurance,svc,youtube.com,https://www.youtube.com/shorts/GlWspehSEt0,Best Small Business Insurance Companies 🔥,ugc,True,False
best credit monitoring service,svc,experian.com,https://www.experian.com/credit/credit-monitoring/,Free Credit Monitoring - Experian,vendor,False,True
best credit monitoring service,svc,investopedia.com,https://www.investopedia.com/the-best-credit-monitoring-services-8763926,Best Credit Monitoring Services for August 2026 - Investopedia,editorial,True,False
best credit monitoring service,svc,aura.com,https://www.aura.com/learn/credit-monitoring-service,What Is the Best Credit Monitoring Service? 7 Options Right Now,vendor,True,False
best credit monitoring service,svc,safehome.org,https://www.safehome.org/identity-theft-protection/best/credit/,Best Credit Monitoring and Protection Services in 2026 - SafeHome.org,editorial,True,False
best credit monitoring service,svc,finder.com,https://www.finder.com/credit-building/credit-monitoring-services,Best Credit Monitoring Services of 2026 - Finder,editorial,True,False
best credit monitoring service,svc,transunion.com,https://www.transunion.com/free-credit-monitoring,Free Credit Monitoring - TransUnion,vendor,False,True
best credit monitoring service,svc,marinecu.com,https://www.marinecu.com/learning-hub/how-to-monitor-your-credit-score/,Credit Karma,blog,False,False
best credit monitoring service,svc,identityguard.com,https://www.identityguard.com/news/facebook-messenger-scams,Identity Guard,vendor,False,False
best credit monitoring service,svc,banks.com,https://www.banks.com/profile/experian/,Experian,editorial,False,False
best credit monitoring service,svc,lifelock.norton.com,https://lifelock.norton.com/learn/credit-finance/auto-loan-credit-score,LifeLock,vendor,False,True
best credit monitoring service,svc,moneylion.com,https://www.moneylion.com/learn/credit/credit-report/myfico-review,myFICO,vendor,False,False
best credit monitoring service,svc,cnbc.com,https://www.cnbc.com/select/identityforce-ultrasecure-and-ultrasecure-plus-credit-review/,IdentityForce,editorial,False,False
best credit monitoring service,svc,forbes.com,https://www.forbes.com/advisor/credit-cards/reviews/total-visa/,TransUnion,editorial,False,False
best credit monitoring service,svc,management.org,https://management.org/starter-credit-cards-review,Capital One CreditWise,blog,False,False
best credit monitoring service,svc,facebook.com,https://www.facebook.com/globespancapitalpartners/,Credit Sesame,ugc,False,False
best credit monitoring service,svc,ottawacitizen.com,https://ottawacitizen.com/news/local-news/equifax-forced-to-report-to-the-privacy-commissioner-of-canada-for-six-years-as-a-result-of-2017-data-breach,Equifax,editorial,False,False
best credit monitoring service,svc,money.com,https://money.com/id-watchdog-identity-theft-protection-review/,"ID Watchdog, Inc.",editorial,False,True
best credit monitoring service,svc,nerdwallet.com,https://www.nerdwallet.com/finance/learn/credit-monitoring-identity-theft-monitoring,Credit Monitoring Services: Are They Worth the Cost? - NerdWallet,editorial,False,True
best credit monitoring service,svc,money.com,https://money.com/best-credit-monitoring-services/,8 Best Credit Monitoring Services of August 2026 | Money,editorial,True,True
best crowdfunding platform,svc,cnbc.com,https://www.cnbc.com/select/best-crowdfunding-platforms-for-businesses/,4 best crowdfunding platforms for small businesses - CNBC,editorial,True,True
best crowdfunding platform,svc,crowdfunding.com,https://www.crowdfunding.com/,Crowdfunding,editorial,False,True
best crowdfunding platform,svc,money.usnews.com,https://money.usnews.com/investing/articles/best-crowdfunding-platforms,7 Best Crowdfunding Platforms | Investing - U.S. News Money,editorial,True,False
best crowdfunding platform,svc,youtube.com,https://www.youtube.com/shorts/SaQrsFJyYJ4,Top Crowdfunding Websites for Your Project,ugc,False,False
best crowdfunding platform,svc,grasshopper.com,https://grasshopper.com/blog/crowdfunding-platforms-kickstarter-gofundme-indiegogo,Crowdfunding Platforms - Kickstarter vs GoFundMe vs Indiegogo,blog,False,False
best crowdfunding platform,svc,youtube.com,https://www.youtube.com/watch?v=797oPfzBUoU,Top 10 Crowdfunding Websites in 2026,ugc,True,False
best crowdfunding platform,svc,youtube.com,https://www.youtube.com/watch?v=KDMPKfa-b-c,EP #499 Jumpstart Your Nonprofit With These 5 Best Crowdfunding ...,ugc,True,False
best crowdfunding platform,svc,youtube.com,https://www.youtube.com/watch?v=Q3E2Je2P5bE,Best Equity Crowdfunding Websites and Platforms in 2026,ugc,True,False
best domain registrar,svc,blog.pragmaticengineer.com,https://blog.pragmaticengineer.com/domain-registrars-which-developers-recommend/,Domain Registrars which Developers Recommend,blog,False,True
best domain registrar,svc,reddit.com,https://www.reddit.com/r/webdev/comments/1jnwuee/whats_the_best_domain_registrar_in_2025/,What's the best domain registrar in 2025? : r/webdev - Reddit,ugc,True,True
best domain registrar,svc,reddit.com,https://www.reddit.com/r/HostingReport/comments/1l5tq41/best_domain_registrars_these_are_my_favorite_picks/,Best Domain Registrars: These are my favorite picks - Reddit,ugc,True,True
best domain registrar,svc,forbes.com,https://www.forbes.com/advisor/business/software/best-domain-registrar/,10 Best Domain Registrars of 2026 – Forbes Advisor,editorial,True,True
best domain registrar,svc,youtube.com,https://www.youtube.com/watch?v=UkMYRY9wDN0&vl=en&t=101,The 5 BEST Domain Registrars in 2026: Where to Buy Your Domain Name,ugc,True,True
best domain registrar,svc,cloudflare.com,https://www.cloudflare.com/learning/dns/glossary/choose-the-best-domain-name-registrar/,How To Choose The Best Domain Name Registrar - Cloudflare,vendor,True,True
best domain registrar,svc,reddit.com,https://www.reddit.com/r/website/comments/1po3gno/whats_the_most_recommended_domain_registry_website/,what’s the most recommended domain registry website? - Reddit,ugc,False,True
best domain registrar,svc,youtube.com,https://www.youtube.com/watch?v=oi-pZAGrrhQ&t=769,Where to Buy a Domain in 2026? (Don't choose WRONG!),ugc,False,True
best domain registrar,svc,cloudflare.com,https://www.cloudflare.com/application-services/solutions/low-cost-domain-names/,Low-Cost Domain Names | Inexpensive Domain Registrar - Cloudflare,vendor,False,True
best domain registrar,svc,youtube.com,https://www.youtube.com/watch?v=nI0Z7U97cEs&t=498,7 Best Domain Registrars in 2026 | Where to Buy Domain Name?,ugc,True,True
best domain registrar,svc,titan.email,https://titan.email/best-domain-name-registrars/,Best 6 Domain Name Registrars in 2026 - Titan Email,blog,True,False
best domain registrar,svc,quora.com,https://www.quora.com/Who-is-the-best-domain-name-registrars-Why,Who is the best domain name registrars? Why? - Quora,ugc,True,False
best dropshipping suppliers,svc,zendrop.com,https://www.zendrop.com/,Zendrop - The #1 high margin dropshipping platform,vendor,False,True
best dropshipping suppliers,svc,topdawg.com,https://topdawg.com/,Dropshipping Suppliers in the USA | Verified U.S. Dropshippers ...,vendor,False,True
best dropshipping suppliers,svc,doba.com,https://www.doba.com/,Doba: Find Best Dropshipping Products from Selected Suppliers to Sell Online,vendor,True,True
best dropshipping suppliers,svc,cjdropshipping.com,https://cjdropshipping.com/list/wholesale-all-categories-l-all.html,Best Dropship Suppliers | Source 50M+ Products from China,vendor,True,True
best dropshipping suppliers,svc,fforder.com,https://www.fforder.com/post/dropshipping-suppliers,"17 Best Dropshipping Suppliers in 2026: China, US & EU Compared",vendor,True,False
best dropshipping suppliers,svc,topdawg.com,https://topdawg.com/blog/best-us-dropshipping-suppliers,Best U.S. Dropshipping Suppliers in 2026 (Top 7 Compared),vendor,True,True
best dropshipping suppliers,svc,autods.com,https://www.autods.com/blog/american-dropshipping-suppliers/,Dropshipping Suppliers USA: The Best American Providers In 2026,vendor,True,False
best dropshipping suppliers,svc,youtube.com,https://m.youtube.com/shorts/7gJovF7bM_w,The Best Dropshipping Platform for Beginners,ugc,True,True
best dropshipping suppliers,svc,youtube.com,https://www.youtube.com/watch?v=gUy4YXBMXDQ&vl=en,Best Dropshipping Supplier in 2026,ugc,True,True
best email hosting,svc,zdnet.com,https://www.zdnet.com/article/best-email-hosting/,Best email hosting services 2026: Expert tested and reviewed | ZDNET,editorial,True,True
best email hosting,svc,forbes.com,https://www.forbes.com/advisor/business/software/best-email-hosting-services/,10 Best Email Hosting Services of 2026 – Forbes Advisor,editorial,True,True
best email hosting,svc,techradar.com,https://www.techradar.com/news/best-email-hosting-providers,The best email hosting services of 2026 - TechRadar,editorial,True,False
best email hosting,svc,mailtrap.io,https://mailtrap.io/blog/best-email-hosting-providers-small-business/,Best Email Hosting Providers for Small Business (2026 Compared),blog,True,True
best email hosting,svc,youtube.com,https://www.youtube.com/watch?v=Hu4aKtO0gMw&vl=en-US&t=704,Top 5 Best Business Email Providers in 2026 // Best Email Hosting Options,ugc,True,True
best email hosting,svc,elementor.com,https://elementor.com/blog/best-email-hosting-providers-for-small-business/,The 8 Best Email Hosting Providers for Small Business in 2026,blog,True,False
best email hosting,svc,zapier.com,https://zapier.com/blog/best-email-hosting-services/,The 6 best email hosting services for business in 2026 - Zapier,blog,True,False
best email hosting,svc,spaceship.com,https://www.spaceship.com/blog/best-email-services/,Best Email Services in 2026: Top Business Email Providers Compared,vendor,True,False
best freelance websites,svc,flowlu.com,https://www.flowlu.com/blog/productivity/best-freelance-websites/,Best Freelance Websites 2026: Where the Real Jobs Are - Flowlu,blog,True,True
best freelance websites,svc,nerdwallet.com,https://www.nerdwallet.com/finance/learn/freelance-websites,The Best Freelance Websites - NerdWallet,editorial,True,True
best freelance websites,svc,elementor.com,https://elementor.com/blog/best-freelance-websites/,10 Best Freelance Websites in 2026 - Elementor,blog,True,False
best identity theft protection,svc,reddit.com,https://www.reddit.com/r/CyberSecurityAdvice/comments/1oexp2s/best_identity_theft_protection_my_research_and/,Best identity theft protection - my research and comparison - Reddit,ugc,True,True
best identity theft protection,svc,aura.com,https://www.aura.com/identity-theft-protection,Identity Theft Protection | Aura Official Site,vendor,False,True
best identity theft protection,svc,forbes.com,https://www.forbes.com/advisor/personal-finance/best-identity-theft-protection-services/,Best Identity Theft Protection Services of 2026 - Forbes,editorial,True,True
best identity theft protection,svc,security.org,https://www.security.org/identity-theft/best/,Best Identity Theft Protection Services of 2026 - Security.org,editorial,True,True
best identity theft protection,svc,youtube.com,https://www.youtube.com/watch?v=7M79NTcpafU&vl=en&t=354,Best Identity Theft Protection for 2026: The Only One That Actually Covers ...,ugc,True,True
best identity theft protection,svc,youtube.com,https://www.youtube.com/watch?v=43Bcdh59GXk,Best Identity Theft Protection — Why This Service Is My #1 Pick,ugc,True,True
best identity theft protection,svc,seniorliving.org,https://www.seniorliving.org/identity-theft-protection/best/,Best Identity Theft Protection for Seniors in 2026 - SeniorLiving.org,editorial,True,False
best identity theft protection,svc,cnbc.com,https://www.cnbc.com/select/best-identity-theft-protection-services/,Best Identity Theft Protection Services of August 2026 - CNBC,editorial,True,False
best job boards,svc,money.com,https://money.com/best-job-search-sites/,5 Best Job Search Sites of August 2026 | Money,editorial,True,True
best job boards,svc,resumespice.com,https://resumespice.com/best-job-search-sites/,The 27 Best Job Search Sites (for 2026) - ResumeSpice,blog,True,False
best job boards,svc,articuler.ai,https://www.articuler.ai/resources/compare/best-sites-to-apply-for-jobs/,15 Best Job Sites in 2026 — Where People Actually Get Interviews,blog,True,False
best llc formation service,svc,youtube.com,https://www.youtube.com/watch?v=fIGi4mQ7jZE&vl=en&t=48,Best LLC Formation Services to SAVE Money & AVOID Mistakes,ugc,True,True
best llc formation service,svc,forbes.com,https://www.forbes.com/advisor/business/best-california-llc-services/,11 Best LLC Services in California Of 2026 – Forbes Advisor,editorial,True,True
best llc formation service,svc,forbes.com,https://www.forbes.com/advisor/business/best-washington-llc-services/,11 Best LLC Services in Washington – Forbes Advisor,editorial,True,True
best llc formation service,svc,youtube.com,https://www.youtube.com/watch?v=Uge_AmoDFNs,Best LLC Formation Services | Which Platform Gives You the Most Value?,ugc,True,True
best llc formation service,svc,thelawdictionary.org,https://thelawdictionary.org/article/best-llc-in-california/,The 5 Best LLC Services in California - The Law Dictionary,editorial,True,False
best llc formation service,svc,creditdonkey.com,https://www.creditdonkey.com/best-llc-services-in-california.html,Best LLC Services in California for New Business - CreditDonkey,editorial,True,True
best logo maker,svc,canva.com,https://www.canva.com/create/logos/,Logo Maker | Create Free Logos in Minutes | Canva,vendor,False,True
best logo maker,svc,wix.com,https://www.wix.com/logo/maker,Free Logo Maker | Create a professional logo design | Wixel,vendor,False,False
best logo maker,svc,canva.com,https://www.canva.com/logos/,"Free Logo Maker: Design professional, unique logos on Canva",vendor,False,True
best logo maker,svc,youtube.com,https://www.youtube.com/watch?v=JK5Mr9z4hvM&t=622,Best AI Logo Generator: How to Make Logo With AI (2026 Comparison),ugc,True,False
best logo maker,svc,designlab.com,https://designlab.com/blog/top-best-ai-logo-generators-a-review,Best AI Logo Generators: Updated for 2026 - Designlab,blog,True,True
best logo maker,svc,youtube.com,https://www.youtube.com/watch?v=Ivh7pnGdik4,Best AI Logo Generators in 2026 (Ranked & Tested),ugc,True,False
best logo maker,svc,websiteplanet.com,https://www.websiteplanet.com/blog/best-diy-logo-makers-free-try/,13 Best Logo Makers That Are Free To Try (& Good) [2026],editorial,True,False
best moving companies,svc,realestate.usnews.com,https://realestate.usnews.com/home-services/moving/best-moving-companies,Best Moving Companies of 2026 | Real Estate & Home,editorial,True,True
best moving companies,svc,reddit.com,https://www.reddit.com/r/moving/comments/1c2mjml/are_there_any_reputable_crosscountry_movers/,Are there any reputable cross-country movers? : r/moving - Reddit,ugc,False,False
best moving companies,svc,forbes.com,https://www.forbes.com/advisor/homeowners-insurance/moving-services/best-moving-companies/,Best Moving Companies Of 2026 – Forbes Advisor,editorial,True,False
best moving companies,svc,consumeraffairs.com,https://www.consumeraffairs.com/movers/,The Best Moving Companies (2026 Guide) - Consumer Affairs,editorial,True,True
best moving companies,svc,allied.com,https://www.allied.com/,Allied Van Lines: Best Nationwide Moving Company,vendor,True,True
best moving companies,svc,mayflower.com,https://www.mayflower.com/,America's Most Trusted Moving Company | Mayflower®,vendor,False,False
best moving companies,svc,move.org,https://www.move.org/best-interstate-moving-companies/,Best Long-Distance & Cross-Country Movers 2026 - Move.org,editorial,True,True
best moving companies,svc,forbes.com,https://www.forbes.com/advisor/homeowners-insurance/moving-services/best-moving-companies-north-carolina/,Best Moving Companies In North Carolina Of 2026 – Forbes Advisor,editorial,True,False
best moving companies,svc,youtube.com,https://www.youtube.com/watch?v=sEOsst_jaKw&t=592,Top 10 Moving Companies in Alabama 2026 (Ranked & Reviewed),ugc,True,False
best online course platform,svc,youtube.com,https://www.youtube.com/watch?v=qnO_oX0JXSw&t=128,Best Online Course Platforms for 2026,ugc,True,False
best online course platform,svc,reddit.com,https://www.reddit.com/r/learnprogramming/comments/1f4oy4l/which_online_learning_platform_helped_you_the/,Which Online Learning Platform Helped You the Most in Your Tech ...,ugc,False,False
best online course platform,svc,zapier.com,https://zapier.com/blog/online-course-platforms/,The 10 Best Platforms to Create and Sell Online Courses - Zapier,blog,True,True
best online course platform,svc,reddit.com,https://www.reddit.com/r/careerguidance/comments/1shwbzj/which_of_these_online_learning_platforms_can_you/,Which of these online learning platforms can you recommend?,ugc,False,False
best online course platform,svc,reddit.com,https://www.reddit.com/r/edtech/comments/1pfxcb3/trying_to_figure_out_the_best_online_learning/,trying to figure out the best online learning site and kinda overwhelmed,ugc,True,False
best online course platform,svc,newzenler.com,https://www.newzenler.com/blog/best-online-course-platforms-creator-vs-learner,Best Online Course Platforms: Creator vs Learner Platforms - Zenler,vendor,True,False
best online course platform,svc,pcmag.com,https://www.pcmag.com/picks/best-online-learning-services,The Best Online Learning Services We've Tested for 2026 - PCMag,editorial,True,False
best online course platform,svc,blog.kenjo.io,https://blog.kenjo.io/best-online-course-platforms,A look at the best online course platforms - Kenjo Blog,blog,True,True
best online course platform,svc,youtube.com,https://www.youtube.com/watch?v=qnO_oX0JXSw,Best Online Course Platforms for 2026,ugc,True,False
best online course platform,svc,emailvendorselection.com,https://www.emailvendorselection.com/best-online-course-platforms/,15+ Best Online Course Platforms (Tried and tested) 2026,editorial,True,True
best online course platform,svc,youtube.com,https://www.youtube.com/watch?v=0d2ulEgpB2o,10 Best Online Course Platforms 2026 (Teachable vs. Thinkific vs. ...,ugc,True,False
best payroll service,svc,reddit.com,https://www.reddit.com/r/smallbusiness/comments/1pviibf/whats_the_best_payroll_software_for_small/,What's the best payroll software for small businesses - Reddit,ugc,True,True
best payroll service,svc,forbes.com,https://www.forbes.com/advisor/business/software/best-payroll-services/,Best Payroll Software And Services for Small Business (2026),editorial,True,True
best payroll service,svc,cnbc.com,https://www.cnbc.com/select/best-payroll-services-small-business/,6 best payroll services for small businesses of 2026 - CNBC,editorial,True,True
best payroll service,svc,gusto.com,https://gusto.com/product/solutions/size/small-business,Payroll Software for Small Business - Gusto,vendor,False,True
best payroll service,svc,uschamber.com,https://www.uschamber.com/co/run/human-resources/payroll-services-for-small-business,Affordable Small Business Payroll Services: Top Solutions & Tips | CO,editorial,False,False
best payroll service,svc,patriotsoftware.com,https://www.patriotsoftware.com/payroll/software/,Affordable Payroll Software for Small Business,vendor,False,True
best payroll service,svc,equalpaytoday.org,https://www.equalpaytoday.org/best-payroll-software-small-businesses/,Best Payroll Software for Small Businesses (2026) - Equal Pay Today,blog,True,False
best payroll service,svc,airwallex.com,https://www.airwallex.com/en-us/blog/best-payroll-software,10 Best Payroll Software Providers for Small Businesses in 2026,blog,True,False
best podcast hosting,svc,reddit.com,https://www.reddit.com/r/podcasting/comments/1l43n0h/what_are_the_best_podcast_hosting_platforms/,What are the best podcast hosting platforms? - Reddit,ugc,True,True
best podcast hosting,svc,youtube.com,https://www.youtube.com/watch?v=KHd1-MUfVGA&t=525,Best Podcast Hosting Platforms in 2026 REVEALED,ugc,True,True
best podcast hosting,svc,youtube.com,https://www.youtube.com/watch?v=DksnQFRMGgI&t=472,RSS.com vs Buzzsprout: Which Podcast Hosting Platform Is Best for ...,ugc,True,True
best podcast hosting,svc,transistor.fm,https://transistor.fm/best-podcast-hosting-platform/,Best Podcast Hosting Platforms in 2026: Compared & Ranked,vendor,True,False
best podcast hosting,svc,creators.spotify.com,https://creators.spotify.com/features/podcast,"Get podcast hosting, distribution, and more – Spotify for Creators",vendor,False,True
best podcast hosting,svc,tyxstudios.com,https://tyxstudios.com/blog/best-podcast-hosting-platforms,Top 12 Podcast Hosting Platforms in 2026 - TYX Studios,blog,True,False
best podcast hosting,svc,youtube.com,https://www.youtube.com/watch?v=DksnQFRMGgI,RSS.com vs Buzzsprout: Which Podcast Hosting Platform Is Best for ...,ugc,True,True
best podcast hosting,svc,youtube.com,https://www.youtube.com/watch?v=KLxsLbW4Nu0&vl=en,Best Podcast Hosting in 2026? I Compared 5 Platforms (Honest ...,ugc,True,True
best podcast hosting,svc,youtube.com,https://www.youtube.com/watch?v=YK2vm2txcK0,I Tested 5 Podcast Hosts So You Don't Have To - Here's the Best One,ugc,True,True
best ppc agency,svc,reddit.com,https://www.reddit.com/r/PPC/comments/1ht0f11/which_are_the_top_ppc_agencies_in_the_world/,Which are the top PPC agencies in the world? - Reddit,ugc,False,True
best ppc agency,svc,clutch.co,https://clutch.co/agencies/ppc,Top PPC Agencies - Aug 2026 Rankings | Clutch.co,editorial,False,True
best ppc agency,svc,thriveagency.com,https://thriveagency.com/news/10-best-ppc-agencies-for-small-business/,10 Best PPC Agencies for Small Business,vendor,True,True
best ppc agency,svc,thesmallbusinessexpo.com,https://www.thesmallbusinessexpo.com/blog/ppc-marketing-services-compared/,The 10 Best PPC Marketing Services Compared,blog,True,False
best ppc agency,svc,scalixai.com,https://scalixai.com/blog/best-ppc-agencies-in-us-in-2026,25 Best PPC Agencies in the US in 2026 – Ranked & Reviewed,vendor,True,False
best ppc agency,svc,youtube.com,https://www.youtube.com/watch?v=mU4iW044HKg&t=64,10 Best SaaS PPC Agencies for B2B Software in 2026 (Ranked),ugc,True,False
best print on demand companies,svc,reddit.com,https://www.reddit.com/r/printondemand/comments/vsm240/best_print_on_demand_service/,best print on demand service? : r/printondemand - Reddit,ugc,True,True
best print on demand companies,svc,youtube.com,https://www.youtube.com/watch?v=vjGD2OwNU54&vl=en,Ranking the BEST Print On Demand Sites in 2025? (#5 Shocked Me),ugc,True,True
best print on demand companies,svc,reddit.com,https://www.reddit.com/r/printondemand/comments/1nacskw/is_there_such_a_thing_as_the_best_print_on_demand/,"Is there such a thing as the best print on demand service, or is it all ...",ugc,True,True
best print on demand companies,svc,t-shirtforums.com,https://www.t-shirtforums.com/threads/what-is-the-best-print-on-demand-companies-to-work-with-im-from-u-s-new-york.896208/,What is the best Print on demand companies to work with...,ugc,True,False
best print on demand companies,svc,mydesigns.io,https://mydesigns.io/blog/print-on-demand-companies/,Best Print on Demand Companies 2026: My Honest Shortlist,vendor,True,False
best print on demand companies,svc,quora.com,https://www.quora.com/What-are-the-most-profitable-print-on-demand-sites-for-artists-selling-their-designs-on-t-shirts-and-mugs,What are the most profitable print-on-demand sites for artists ...,ugc,False,False
best registered agent service,svc,forbes.com,https://www.forbes.com/advisor/business/best-registered-agent-services/,10 Best Registered Agent Services Of 2026 - Forbes,editorial,True,True
best registered agent service,svc,forbes.com,https://www.forbes.com/advisor/business/services/best-new-york-registered-agent-services/,11 Best New York Registered Agent Services – Forbes Advisor,editorial,True,True
best registered agent service,svc,youtube.com,https://www.youtube.com/watch?v=nr29XDCTE88&vl=en&t=176,Best Registered Agent for Nonprofits (Top 3 in 2026),ugc,True,False
best registered agent service,svc,forbes.com,https://www.forbes.com/advisor/business/best-texas-registered-agent-services/,11 Best Texas Registered Agent Services – Forbes Advisor,editorial,True,True
best registered agent service,svc,youtube.com,https://www.youtube.com/watch?v=VpMumRwFK3A&t=137,Cheapest Registered Agent Service (Avoid Overpaying),ugc,False,False
best registered agent service,svc,youtube.com,https://www.youtube.com/watch?v=AxBP_EOeA-0&vl=en-US&t=25,Best Registered Agent Service in 2026 (I Tested Them ALL),ugc,True,False
best seo agency,svc,coalitiontechnologies.com,https://coalitiontechnologies.com/,Coalition Technologies: SEO Company - #1 Rated in America - We Lift Sales by 4x,vendor,False,True
best seo agency,svc,clutch.co,https://clutch.co/seo-firms,Top SEO Companies & Services - Sep 2026 Rankings - Clutch,editorial,False,True
best seo agency,svc,elsner.com,https://www.elsner.com/top-seo-companies-in-the-usa/,Top SEO Companies in USA (2026): Best SEO Agencies,vendor,True,False
best seo agency,svc,coalitiontechnologies.com,https://coalitiontechnologies.com/miami-fl-seo,"Miami, FL SEO - Coalition Technologies",vendor,False,True
best seo agency,svc,youtube.com,https://www.youtube.com/watch?v=Fq97LgAJAQM,Top 12 SEO Agencies to Hire in 2026,ugc,True,False
best small business credit card,svc,reddit.com,https://www.reddit.com/r/smallbusiness/comments/14fbu95/what_is_the_best_small_business_credit_card/,What is the best Small Business Credit Card? : r/smallbusiness - Reddit,ugc,True,True
best small business credit card,svc,sumup.com,https://www.sumup.com/en-us/business-guide/10-best-business-credit-cards/,10 Best Business Credit Cards - SumUp,blog,True,False
best small business credit card,svc,finance.yahoo.com,https://finance.yahoo.com/personal-finance/credit-cards/article/best-business-credit-cards-181831412.html,Best business credit cards for August 2026 - Yahoo Finance,editorial,True,False
best small business credit card,svc,nav.com,https://www.nav.com/marketplace/business-credit-cards/,Compare Small Business Credit Cards of 2026 - Nav,editorial,False,False
best small business credit card,svc,creditkarma.com,https://www.creditkarma.com/credit-cards/business-credit-cards,Best Business Credit Cards for August 2026,editorial,True,True
best small business credit card,svc,youtube.com,https://www.youtube.com/shorts/y7A8TEEId18,The 4 Absolute Best Business Credit Cards for 2026,ugc,True,False
best small business credit card,svc,dailydrop.com,https://www.dailydrop.com/credit-cards/world-of-hyatt-business-credit-card,World of Hyatt Business Credit Card,editorial,False,False
best small business credit card,svc,cnbc.com,https://www.cnbc.com/select/ink-business-card-unlimited-welcome-bonus/,Ink Business Unlimited Credit Card,editorial,False,False
best small business credit card,svc,forbes.com,https://www.forbes.com/advisor/credit-cards/reviews/bank-of-america-business-advantage-cash-rewards-review/,Business Advantage Customized Cash Rewards Credit Card,editorial,False,False
best small business credit card,svc,marriott.com,https://www.marriott.com/credit-cards.mi~X~1C22DFDD-9D83-5828-A884-51CBC968BAA3,Marriott Bonvoy Business Card,vendor,False,False
best small business credit card,svc,capitalone.com,https://www.capitalone.com/learn-grow/business-resources/capital-one-spark-classic/,Capital One Business Spark 1% Classic Card,vendor,False,True
best small business credit card,svc,howtostartanllc.com,https://howtostartanllc.com/reviews/american-express-blue-business-plus-review,American Express Blue Business Plus Credit Card,editorial,False,False
best small business credit card,svc,nomadicmatt.com,https://www.nomadicmatt.com/travel-blogs/capital-one-venture-x-business/,Capital One Venture X Business Card,blog,False,False
best small business credit card,svc,ramp.com,https://ramp.com/blog/business-credit-cards-that-report-to-dun-and-bradstreet,Capital One Business Spark 1.5% Cash Select Card,vendor,False,False
best small business credit card,svc,finance.yahoo.com,https://finance.yahoo.com/personal-finance/credit-cards/article/how-to-get-a-business-credit-card-175822588.html,Delta SkyMiles Gold Business Card,editorial,False,False
best small business credit card,svc,10xtravel.com,https://10xtravel.com/best-airline-co-branded-business-credit-cards/,Delta SkyMiles Reserve Business Card,editorial,True,False
best small business credit card,svc,thepointsguy.com,https://thepointsguy.com/credit-cards/credit-score-amex-business-gold/,American Express Business Gold Card,editorial,False,False
best small business credit card,svc,cnbc.com,https://www.cnbc.com/select/capital-one-spark-cash-plus-credit-card-new-sign-up-bonus/,Capital One Business Spark 2% Cash Plus Card,editorial,False,False
best small business credit card,svc,wallethub.com,https://wallethub.com/d/citi-aadvantage-business-card-1292c,Citi  AAdvantage Business Card,editorial,False,False
best small business credit card,svc,fhb.com,https://www.fhb.com/uabusprogramagreement,United MileagePlus Business Card,vendor,False,False
best small business credit card,svc,businessinsider.com,https://www.businessinsider.com/personal-finance/credit-cards/bank-of-america-business-advantage-travel-rewards-credit-card-review,Business Advantage Travel Rewards World Mastercard card,editorial,False,False
best stock photo site,svc,unsplash.com,https://unsplash.com/images/stock,Free Stock Photos & Images,vendor,False,True
best stock photo site,svc,webflow.com,https://webflow.com/blog/free-stock-photos,17 free stock photo websites in 2024 - Webflow,blog,False,False
best stock photo site,svc,pageflows.com,https://pageflows.com/resources/10-best-photo-stock-sites/,What Are the Best Photo Stock Sites? - Page Flows,blog,True,False
best stock photo site,svc,g2.com,https://www.g2.com/categories/stock-photos,Best Stock Photos Websites: User Reviews from August 2026 - G2,editorial,True,True
best stock photo site,svc,facebook.com,https://www.facebook.com/groups/inkcanada/posts/10161473935436657/,What are some free or inexpensive stock photo websites? - Facebook,ugc,False,False
best transcription service,svc,pcmag.com,https://www.pcmag.com/picks/the-best-transcription-services,The Best Transcription Services We've Tested for 2026 | PCMag,editorial,True,True
best transcription service,svc,zapier.com,https://zapier.com/blog/best-transcription-apps/,The best transcription software in 2026 - Zapier,blog,True,True
best transcription service,svc,guideflow.com,https://www.guideflow.com/blog/transcription-software-ai-tools,12 best transcription software: AI tools tested & compared in 2026,blog,True,False
best transcription service,svc,wondertools.substack.com,https://wondertools.substack.com/p/the-best-ai-transcription-tools,"Best AI Transcription Tools: Otter, Sonix, Notta and others",blog,True,True
best translation service,svc,deepl.com,https://www.deepl.com/en/translator,World's Most Accurate Translator - DeepL,vendor,False,True
best translation service,svc,translators-usa.com,https://translators-usa.com/best-translation-services-online/,7 Best Translation Services Online (2026 Guide),vendor,True,True
best translation service,svc,atanet.org,https://www.atanet.org/client-assistance/blog-best-translation-apps-a-translator-puts-four-to-the-test/,Best Translation Apps: A Translator Puts Four to the Test - American Translators Association (ATA),other,True,True
best translation service,svc,rushtranslate.com,https://rushtranslate.com/,Certified Document Translation Services - RushTranslate,vendor,False,True
best translation service,svc,rushtranslate.com,https://rushtranslate.com/certified-translation,Certified Translation Services - RushTranslate,vendor,False,True
best translation service,svc,translationreport.com,https://translationreport.com/ratings/certifed-translation-services-ratings,Professional rating of the best translation services 2026| Expert review,editorial,True,True
best translation service,svc,consumeraffairs.com,https://www.consumeraffairs.com/business/translation-services/,The Best Translation Services (2026 Guide) - Consumer Affairs,editorial,True,True
best translation service,svc,quora.com,https://www.quora.com/What-are-the-best-translation-services-websites,What are the best translation services websites? - Quora,ugc,True,False
best translation service,svc,youtube.com,https://www.youtube.com/shorts/IhI5GFsF8MY,Best Language Translation Software: Top 10 Picks,ugc,True,False
best video hosting,svc,vimeo.com,https://vimeo.com/features/online-video-hosting,Vimeo video-hosting service,vendor,False,True
best video hosting,svc,vimeo.com,https://vimeo.com/es/blog/post/best-video-hosting-sites,6 Best Video Hosting Sites: Platforms to Upload and Post Your Videos,vendor,True,True
best video hosting,svc,zapier.com,https://zapier.com/blog/best-video-hosting-sites/,The 5 best video hosting sites for businesses - Zapier,blog,True,False
best video hosting,svc,g2.com,https://www.g2.com/categories/video-hosting-platforms,Best Video Hosting Platforms: User Reviews from August 2026 - G2,editorial,True,False
best video hosting,svc,youtube.com,https://www.youtube.com/watch?v=gjNJh99mq98,YouTube vs. Vimeo vs. Wistia vs. Streamable,ugc,False,True
best video hosting,svc,youtube.com,https://www.youtube.com/watch?v=H_X6xrLUHiQ&t=308,Best Video Hosting Platforms for Business 2025,ugc,True,True
best video hosting,svc,youtube.com,https://www.youtube.com/watch?v=UOLwT-hOqjg,Top 3 Free Video Hosting Platforms - Compare YouTube vs Vimeo vs ...,ugc,True,True
best video hosting,svc,google.com,https://google.com/goto?url=CAESYwHrOzAVlLqRX2iPPxY5skMUdKcxuqkmq_1umuk4GPt1E09dxqbxiD596g5Ku-Yo-3n4m_BiLgcCg-6AAeFG-X9LLNfpjUlmERrIPF653ylJ2A-RM-cBmF4Qq_tHl6jJOiSAzQ,Best Video Hosting Platforms for Business 2025,other,True,False
best video hosting,svc,youtube.com,https://www.youtube.com/watch?v=d_F2qdjxm-I,9 Best Video Hosting Sites,ugc,True,True
best video hosting,svc,youtube.com,https://www.youtube.com/watch?v=IydSnOEW6mg,I Compared The Top 8 Video Hosting Solutions,ugc,True,True
best video hosting,svc,learn.g2.com,https://learn.g2.com/best-video-hosting-platforms,The 6 Best Video Hosting Platforms: My Review,editorial,True,True
best virtual mailbox,svc,ipostal1.com,https://ipostal1.com/,"#1 Digital Mailbox - Over 4,250 Mailbox Locations Worldwide",vendor,False,True
best virtual mailbox,svc,ipostal1.com,https://ipostal1.com/virtual-mailbox.php,"Get a Virtual Mailbox from 4,250+ Locations - iPostal1",vendor,False,True
best virtual mailbox,svc,anytimemailbox.com,https://www.anytimemailbox.com/,"Anytime Mailbox: Virtual Digital Mailboxes at 2,500+ locations",vendor,False,True
best virtual mailbox,svc,upwork.com,https://www.upwork.com/resources/best-virtual-mailbox-services,The Best Virtual Mailbox Services in 2026 - Upwork,blog,True,False
best virtual mailbox,svc,postscanmail.com,https://www.postscanmail.com/,Virtual Mailbox with Real US Address,vendor,False,True
best virtual mailbox,svc,beenremote.com,https://www.beenremote.com/remote-work/virtual-mailbox,10+ Best Virtual Mailboxes According to Experts - Been Remote,blog,True,False
best virtual mailbox,svc,youtube.com,https://www.youtube.com/watch?v=QHO-e6PVEfs&t=171,iPostal1 vs AnyTime Mailbox vs PO Box,ugc,False,True
best virtual mailbox,svc,postscanmail.com,https://www.postscanmail.com/services/virtual-mailbox.html,Virtual mailbox for business | Physical Address Solutions,vendor,False,True
best virtual mailbox,svc,getnewmailbox.com,https://getnewmailbox.com/,Best Virtual Mailbox Services in 2026 | TOP-12,vendor,True,False
best virtual mailbox,svc,quora.com,https://www.quora.com/What-s-the-best-virtual-mailbox,What's the best virtual mailbox? - Quora,ugc,True,False
best web hosting,svc,youtube.com,https://www.youtube.com/watch?v=4P0lutH6lbQ&t=240,Best Web Hosting 2026: My Top Recommendations & Discounts ...,ugc,True,True
best web hosting,svc,youtube.com,https://www.youtube.com/watch?v=INK82raL-5U&t=76,BEST Web Hosting 2026! Fast 5 Minute Guide for Beginners,ugc,True,True
best web hosting,svc,youtube.com,https://www.youtube.com/watch?v=RzEulqV8mX0,Best web hosting 2026 | Top 5 hosting providers tested and compared!,ugc,True,True
best web hosting,svc,youtube.com,https://www.youtube.com/watch?v=-x5N6n5qpm4,BEST Web Hosting in 5 MINUTES! Guide for 2026 - YouTube,ugc,True,True
best web hosting,svc,namecheap.com,https://www.namecheap.com/hosting/,Web Hosting - Your Path to the Perfect Hosting Plan - Namecheap,vendor,False,True
best web hosting,svc,zdnet.com,https://www.zdnet.com/article/best-web-hosting/,The best web hosting services of 2026: Expert tested and reviewed,editorial,True,False
best website monitoring service,svc,pcmag.com,https://www.pcmag.com/picks/the-best-website-monitoring-services,The Best Website Monitoring Services | PCMag,editorial,True,True
best website monitoring service,svc,uptimerobot.com,https://uptimerobot.com/,UptimeRobot: Free Website Monitoring Service,vendor,False,True
best website monitoring service,svc,pingdom.com,https://www.pingdom.com/,Pingdom: Website Monitoring Service - Availability and Performance,vendor,False,True
best website monitoring service,svc,g2.com,https://www.g2.com/categories/website-monitoring,Best Website Monitoring Software: User Reviews from August 2026,editorial,True,False
best website monitoring service,svc,uptimerobot.com,https://uptimerobot.com/knowledge-hub/comparisons-and-alternatives/13-best-website-monitoring-tools/,Top 13 Website Monitoring Tools in 2026 - UptimeRobot,vendor,True,True
best website monitoring service,svc,watchmantower.com,https://www.watchmantower.com/blog/best-website-monitoring-tools-2025,10 Best Website Monitoring Tools in 2026 - Watchman Tower,vendor,True,False
