snapshot_id,platform,query,country,timestamp,answer_word_count,answer_sentence_count,answer_has_list,answer_has_table,citation_count,links_count
ai_mode_sd_mm0zf46m9z17stkxm,ai_mode,how does a credit score work,US,2026-02-24T19:12:18.677Z,436,34,True,True,17,0
ai_mode_sd_mm0zf46m9z17stkxm,ai_mode,what causes inflation,US,2026-02-24T19:12:20.929Z,400,25,True,False,23,0
ai_mode_sd_mm0zf46m9z17stkxm,ai_mode,what are the symptoms of type 2 diabetes,US,2026-02-24T19:12:23.497Z,281,28,True,False,22,2
ai_mode_sd_mm0zf46m9z17stkxm,ai_mode,how to treat a sprained ankle at home,US,2026-02-24T19:12:46.412Z,348,29,True,False,26,0
ai_mode_sd_mm0zf46m9z17stkxm,ai_mode,best programming languages to learn in 2024,US,2026-02-24T19:13:06.455Z,270,33,True,True,21,13
ai_mode_sd_mm0znxyu1ny4atnu3e,ai_mode,what are the symptoms of type 2 diabetes,US,2026-02-24T19:18:58.672Z,284,24,True,False,22,3
ai_mode_sd_mm0znxyu1ny4atnu3e,ai_mode,how does a credit score work,US,2026-02-24T19:19:00.961Z,448,42,True,True,23,4
ai_mode_sd_mm0znxyu1ny4atnu3e,ai_mode,how to treat a sprained ankle at home,US,2026-02-24T19:19:08.194Z,433,49,True,False,29,2
ai_mode_sd_mm0znxyu1ny4atnu3e,ai_mode,how does compound interest work,US,2026-02-24T19:19:13.960Z,333,30,True,False,24,4
ai_mode_sd_mm0znxyu1ny4atnu3e,ai_mode,what is the difference between machine learning and deep learning,US,2026-02-24T19:19:16.177Z,279,22,True,True,18,5
ai_mode_sd_mm0znxyu1ny4atnu3e,ai_mode,best programming languages to learn in 2024,US,2026-02-24T19:19:17.805Z,395,31,True,True,50,1
ai_mode_sd_mm0znxyu1ny4atnu3e,ai_mode,what causes inflation,US,2026-02-24T19:19:20.823Z,292,18,True,False,17,2
ai_mode_sd_mm0znxyu1ny4atnu3e,ai_mode,what are the health benefits of intermittent fasting,US,2026-02-24T19:19:27.689Z,384,23,True,False,15,2
ai_mode_sd_mm0znxyu1ny4atnu3e,ai_mode,how long does it take to learn Python,US,2026-02-24T19:19:35.578Z,31,2,False,False,0,0
ai_mode_sd_mm0znxyu1ny4atnu3e,ai_mode,best cities to live in the United States,US,2026-02-24T19:19:37.241Z,399,96,True,False,20,64
ai_mode_sd_mm0zp95s2f3w1y03tl,ai_mode,explain blockchain technology,US,2026-02-24T19:20:06.787Z,378,32,True,False,18,3
ai_mode_sd_mm0zp95s2f3w1y03tl,ai_mode,how does the stock market work,US,2026-02-24T19:20:22.589Z,489,46,True,True,29,2
ai_mode_sd_mm0zp95s2f3w1y03tl,ai_mode,what is the difference between a Roth IRA and traditional IRA,US,2026-02-24T19:20:23.755Z,640,59,True,True,23,6
ai_mode_sd_mm0zp95s2f3w1y03tl,ai_mode,how to start investing with little money,US,2026-02-24T19:20:31.439Z,385,33,True,False,19,4
ai_mode_sd_mm0zp95s2f3w1y03tl,ai_mode,what is quantum computing,US,2026-02-24T19:20:34.249Z,317,31,True,False,24,8
ai_mode_sd_mm0zp95s2f3w1y03tl,ai_mode,symptoms of vitamin D deficiency,US,2026-02-24T19:20:49.206Z,411,24,True,False,23,0
ai_mode_sd_mm0zp95s2f3w1y03tl,ai_mode,what is the Mediterranean diet,US,2026-02-24T19:20:51.285Z,407,17,True,True,27,0
ai_mode_sd_mm0zp95s2f3w1y03tl,ai_mode,how to negotiate a salary,US,2026-02-24T19:21:02.505Z,669,68,True,False,16,7
ai_mode_sd_mm0zp95s2f3w1y03tl,ai_mode,what are the best programming languages for AI,US,2026-02-24T19:21:03.853Z,624,40,True,True,26,4
ai_mode_sd_mm0zp95s2f3w1y03tl,ai_mode,what is the FIRE movement,US,2026-02-24T19:21:13.673Z,383,19,True,False,15,0
ai_mode_sd_mm0zs06a1qq9wi5xtt,ai_mode,what is a 401k plan,US,2026-02-24T19:22:18.886Z,318,16,True,True,18,0
ai_mode_sd_mm0zs06a1qq9wi5xtt,ai_mode,what is the difference between SQL and NoSQL,US,2026-02-24T19:22:22.758Z,325,25,True,True,20,4
ai_mode_sd_mm0zs06a1qq9wi5xtt,ai_mode,how does the immune system work,US,2026-02-24T19:22:27.561Z,738,75,True,False,27,8
ai_mode_sd_mm0zs06a1qq9wi5xtt,ai_mode,what foods are high in protein,US,2026-02-24T19:22:30.195Z,463,28,True,True,21,2
ai_mode_sd_mm0zs06a1qq9wi5xtt,ai_mode,best practices for remote work productivity,US,2026-02-24T19:22:30.710Z,389,26,True,False,23,2
ai_mode_sd_mm0zs06a1qq9wi5xtt,ai_mode,what is DevOps,US,2026-02-24T19:22:31.005Z,260,14,True,True,20,1
ai_mode_sd_mm0zs06a1qq9wi5xtt,ai_mode,how to write a cover letter,US,2026-02-24T19:22:41.339Z,311,33,True,False,27,3
ai_mode_sd_mm0zs06a1qq9wi5xtt,ai_mode,how does photosynthesis work,US,2026-02-24T19:22:43.673Z,600,24,True,False,29,0
ai_mode_sd_mm0zs06a1qq9wi5xtt,ai_mode,how to improve credit score fast,US,2026-02-24T19:22:55.041Z,408,30,True,False,23,2
ai_mode_sd_mm0zs06a1qq9wi5xtt,ai_mode,what are the causes of climate change,US,2026-02-24T19:23:00.744Z,544,88,True,True,28,14
ai_mode_sd_mm0ztwub11cenof72l,ai_mode,what are the best passive income ideas,US,2026-02-24T19:23:39.163Z,420,45,True,False,21,6
ai_mode_sd_mm0ztwub11cenof72l,ai_mode,what is the gig economy,US,2026-02-24T19:23:44.405Z,302,22,True,True,21,3
ai_mode_sd_mm0ztwub11cenof72l,ai_mode,what are the benefits of meditation,US,2026-02-24T19:23:47.314Z,363,34,True,False,19,8
ai_mode_sd_mm0ztwub11cenof72l,ai_mode,what is search engine optimization,US,2026-02-24T19:23:49.040Z,383,23,True,False,19,0
ai_mode_sd_mm0ztwub11cenof72l,ai_mode,how to start a podcast,US,2026-02-24T19:23:49.313Z,488,40,True,False,20,5
ai_mode_sd_mm0ztwub11cenof72l,ai_mode,how does electric car battery work,US,2026-02-24T19:23:55.149Z,623,63,True,False,23,8
ai_mode_sd_mm0ztwub11cenof72l,ai_mode,best ways to learn a new language,US,2026-02-24T19:24:01.149Z,303,27,True,True,26,7
ai_mode_sd_mm0ztwub11cenof72l,ai_mode,what is content marketing,US,2026-02-24T19:24:39.505Z,319,32,True,False,24,9
ai_mode_sd_mm0ztwub11cenof72l,ai_mode,how to lower blood pressure naturally,US,2026-02-24T19:24:45.752Z,391,29,True,True,28,0
ai_mode_sd_mm0ztwub11cenof72l,ai_mode,how does CRISPR gene editing work,US,2026-02-24T19:24:47.897Z,420,23,True,False,14,0
ai_mode_sd_mm0zw9l42clgazdpqp,ai_mode,what is the difference between affect and effect,US,2026-02-24T19:25:25.989Z,206,15,True,False,18,0
ai_mode_sd_mm0zw9l42clgazdpqp,ai_mode,what are the symptoms of anxiety disorder,US,2026-02-24T19:25:26.186Z,332,24,True,False,24,1
ai_mode_sd_mm0zw9l42clgazdpqp,ai_mode,how does a VPN work,US,2026-02-24T19:25:30.127Z,383,35,True,False,19,2
ai_mode_sd_mm0zw9l42clgazdpqp,ai_mode,best ways to reduce stress,US,2026-02-24T19:25:30.212Z,430,20,True,False,28,2
ai_mode_sd_mm0zw9l42clgazdpqp,ai_mode,what is the difference between HTTP and HTTPS,US,2026-02-24T19:25:33.623Z,495,45,True,True,21,6
ai_mode_sd_mm0zw9l42clgazdpqp,ai_mode,what is project management methodology,US,2026-02-24T19:25:49.535Z,356,25,True,False,19,0
ai_mode_sd_mm0zw9l42clgazdpqp,ai_mode,how to improve public speaking skills,US,2026-02-24T19:25:54.134Z,365,26,True,False,16,1
ai_mode_sd_mm0zw9l42clgazdpqp,ai_mode,how does the federal reserve work,US,2026-02-24T19:26:08.572Z,473,39,True,False,31,2
ai_mode_sd_mm0zw9l42clgazdpqp,ai_mode,how to create a budget,US,2026-02-24T19:26:19.632Z,714,108,True,False,3,7
ai_mode_sd_mm0zw9l42clgazdpqp,ai_mode,how to write a business plan,US,2026-02-24T19:26:34.528Z,510,57,True,False,23,3
ai_mode_sd_mm0zyfdg1lmuk7pzsl,ai_mode,what is the difference between type 1 and type 2 diabetes,US,2026-02-24T19:27:11.898Z,327,20,True,True,24,2
ai_mode_sd_mm0zyfdg1lmuk7pzsl,ai_mode,best exercises for weight loss,US,2026-02-24T19:27:17.522Z,607,58,True,False,36,6
ai_mode_sd_mm0zyfdg1lmuk7pzsl,ai_mode,how does mortgage work,US,2026-02-24T19:27:18.139Z,435,30,True,False,20,0
ai_mode_sd_mm0zyfdg1lmuk7pzsl,ai_mode,what is UX design,US,2026-02-24T19:27:19.968Z,348,42,True,False,20,9
ai_mode_sd_mm0zyfdg1lmuk7pzsl,ai_mode,what is cloud computing,US,2026-02-24T19:27:22.260Z,356,29,True,False,17,5
ai_mode_sd_mm0zyfdg1lmuk7pzsl,ai_mode,how does artificial intelligence work,US,2026-02-24T19:27:24.414Z,401,25,True,False,21,0
ai_mode_sd_mm0zyfdg1lmuk7pzsl,ai_mode,what are the best productivity apps,US,2026-02-24T19:27:27.962Z,575,73,True,False,21,13
ai_mode_sd_mm0zyfdg1lmuk7pzsl,ai_mode,what is the Pomodoro technique,US,2026-02-24T19:27:39.354Z,347,46,True,False,18,0
ai_mode_sd_mm0zyfdg1lmuk7pzsl,ai_mode,how to save money on groceries,US,2026-02-24T19:27:46.551Z,486,25,True,False,19,0
ai_mode_sd_mm0zyfdg1lmuk7pzsl,ai_mode,how to start a side hustle,US,2026-02-24T19:27:51.377Z,329,24,True,False,16,0
ai_mode_sd_mm0zzwe12ooihw8ag2,ai_mode,what are the causes of insomnia,US,2026-02-24T19:28:27.739Z,315,18,True,False,18,1
ai_mode_sd_mm0zzwe12ooihw8ag2,ai_mode,how does the human brain work,US,2026-02-24T19:28:37.304Z,613,67,True,False,19,8
ai_mode_sd_mm0zzwe12ooihw8ag2,ai_mode,how does inflation affect the economy,US,2026-02-24T19:28:39.476Z,341,25,True,False,18,1
ai_mode_sd_mm0zzwe12ooihw8ag2,ai_mode,best ways to learn programming,US,2026-02-24T19:28:40.703Z,384,39,True,False,27,4
ai_mode_sd_mm0zzwe12ooihw8ag2,ai_mode,what is agile methodology,US,2026-02-24T19:28:42.123Z,277,18,True,False,18,1
ai_mode_sd_mm0zzwe12ooihw8ag2,ai_mode,what are the best foods for gut health,US,2026-02-24T19:28:43.950Z,560,85,True,False,25,18
ai_mode_sd_mm0zzwe12ooihw8ag2,ai_mode,how to write a resume with no experience,US,2026-02-24T19:28:54.620Z,367,37,True,False,20,0
ai_mode_sd_mm0zzwe12ooihw8ag2,ai_mode,what is the difference between a virus and bacteria,US,2026-02-24T19:28:57.991Z,471,32,True,True,0,0
ai_mode_sd_mm0zzwe12ooihw8ag2,ai_mode,how does DNA testing work,US,2026-02-24T19:29:33.339Z,307,25,True,False,21,0
ai_mode_sd_mm0zzwe12ooihw8ag2,ai_mode,how to reduce carbon footprint,US,2026-02-24T19:30:08.026Z,654,61,True,False,24,7
ai_mode_sd_mm1039792ew13pkjei,ai_mode,how to set SMART goals,US,2026-02-24T19:30:55.971Z,369,35,True,False,24,0
ai_mode_sd_mm1039792ew13pkjei,ai_mode,how to read a nutrition label,US,2026-02-24T19:30:56.470Z,631,67,True,False,25,7
ai_mode_sd_mm1039792ew13pkjei,ai_mode,what is technical SEO,US,2026-02-24T19:31:01.456Z,317,25,True,False,18,3
ai_mode_sd_mm1039792ew13pkjei,ai_mode,what is supply chain management,US,2026-02-24T19:31:07.013Z,362,35,True,False,28,7
ai_mode_sd_mm1039792ew13pkjei,ai_mode,what is the difference between socialism and capitalism,US,2026-02-24T19:31:09.781Z,337,30,True,True,16,3
ai_mode_sd_mm1039792ew13pkjei,ai_mode,best ways to improve sleep quality,US,2026-02-24T19:31:16.356Z,628,65,True,False,22,6
ai_mode_sd_mm1039792ew13pkjei,ai_mode,what are the benefits of exercise,US,2026-02-24T19:31:29.293Z,586,77,True,False,23,17
ai_mode_sd_mm1039792ew13pkjei,ai_mode,how does GPS work,US,2026-02-24T19:31:29.847Z,615,67,True,False,19,7
ai_mode_sd_mm1039792ew13pkjei,ai_mode,how does the electoral college work,US,2026-02-24T19:31:35.015Z,454,43,True,False,20,2
ai_mode_sd_mm1039792ew13pkjei,ai_mode,what is cryptocurrency mining,US,2026-02-24T19:31:51.597Z,423,23,True,True,22,0
ai_mode_sd_mm105fj79it1o2bg6,ai_mode,best ways to stay motivated,US,2026-02-24T19:32:45.662Z,646,61,True,False,25,6
ai_mode_sd_mm105fj79it1o2bg6,ai_mode,how does stem cell therapy work,US,2026-02-24T19:32:47.085Z,489,37,True,False,28,0
ai_mode_sd_mm105fj79it1o2bg6,ai_mode,how to build an emergency fund,US,2026-02-24T19:32:48.971Z,446,36,True,False,26,0
ai_mode_sd_mm105fj79it1o2bg6,ai_mode,what is behavioral economics,US,2026-02-24T19:32:57.912Z,384,27,True,False,20,4
ai_mode_sd_mm105fj79it1o2bg6,ai_mode,how does a search engine work,US,2026-02-24T19:32:58.051Z,613,62,True,False,22,6
ai_mode_sd_mm105fj79it1o2bg6,ai_mode,what are the symptoms of depression,US,2026-02-24T19:32:58.524Z,322,27,True,False,20,1
ai_mode_sd_mm105fj79it1o2bg6,ai_mode,how to improve your credit score,US,2026-02-24T19:32:59.190Z,393,43,True,False,21,4
ai_mode_sd_mm105fj79it1o2bg6,ai_mode,what is the difference between introvert and extrovert,US,2026-02-24T19:33:00.162Z,585,81,True,True,19,14
ai_mode_sd_mm105fj79it1o2bg6,ai_mode,how to prepare for a job interview,US,2026-02-24T19:33:00.467Z,621,70,True,False,30,7
ai_mode_sd_mm105fj79it1o2bg6,ai_mode,what is the difference between a trademark and a patent,US,2026-02-24T19:33:06.658Z,512,55,True,True,14,7
ai_mode_sd_mm106tzz1rp9rhi5cy,ai_mode,what are the best investment strategies for beginners,US,2026-02-24T19:33:50.497Z,452,40,True,False,26,4
ai_mode_sd_mm106tzz1rp9rhi5cy,ai_mode,how does a mutual fund work,US,2026-02-24T19:33:52.156Z,558,28,True,False,24,0
ai_mode_sd_mm106tzz1rp9rhi5cy,ai_mode,how to overcome procrastination,US,2026-02-24T19:33:57.804Z,701,58,True,False,20,8
ai_mode_sd_mm106tzz1rp9rhi5cy,ai_mode,what is the difference between coaching and mentoring,US,2026-02-24T19:33:58.647Z,325,20,True,True,17,0
ai_mode_sd_mm106tzz1rp9rhi5cy,ai_mode,how to deal with imposter syndrome,US,2026-02-24T19:34:01.539Z,308,21,True,False,3,1
ai_mode_sd_mm106tzz1rp9rhi5cy,ai_mode,what is the difference between manager and leader,US,2026-02-24T19:34:04.494Z,297,17,True,True,22,0
ai_mode_sd_mm106tzz1rp9rhi5cy,ai_mode,how does social media algorithm work,US,2026-02-24T19:34:07.024Z,765,62,True,False,25,6
ai_mode_sd_mm106tzz1rp9rhi5cy,ai_mode,what are the benefits of reading books,US,2026-02-24T19:34:12.818Z,321,17,True,False,18,2
ai_mode_sd_mm106tzz1rp9rhi5cy,ai_mode,what are the best ways to network professionally,US,2026-02-24T19:34:24.242Z,629,84,True,False,26,14
ai_mode_sd_mm1q9mqyhnjpenbuo,ai_mode,what are the symptoms of type 2 diabetes,US,2026-02-25T07:43:37.196Z,253,16,True,False,19,1
ai_mode_sd_mm1q9mqyhnjpenbuo,ai_mode,how to treat a sprained ankle at home,US,2026-02-25T07:43:37.378Z,387,38,True,False,29,0
ai_mode_sd_mm1q9mqyhnjpenbuo,ai_mode,how does compound interest work,US,2026-02-25T07:43:41.300Z,351,34,True,False,20,2
ai_mode_sd_mm1q9mqyhnjpenbuo,ai_mode,best cities to live in the United States,US,2026-02-25T07:43:45.366Z,819,143,True,True,20,51
ai_mode_sd_mm1q9mqyhnjpenbuo,ai_mode,how does a credit score work,US,2026-02-25T07:43:45.457Z,413,27,True,False,23,2
ai_mode_sd_mm1q9mqyhnjpenbuo,ai_mode,what is the difference between machine learning and deep learning,US,2026-02-25T07:43:57.456Z,332,28,True,True,26,1
ai_mode_sd_mm1q9mqyhnjpenbuo,ai_mode,what are the health benefits of intermittent fasting,US,2026-02-25T07:43:59.771Z,414,23,True,False,16,0
ai_mode_sd_mm1q9mqyhnjpenbuo,ai_mode,best programming languages to learn in 2024,US,2026-02-25T07:43:59.821Z,399,40,True,True,26,10
ai_mode_sd_mm1q9mqyhnjpenbuo,ai_mode,what causes inflation,US,2026-02-25T07:44:03.124Z,428,21,True,False,19,0
ai_mode_sd_mm1q9mqyhnjpenbuo,ai_mode,how long does it take to learn Python,US,2026-02-25T07:44:08.541Z,305,12,True,True,13,0
ai_mode_sd_mm1q9neqzr0wofcdr,ai_mode,what is the difference between a Roth IRA and traditional IRA,US,2026-02-25T07:43:43.598Z,399,27,True,True,22,1
ai_mode_sd_mm1q9neqzr0wofcdr,ai_mode,what are the best programming languages for AI,US,2026-02-25T07:43:43.958Z,433,38,True,False,30,0
ai_mode_sd_mm1q9neqzr0wofcdr,ai_mode,symptoms of vitamin D deficiency,US,2026-02-25T07:43:46.596Z,326,16,True,False,21,0
ai_mode_sd_mm1q9neqzr0wofcdr,ai_mode,explain blockchain technology,US,2026-02-25T07:43:48.934Z,526,78,True,True,0,10
ai_mode_sd_mm1q9neqzr0wofcdr,ai_mode,what is the Mediterranean diet,US,2026-02-25T07:43:50.807Z,353,31,True,False,28,2
ai_mode_sd_mm1q9neqzr0wofcdr,ai_mode,how to start investing with little money,US,2026-02-25T07:43:52.524Z,412,26,True,True,21,3
ai_mode_sd_mm1q9neqzr0wofcdr,ai_mode,what is quantum computing,US,2026-02-25T07:43:55.063Z,390,19,True,False,20,1
ai_mode_sd_mm1q9neqzr0wofcdr,ai_mode,how to negotiate a salary,US,2026-02-25T07:43:56.434Z,781,70,True,False,23,6
ai_mode_sd_mm1q9neqzr0wofcdr,ai_mode,what is the FIRE movement,US,2026-02-25T07:44:02.564Z,465,33,True,True,20,1
ai_mode_sd_mm1q9neqzr0wofcdr,ai_mode,how does the stock market work,US,2026-02-25T07:44:18.204Z,323,29,True,True,3,2
ai_mode_sd_mm1q9nzf20ltwuogtf,ai_mode,what is a 401k plan,US,2026-02-25T07:43:41.186Z,313,39,True,False,14,8
ai_mode_sd_mm1q9nzf20ltwuogtf,ai_mode,how to write a cover letter,US,2026-02-25T07:43:59.156Z,348,31,True,False,17,2
ai_mode_sd_mm1q9nzf20ltwuogtf,ai_mode,what is the difference between SQL and NoSQL,US,2026-02-25T07:43:59.664Z,325,25,True,True,20,4
ai_mode_sd_mm1q9nzf20ltwuogtf,ai_mode,best practices for remote work productivity,US,2026-02-25T07:44:00.426Z,394,31,True,True,27,6
ai_mode_sd_mm1q9nzf20ltwuogtf,ai_mode,how does the immune system work,US,2026-02-25T07:44:02.464Z,703,80,True,False,29,10
ai_mode_sd_mm1q9nzf20ltwuogtf,ai_mode,how to improve credit score fast,US,2026-02-25T07:44:02.694Z,431,24,True,False,25,2
ai_mode_sd_mm1q9nzf20ltwuogtf,ai_mode,what are the causes of climate change,US,2026-02-25T07:44:03.482Z,544,88,True,True,28,14
ai_mode_sd_mm1q9nzf20ltwuogtf,ai_mode,what foods are high in protein,US,2026-02-25T07:44:05.666Z,436,22,True,True,14,1
ai_mode_sd_mm1q9nzf20ltwuogtf,ai_mode,how does photosynthesis work,US,2026-02-25T07:44:07.004Z,455,21,True,False,38,0
ai_mode_sd_mm1q9nzf20ltwuogtf,ai_mode,what is DevOps,US,2026-02-25T07:44:21.727Z,365,28,True,False,26,0
ai_mode_sd_mm1q9oje26do0o8tl1,ai_mode,what is the gig economy,US,2026-02-25T07:43:46.189Z,375,27,True,True,22,2
ai_mode_sd_mm1q9oje26do0o8tl1,ai_mode,what are the best passive income ideas,US,2026-02-25T07:43:48.445Z,440,36,True,True,26,5
ai_mode_sd_mm1q9oje26do0o8tl1,ai_mode,how to lower blood pressure naturally,US,2026-02-25T07:43:49.668Z,410,26,True,False,28,1
ai_mode_sd_mm1q9oje26do0o8tl1,ai_mode,what is content marketing,US,2026-02-25T07:43:51.677Z,327,24,True,False,18,0
ai_mode_sd_mm1q9oje26do0o8tl1,ai_mode,best ways to learn a new language,US,2026-02-25T07:43:54.098Z,416,46,True,False,23,9
ai_mode_sd_mm1q9oje26do0o8tl1,ai_mode,what are the benefits of meditation,US,2026-02-25T07:43:56.131Z,321,15,True,False,23,0
ai_mode_sd_mm1q9oje26do0o8tl1,ai_mode,how does CRISPR gene editing work,US,2026-02-25T07:43:57.523Z,432,23,True,False,22,1
ai_mode_sd_mm1q9oje26do0o8tl1,ai_mode,how to start a podcast,US,2026-02-25T07:43:59.532Z,453,39,True,False,28,6
ai_mode_sd_mm1q9oje26do0o8tl1,ai_mode,what is search engine optimization,US,2026-02-25T07:44:02.725Z,378,25,True,False,17,1
ai_mode_sd_mm1q9oje26do0o8tl1,ai_mode,how does electric car battery work,US,2026-02-25T07:44:03.591Z,618,59,True,False,20,6
ai_mode_sd_mm1q9p5b1rm02go1pm,ai_mode,what are the symptoms of anxiety disorder,US,2026-02-25T07:43:45.856Z,296,39,True,False,21,10
ai_mode_sd_mm1q9p5b1rm02go1pm,ai_mode,best ways to reduce stress,US,2026-02-25T07:43:47.403Z,621,60,True,True,31,8
ai_mode_sd_mm1q9p5b1rm02go1pm,ai_mode,how to create a budget,US,2026-02-25T07:43:47.861Z,458,39,True,False,27,2
ai_mode_sd_mm1q9p5b1rm02go1pm,ai_mode,how to improve public speaking skills,US,2026-02-25T07:43:55.520Z,397,29,True,False,23,1
ai_mode_sd_mm1q9p5b1rm02go1pm,ai_mode,how does a VPN work,US,2026-02-25T07:43:59.117Z,410,34,True,False,22,4
ai_mode_sd_mm1q9p5b1rm02go1pm,ai_mode,what is project management methodology,US,2026-02-25T07:44:02.466Z,370,28,True,True,24,0
ai_mode_sd_mm1q9p5b1rm02go1pm,ai_mode,how to write a business plan,US,2026-02-25T07:44:03.853Z,410,43,True,False,23,2
ai_mode_sd_mm1q9p5b1rm02go1pm,ai_mode,how does the federal reserve work,US,2026-02-25T07:44:08.651Z,483,39,True,False,25,0
ai_mode_sd_mm1q9p5b1rm02go1pm,ai_mode,what is the difference between affect and effect,US,2026-02-25T07:44:22.457Z,225,16,True,False,18,1
ai_mode_sd_mm1q9p5b1rm02go1pm,ai_mode,what is the difference between HTTP and HTTPS,US,2026-02-25T07:44:31.402Z,544,57,True,False,21,6
ai_mode_sd_mm1q9pqsfnidcwcx2,ai_mode,what is the difference between type 1 and type 2 diabetes,US,2026-02-25T07:43:54.791Z,306,14,True,True,22,0
ai_mode_sd_mm1q9pqsfnidcwcx2,ai_mode,what is cloud computing,US,2026-02-25T07:43:54.822Z,337,28,True,False,28,3
ai_mode_sd_mm1q9pqsfnidcwcx2,ai_mode,how does mortgage work,US,2026-02-25T07:43:56.173Z,405,20,True,False,24,1
ai_mode_sd_mm1q9pqsfnidcwcx2,ai_mode,best exercises for weight loss,US,2026-02-25T07:43:57.808Z,675,64,True,False,25,6
ai_mode_sd_mm1q9pqsfnidcwcx2,ai_mode,how to start a side hustle,US,2026-02-25T07:43:59.478Z,392,32,True,False,16,2
ai_mode_sd_mm1q9pqsfnidcwcx2,ai_mode,how does artificial intelligence work,US,2026-02-25T07:43:59.536Z,384,28,True,False,21,0
ai_mode_sd_mm1q9pqsfnidcwcx2,ai_mode,what is UX design,US,2026-02-25T07:44:00.261Z,282,30,True,False,19,2
ai_mode_sd_mm1q9pqsfnidcwcx2,ai_mode,what is the Pomodoro technique,US,2026-02-25T07:44:00.779Z,315,36,True,False,21,3
ai_mode_sd_mm1q9pqsfnidcwcx2,ai_mode,how to save money on groceries,US,2026-02-25T07:44:02.320Z,395,24,True,False,18,1
ai_mode_sd_mm1q9pqsfnidcwcx2,ai_mode,what are the best productivity apps,US,2026-02-25T07:44:03.626Z,650,66,True,True,23,11
ai_mode_sd_mm1q9qc01mwkedr4in,ai_mode,what is the difference between a virus and bacteria,US,2026-02-25T07:43:39.275Z,188,18,True,False,0,0
ai_mode_sd_mm1q9qc01mwkedr4in,ai_mode,how does DNA testing work,US,2026-02-25T07:43:40.070Z,274,38,True,False,15,7
ai_mode_sd_mm1q9qc01mwkedr4in,ai_mode,best ways to learn programming,US,2026-02-25T07:43:43.558Z,330,31,True,False,21,3
ai_mode_sd_mm1q9qc01mwkedr4in,ai_mode,what are the best foods for gut health,US,2026-02-25T07:43:50.905Z,427,29,True,False,33,0
ai_mode_sd_mm1q9qc01mwkedr4in,ai_mode,how does inflation affect the economy,US,2026-02-25T07:43:53.068Z,412,22,True,True,21,0
ai_mode_sd_mm1q9qc01mwkedr4in,ai_mode,what is agile methodology,US,2026-02-25T07:43:53.132Z,285,18,True,False,20,2
ai_mode_sd_mm1q9qc01mwkedr4in,ai_mode,what are the causes of insomnia,US,2026-02-25T07:44:00.177Z,415,25,True,False,25,0
ai_mode_sd_mm1q9qc01mwkedr4in,ai_mode,how to reduce carbon footprint,US,2026-02-25T07:44:01.488Z,629,38,True,True,39,0
ai_mode_sd_mm1q9qc01mwkedr4in,ai_mode,how to write a resume with no experience,US,2026-02-25T07:44:31.714Z,413,40,True,False,32,1
ai_mode_sd_mm1q9qc01mwkedr4in,ai_mode,how does the human brain work,US,2026-02-25T07:44:41.699Z,664,70,True,False,25,9
ai_mode_sd_mm1q9qwc2hptiihkm9,ai_mode,what is the difference between socialism and capitalism,US,2026-02-25T07:43:39.966Z,350,19,True,True,15,0
ai_mode_sd_mm1q9qwc2hptiihkm9,ai_mode,what is cryptocurrency mining,US,2026-02-25T07:43:44.488Z,438,26,True,False,20,0
ai_mode_sd_mm1q9qwc2hptiihkm9,ai_mode,how does GPS work,US,2026-02-25T07:43:52.049Z,656,72,True,False,23,6
ai_mode_sd_mm1q9qwc2hptiihkm9,ai_mode,best ways to improve sleep quality,US,2026-02-25T07:43:52.855Z,697,68,True,False,25,6
ai_mode_sd_mm1q9qwc2hptiihkm9,ai_mode,what is supply chain management,US,2026-02-25T07:43:55.785Z,329,19,True,False,24,2
ai_mode_sd_mm1q9qwc2hptiihkm9,ai_mode,how to set SMART goals,US,2026-02-25T07:43:56.306Z,411,35,True,False,24,0
ai_mode_sd_mm1q9qwc2hptiihkm9,ai_mode,what is technical SEO,US,2026-02-25T07:43:58.358Z,343,26,True,False,19,3
ai_mode_sd_mm1q9qwc2hptiihkm9,ai_mode,how to read a nutrition label,US,2026-02-25T07:43:58.885Z,613,69,True,False,19,6
ai_mode_sd_mm1q9qwc2hptiihkm9,ai_mode,how does the electoral college work,US,2026-02-25T07:44:01.317Z,429,43,True,False,26,4
ai_mode_sd_mm1q9qwc2hptiihkm9,ai_mode,what are the benefits of exercise,US,2026-02-25T07:44:09.886Z,694,70,True,False,23,8
ai_mode_sd_mm1q9rgbudoq3qhqc,ai_mode,how to improve your credit score,US,2026-02-25T07:43:44.382Z,411,23,True,False,23,0
ai_mode_sd_mm1q9rgbudoq3qhqc,ai_mode,how to build an emergency fund,US,2026-02-25T07:43:44.826Z,376,35,True,False,27,0
ai_mode_sd_mm1q9rgbudoq3qhqc,ai_mode,how does stem cell therapy work,US,2026-02-25T07:43:45.671Z,363,32,True,False,22,2
ai_mode_sd_mm1q9rgbudoq3qhqc,ai_mode,what is the difference between introvert and extrovert,US,2026-02-25T07:43:46.257Z,517,54,True,False,18,6
ai_mode_sd_mm1q9rgbudoq3qhqc,ai_mode,how does a search engine work,US,2026-02-25T07:43:52.504Z,647,71,True,False,23,9
ai_mode_sd_mm1q9rgbudoq3qhqc,ai_mode,how to prepare for a job interview,US,2026-02-25T07:43:53.693Z,585,71,True,False,22,7
ai_mode_sd_mm1q9rgbudoq3qhqc,ai_mode,what is behavioral economics,US,2026-02-25T07:43:58.273Z,388,21,True,False,22,1
ai_mode_sd_mm1q9rgbudoq3qhqc,ai_mode,what is the difference between a trademark and a patent,US,2026-02-25T07:43:58.973Z,489,54,True,True,23,7
ai_mode_sd_mm1q9rgbudoq3qhqc,ai_mode,best ways to stay motivated,US,2026-02-25T07:44:01.516Z,691,72,True,False,20,6
ai_mode_sd_mm1q9rgbudoq3qhqc,ai_mode,what are the symptoms of depression,US,2026-02-25T07:44:04.030Z,381,67,False,False,0,10
ai_mode_sd_mm1q9s0r25g0iednxq,ai_mode,how does a mutual fund work,US,2026-02-25T07:43:48.241Z,418,23,True,False,26,0
ai_mode_sd_mm1q9s0r25g0iednxq,ai_mode,what are the side effects of metformin,US,2026-02-25T07:43:49.758Z,340,27,True,False,20,2
ai_mode_sd_mm1q9s0r25g0iednxq,ai_mode,how to deal with imposter syndrome,US,2026-02-25T07:43:51.606Z,133,8,True,False,0,0
ai_mode_sd_mm1q9s0r25g0iednxq,ai_mode,what are the best investment strategies for beginners,US,2026-02-25T07:43:51.953Z,450,41,True,False,34,3
ai_mode_sd_mm1q9s0r25g0iednxq,ai_mode,what is the difference between manager and leader,US,2026-02-25T07:43:52.359Z,347,18,True,True,20,0
ai_mode_sd_mm1q9s0r25g0iednxq,ai_mode,what is the difference between coaching and mentoring,US,2026-02-25T07:43:53.375Z,288,12,True,True,20,1
ai_mode_sd_mm1q9s0r25g0iednxq,ai_mode,what are the best ways to network professionally,US,2026-02-25T07:43:54.813Z,380,26,True,False,21,0
ai_mode_sd_mm1q9s0r25g0iednxq,ai_mode,what are the benefits of reading books,US,2026-02-25T07:43:59.222Z,471,32,True,False,25,3
ai_mode_sd_mm1q9s0r25g0iednxq,ai_mode,how to overcome procrastination,US,2026-02-25T07:44:04.433Z,367,57,True,False,21,7
ai_mode_sd_mm1q9s0r25g0iednxq,ai_mode,how does social media algorithm work,US,2026-02-25T07:44:09.679Z,464,27,True,True,32,0
ai_mode_sd_mm1q9smgryod1nlq4,ai_mode,what is the DASH diet,US,2026-02-25T07:43:48.866Z,340,27,True,False,24,3
ai_mode_sd_mm1q9smgryod1nlq4,ai_mode,what causes high blood pressure,US,2026-02-25T07:43:50.028Z,296,25,True,False,22,3
ai_mode_sd_mm1q9smgryod1nlq4,ai_mode,how to lower cholesterol naturally,US,2026-02-25T07:43:51.871Z,382,31,True,False,26,0
ai_mode_sd_mm1q9smgryod1nlq4,ai_mode,what are the benefits of omega-3 fatty acids,US,2026-02-25T07:43:52.669Z,403,27,True,False,22,2
ai_mode_sd_mm1q9smgryod1nlq4,ai_mode,what is the difference between HDL and LDL cholesterol,US,2026-02-25T07:43:56.126Z,424,34,True,True,29,3
ai_mode_sd_mm1q9smgryod1nlq4,ai_mode,how to prevent type 2 diabetes,US,2026-02-25T07:43:56.831Z,404,28,True,False,24,1
ai_mode_sd_mm1q9smgryod1nlq4,ai_mode,symptoms of thyroid problems in women,US,2026-02-25T07:44:02.196Z,320,28,True,False,11,1
ai_mode_sd_mm1q9smgryod1nlq4,ai_mode,how does the digestive system work,US,2026-02-25T07:44:02.820Z,331,46,True,False,16,9
ai_mode_sd_mm1q9smgryod1nlq4,ai_mode,symptoms of kidney disease,US,2026-02-25T07:44:05.212Z,381,21,True,False,21,1
ai_mode_sd_mm1q9smgryod1nlq4,ai_mode,how does the lymphatic system work,US,2026-02-25T07:44:14.505Z,569,58,True,False,22,6
ai_mode_sd_mm1q9t6e2rrou1u3ds,ai_mode,how does chemotherapy work,US,2026-02-25T07:43:41.246Z,387,24,True,False,25,1
ai_mode_sd_mm1q9t6e2rrou1u3ds,ai_mode,how to manage chronic pain,US,2026-02-25T07:43:42.593Z,506,29,True,False,25,0
ai_mode_sd_mm1q9t6e2rrou1u3ds,ai_mode,best foods to eat for heart health,US,2026-02-25T07:43:44.874Z,605,57,True,True,20,7
ai_mode_sd_mm1q9t6e2rrou1u3ds,ai_mode,what is rheumatoid arthritis,US,2026-02-25T07:43:46.236Z,400,29,True,False,24,3
ai_mode_sd_mm1q9t6e2rrou1u3ds,ai_mode,what is the difference between Alzheimer and dementia,US,2026-02-25T07:43:48.105Z,367,24,True,True,24,0
ai_mode_sd_mm1q9t6e2rrou1u3ds,ai_mode,what are the signs of a heart attack,US,2026-02-25T07:43:48.821Z,292,23,True,False,18,0
ai_mode_sd_mm1q9t6e2rrou1u3ds,ai_mode,how to boost immune system naturally,US,2026-02-25T07:43:50.831Z,370,37,True,False,26,4
ai_mode_sd_mm1q9t6e2rrou1u3ds,ai_mode,what are symptoms of iron deficiency,US,2026-02-25T07:43:52.039Z,348,26,True,False,31,0
ai_mode_sd_mm1q9t6e2rrou1u3ds,ai_mode,how long does it take to see results from exercise,US,2026-02-25T07:43:52.222Z,304,17,True,False,17,2
ai_mode_sd_mm1q9t6e2rrou1u3ds,ai_mode,what causes migraines,US,2026-02-25T07:43:58.670Z,335,22,True,False,21,2
ai_mode_sd_mm1q9tqyu44gyto9w,ai_mode,what causes autoimmune diseases,US,2026-02-25T07:43:41.637Z,327,25,True,False,23,3
ai_mode_sd_mm1q9tqyu44gyto9w,ai_mode,how does insulin work in the body,US,2026-02-25T07:43:45.250Z,324,36,True,False,15,5
ai_mode_sd_mm1q9tqyu44gyto9w,ai_mode,what foods to avoid with high cholesterol,US,2026-02-25T07:43:46.129Z,405,22,True,True,18,2
ai_mode_sd_mm1q9tqyu44gyto9w,ai_mode,what is the difference between a cold and the flu,US,2026-02-25T07:43:47.678Z,327,16,True,True,23,0
ai_mode_sd_mm1q9tqyu44gyto9w,ai_mode,what is PCOS and how to treat it,US,2026-02-25T07:43:49.560Z,400,24,True,False,23,0
ai_mode_sd_mm1q9tqyu44gyto9w,ai_mode,how to recover from a torn ACL,US,2026-02-25T07:43:54.150Z,405,38,True,False,23,5
ai_mode_sd_mm1q9tqyu44gyto9w,ai_mode,symptoms of sleep apnea,US,2026-02-25T07:43:56.887Z,311,17,True,False,32,0
ai_mode_sd_mm1q9tqyu44gyto9w,ai_mode,how does the respiratory system work,US,2026-02-25T07:44:02.224Z,396,27,True,False,25,2
ai_mode_sd_mm1q9tqyu44gyto9w,ai_mode,how to improve gut microbiome,US,2026-02-25T07:44:04.565Z,431,32,True,False,33,5
ai_mode_sd_mm1q9tqyu44gyto9w,ai_mode,what is the difference between Python and JavaScript,US,2026-02-25T07:44:51.194Z,416,41,True,True,21,6
ai_mode_sd_mm1q9ud9sl3ygjnnh,ai_mode,what is Docker and how does it work,US,2026-02-25T07:43:54.068Z,394,29,True,False,30,1
ai_mode_sd_mm1q9ud9sl3ygjnnh,ai_mode,what is a large language model,US,2026-02-25T07:43:54.808Z,344,30,True,False,27,0
ai_mode_sd_mm1q9ud9sl3ygjnnh,ai_mode,how does garbage collection work in programming,US,2026-02-25T07:43:57.487Z,433,22,True,True,27,0
ai_mode_sd_mm1q9ud9sl3ygjnnh,ai_mode,how does a compiler work,US,2026-02-25T07:44:00.664Z,639,73,True,False,24,7
ai_mode_sd_mm1q9ud9sl3ygjnnh,ai_mode,how does public key cryptography work,US,2026-02-25T07:44:02.982Z,384,24,True,True,22,3
ai_mode_sd_mm1q9ud9sl3ygjnnh,ai_mode,how does a neural network work,US,2026-02-25T07:44:08.867Z,332,38,True,False,23,4
ai_mode_sd_mm1q9ud9sl3ygjnnh,ai_mode,what is the difference between REST and GraphQL,US,2026-02-25T07:44:12.420Z,302,31,True,True,19,1
ai_mode_sd_mm1q9ud9sl3ygjnnh,ai_mode,what is the difference between TCP and UDP,US,2026-02-25T07:44:12.968Z,501,55,True,True,20,6
ai_mode_sd_mm1q9ud9sl3ygjnnh,ai_mode,best practices for API design,US,2026-02-25T07:44:41.408Z,458,53,True,False,29,0
ai_mode_sd_mm1q9ud9sl3ygjnnh,ai_mode,what is Kubernetes,US,2026-02-25T07:44:42.655Z,345,19,True,False,18,2
ai_mode_sd_mm1q9uwqjekvlzsns,ai_mode,what is the difference between monolith and microservices,US,2026-02-25T07:43:52.925Z,510,61,True,True,21,9
ai_mode_sd_mm1q9uwqjekvlzsns,ai_mode,what is serverless computing,US,2026-02-25T07:43:53.002Z,364,22,True,True,20,1
ai_mode_sd_mm1q9uwqjekvlzsns,ai_mode,what is the difference between SQL JOIN types,US,2026-02-25T07:43:53.601Z,230,12,True,False,13,0
ai_mode_sd_mm1q9uwqjekvlzsns,ai_mode,how does React state management work,US,2026-02-25T07:43:54.972Z,352,27,True,True,20,0
ai_mode_sd_mm1q9uwqjekvlzsns,ai_mode,how does OAuth 2.0 work,US,2026-02-25T07:43:56.636Z,693,93,True,False,21,6
ai_mode_sd_mm1q9uwqjekvlzsns,ai_mode,what is WebAssembly,US,2026-02-25T07:44:02.887Z,347,28,True,False,22,0
ai_mode_sd_mm1q9uwqjekvlzsns,ai_mode,best practices for database indexing,US,2026-02-25T07:44:03.287Z,373,83,True,False,15,12
ai_mode_sd_mm1q9uwqjekvlzsns,ai_mode,how does HTTPS encryption work,US,2026-02-25T07:44:03.967Z,436,25,True,True,26,0
ai_mode_sd_mm1q9uwqjekvlzsns,ai_mode,what is CI/CD pipeline,US,2026-02-25T07:44:08.716Z,338,32,True,False,24,3
ai_mode_sd_mm1q9uwqjekvlzsns,ai_mode,how does rate limiting work in APIs,US,2026-02-25T07:44:54.574Z,472,38,True,False,24,1
ai_mode_sd_mm1q9vi52pqkijd2iv,ai_mode,how does term life insurance work,US,2026-02-25T07:43:46.879Z,421,29,True,True,19,0
ai_mode_sd_mm1q9vi52pqkijd2iv,ai_mode,how does load balancing work,US,2026-02-25T07:43:54.084Z,416,31,True,False,21,2
ai_mode_sd_mm1q9vi52pqkijd2iv,ai_mode,how does Redis caching work,US,2026-02-25T07:43:56.748Z,653,60,True,False,19,6
ai_mode_sd_mm1q9vi52pqkijd2iv,ai_mode,how does browser rendering work,US,2026-02-25T07:43:58.890Z,584,56,True,False,20,6
ai_mode_sd_mm1q9vi52pqkijd2iv,ai_mode,what is machine learning overfitting,US,2026-02-25T07:43:59.067Z,331,22,True,False,23,3
ai_mode_sd_mm1q9vi52pqkijd2iv,ai_mode,best practices for web security,US,2026-02-25T07:44:00.139Z,660,63,True,False,23,6
ai_mode_sd_mm1q9vi52pqkijd2iv,ai_mode,how does a hash table work,US,2026-02-25T07:44:02.736Z,428,36,True,False,20,1
ai_mode_sd_mm1q9vi52pqkijd2iv,ai_mode,what is the difference between stack and heap memory,US,2026-02-25T07:44:03.022Z,589,46,True,True,14,6
ai_mode_sd_mm1q9vi52pqkijd2iv,ai_mode,what is TypeScript and why use it,US,2026-02-25T07:44:03.718Z,359,15,True,True,23,0
ai_mode_sd_mm1q9vi52pqkijd2iv,ai_mode,what is the difference between SSD and HDD,US,2026-02-25T07:44:06.190Z,469,27,True,True,19,0
ai_mode_sd_mm1q9w3o1y8ef51s95,ai_mode,how to calculate net worth,US,2026-02-25T07:43:50.037Z,371,26,True,False,26,0
ai_mode_sd_mm1q9w3o1y8ef51s95,ai_mode,what is dollar cost averaging,US,2026-02-25T07:43:52.526Z,398,26,True,False,20,1
ai_mode_sd_mm1q9w3o1y8ef51s95,ai_mode,how does capital gains tax work,US,2026-02-25T07:43:53.147Z,474,22,True,True,26,1
ai_mode_sd_mm1q9w3o1y8ef51s95,ai_mode,what is a home equity loan vs HELOC,US,2026-02-25T07:43:54.777Z,454,32,True,True,36,0
ai_mode_sd_mm1q9w3o1y8ef51s95,ai_mode,what is the difference between stocks and bonds,US,2026-02-25T07:43:54.876Z,364,22,True,True,23,0
ai_mode_sd_mm1q9w3o1y8ef51s95,ai_mode,what is a good debt-to-income ratio,US,2026-02-25T07:43:55.118Z,329,26,True,False,22,3
ai_mode_sd_mm1q9w3o1y8ef51s95,ai_mode,how does index fund investing work,US,2026-02-25T07:43:57.439Z,462,30,True,True,19,0
ai_mode_sd_mm1q9w3o1y8ef51s95,ai_mode,how to pay off student loans faster,US,2026-02-25T07:43:59.121Z,409,33,True,False,20,2
ai_mode_sd_mm1q9w3o1y8ef51s95,ai_mode,what is the difference between chapter 7 and chapter 13 bankruptcy,US,2026-02-25T07:44:00.723Z,370,23,True,True,22,2
ai_mode_sd_mm1q9w3o1y8ef51s95,ai_mode,how does a health savings account work,US,2026-02-25T07:44:08.876Z,388,30,True,True,30,0
ai_mode_sd_mm1q9wp8yzxvyiwql,ai_mode,what is an ETF and how does it work,US,2026-02-25T07:43:48.744Z,520,32,True,True,21,1
ai_mode_sd_mm1q9wp8yzxvyiwql,ai_mode,what is private mortgage insurance,US,2026-02-25T07:43:49.955Z,288,27,True,False,17,3
ai_mode_sd_mm1q9wp8yzxvyiwql,ai_mode,what are tax deductions vs tax credits,US,2026-02-25T07:43:49.980Z,318,22,True,True,15,4
ai_mode_sd_mm1q9wp8yzxvyiwql,ai_mode,how does a balance transfer work,US,2026-02-25T07:43:52.502Z,389,25,True,False,22,0
ai_mode_sd_mm1q9wp8yzxvyiwql,ai_mode,what is the 4 percent rule for retirement,US,2026-02-25T07:43:53.365Z,379,26,True,False,24,1
ai_mode_sd_mm1q9wp8yzxvyiwql,ai_mode,what is an adjustable rate mortgage,US,2026-02-25T07:43:54.264Z,395,21,True,False,20,0
ai_mode_sd_mm1q9wp8yzxvyiwql,ai_mode,how to save for retirement in your 30s,US,2026-02-25T07:43:54.534Z,374,18,True,True,28,1
ai_mode_sd_mm1q9wp8yzxvyiwql,ai_mode,how does margin trading work,US,2026-02-25T07:43:56.878Z,430,31,True,True,18,2
ai_mode_sd_mm1q9wp8yzxvyiwql,ai_mode,how to create a debt snowball plan,US,2026-02-25T07:44:02.445Z,282,28,True,False,19,3
ai_mode_sd_mm1q9wp8yzxvyiwql,ai_mode,how to invest in real estate with little money,US,2026-02-25T07:44:05.063Z,577,34,True,True,17,2
ai_mode_sd_mm1q9xae1qo3vxoovs,ai_mode,what is a fiduciary financial advisor,US,2026-02-25T07:43:48.482Z,316,27,True,True,15,3
ai_mode_sd_mm1q9xae1qo3vxoovs,ai_mode,how does real estate appreciation work,US,2026-02-25T07:43:54.069Z,360,24,True,False,23,0
ai_mode_sd_mm1q9xae1qo3vxoovs,ai_mode,what is a target date fund,US,2026-02-25T07:43:54.095Z,312,23,True,False,15,1
ai_mode_sd_mm1q9xae1qo3vxoovs,ai_mode,how does options trading work,US,2026-02-25T07:43:54.966Z,447,29,True,True,28,0
ai_mode_sd_mm1q9xae1qo3vxoovs,ai_mode,how to build wealth in your 20s,US,2026-02-25T07:43:56.549Z,513,32,True,False,28,0
ai_mode_sd_mm1q9xae1qo3vxoovs,ai_mode,what is a dividend reinvestment plan,US,2026-02-25T07:44:06.042Z,351,26,True,True,18,3
ai_mode_sd_mm1q9xae1qo3vxoovs,ai_mode,how to negotiate a lower interest rate on credit card,US,2026-02-25T07:44:07.007Z,393,31,True,False,23,2
ai_mode_sd_mm1q9xae1qo3vxoovs,ai_mode,what is the difference between gross and net income,US,2026-02-25T07:44:12.429Z,313,21,True,True,19,0
ai_mode_sd_mm1q9xae1qo3vxoovs,ai_mode,how does Social Security work,US,2026-02-25T07:44:13.770Z,400,28,True,False,21,0
ai_mode_sd_mm1q9xae1qo3vxoovs,ai_mode,what causes stock market crashes,US,2026-02-25T07:44:21.863Z,455,27,True,True,22,1
ai_mode_sd_mm1q9xvir08ib599l,ai_mode,what is umbrella insurance,US,2026-02-25T07:43:47.576Z,335,20,True,False,25,0
ai_mode_sd_mm1q9xvir08ib599l,ai_mode,how does peer to peer lending work,US,2026-02-25T07:43:52.433Z,433,34,True,True,28,0
ai_mode_sd_mm1q9xvir08ib599l,ai_mode,what is the difference between active and passive investing,US,2026-02-25T07:43:58.308Z,327,25,True,False,19,3
ai_mode_sd_mm1q9xvir08ib599l,ai_mode,how to ask for a promotion,US,2026-02-25T07:44:00.170Z,368,25,True,False,23,0
ai_mode_sd_mm1q9xvir08ib599l,ai_mode,how to deal with a difficult coworker,US,2026-02-25T07:44:01.242Z,281,18,True,False,21,0
ai_mode_sd_mm1q9xvir08ib599l,ai_mode,what is emotional intelligence in the workplace,US,2026-02-25T07:44:01.259Z,458,23,True,False,29,0
ai_mode_sd_mm1q9xvir08ib599l,ai_mode,how to file taxes for the first time,US,2026-02-25T07:44:05.324Z,339,35,True,False,20,4
ai_mode_sd_mm1q9xvir08ib599l,ai_mode,how to transition careers without experience,US,2026-02-25T07:44:05.801Z,544,33,True,False,21,1
ai_mode_sd_mm1q9xvir08ib599l,ai_mode,what are the best remote work jobs,US,2026-02-25T07:44:06.626Z,363,27,True,False,34,0
ai_mode_sd_mm1q9xvir08ib599l,ai_mode,what is the difference between hard skills and soft skills,US,2026-02-25T07:44:10.777Z,287,21,True,True,14,1
ai_mode_sd_mm1q9yh7xyrkuw4xj,ai_mode,how to deal with burnout at work,US,2026-02-25T07:43:56.711Z,753,72,True,False,35,6
ai_mode_sd_mm1q9yh7xyrkuw4xj,ai_mode,how to build a personal brand on LinkedIn,US,2026-02-25T07:44:02.235Z,494,39,True,False,19,1
ai_mode_sd_mm1q9yh7xyrkuw4xj,ai_mode,what is the difference between a resume and a CV,US,2026-02-25T07:44:02.255Z,373,32,True,True,22,2
ai_mode_sd_mm1q9yh7xyrkuw4xj,ai_mode,how to become a UX designer with no experience,US,2026-02-25T07:44:03.634Z,85,11,True,False,0,4
ai_mode_sd_mm1q9yh7xyrkuw4xj,ai_mode,what is the best way to find a job in 2024,US,2026-02-25T07:44:05.312Z,646,62,True,False,24,10
ai_mode_sd_mm1q9yh7xyrkuw4xj,ai_mode,what is work-life balance and how to achieve it,US,2026-02-25T07:44:05.334Z,583,61,True,False,22,9
ai_mode_sd_mm1q9yh7xyrkuw4xj,ai_mode,what is a performance improvement plan,US,2026-02-25T07:44:06.593Z,355,20,True,False,21,0
ai_mode_sd_mm1q9yh7xyrkuw4xj,ai_mode,how to negotiate a job offer,US,2026-02-25T07:44:07.350Z,563,38,True,False,26,3
ai_mode_sd_mm1q9yh7xyrkuw4xj,ai_mode,what are the best high paying jobs without a degree,US,2026-02-25T07:44:11.947Z,496,31,True,True,21,0
ai_mode_sd_mm1q9yh7xyrkuw4xj,ai_mode,how to become a project manager,US,2026-02-25T07:44:12.401Z,382,26,True,False,29,1
ai_mode_sd_mm1q9z2e1extd42yzj,ai_mode,what is a side hustle and how to start one,US,2026-02-25T07:43:54.704Z,297,33,True,False,18,2
ai_mode_sd_mm1q9z2e1extd42yzj,ai_mode,what is upskilling and why does it matter,US,2026-02-25T07:44:00.110Z,327,19,True,False,18,0
ai_mode_sd_mm1q9z2e1extd42yzj,ai_mode,what is the gig economy and is it worth it,US,2026-02-25T07:44:00.852Z,363,21,True,False,22,0
ai_mode_sd_mm1q9z2e1extd42yzj,ai_mode,how to write a LinkedIn profile summary,US,2026-02-25T07:44:01.431Z,409,31,True,False,20,0
ai_mode_sd_mm1q9z2e1extd42yzj,ai_mode,how to give constructive feedback at work,US,2026-02-25T07:44:05.573Z,397,38,True,False,22,1
ai_mode_sd_mm1q9z2e1extd42yzj,ai_mode,how to handle a layoff,US,2026-02-25T07:44:07.902Z,696,78,True,False,23,8
ai_mode_sd_mm1q9z2e1extd42yzj,ai_mode,how to get a job at a top tech company,US,2026-02-25T07:44:08.852Z,500,38,True,False,35,2
ai_mode_sd_mm1q9z2e1extd42yzj,ai_mode,what makes a good manager,US,2026-02-25T07:44:10.564Z,318,24,True,False,21,1
ai_mode_sd_mm1q9z2e1extd42yzj,ai_mode,what skills do employers look for most,US,2026-02-25T07:44:12.628Z,433,26,True,False,23,2
ai_mode_sd_mm1q9z2e1extd42yzj,ai_mode,how to become a data scientist,US,2026-02-25T07:44:24.731Z,381,28,True,False,19,1
ai_mode_sd_mm1q9zn9hlbbleq2v,ai_mode,how to improve time management skills,US,2026-02-25T07:43:56.529Z,386,30,True,False,23,0
ai_mode_sd_mm1q9zn9hlbbleq2v,ai_mode,what is organizational culture,US,2026-02-25T07:44:01.144Z,494,25,True,True,21,0
ai_mode_sd_mm1q9zn9hlbbleq2v,ai_mode,how to build confidence at work,US,2026-02-25T07:44:02.719Z,350,21,True,False,25,0
ai_mode_sd_mm1q9zn9hlbbleq2v,ai_mode,best certifications for career advancement in tech,US,2026-02-25T07:44:04.220Z,361,29,True,False,35,2
ai_mode_sd_mm1q9zn9hlbbleq2v,ai_mode,how to network when you are introverted,US,2026-02-25T07:44:05.208Z,737,59,True,False,22,6
ai_mode_sd_mm1q9zn9hlbbleq2v,ai_mode,what are the benefits of mentorship,US,2026-02-25T07:44:06.077Z,327,47,True,False,23,18
ai_mode_sd_mm1q9zn9hlbbleq2v,ai_mode,how to become a freelancer,US,2026-02-25T07:44:07.514Z,782,68,True,False,26,8
ai_mode_sd_mm1q9zn9hlbbleq2v,ai_mode,what is the difference between leadership and management,US,2026-02-25T07:44:09.928Z,345,21,True,True,19,2
ai_mode_sd_mm1q9zn9hlbbleq2v,ai_mode,what is professional development,US,2026-02-25T07:44:17.924Z,309,43,True,False,20,9
ai_mode_sd_mm1q9zn9hlbbleq2v,ai_mode,how to create a 5-year career plan,US,2026-02-25T07:44:19.670Z,486,37,True,False,20,0
ai_mode_sd_mm1qa08g4ybujmv0c,ai_mode,best travel insurance companies,US,2026-02-25T07:43:56.794Z,319,30,True,False,20,8
ai_mode_sd_mm1qa08g4ybujmv0c,ai_mode,how to avoid jet lag,US,2026-02-25T07:43:57.696Z,646,63,True,False,21,7
ai_mode_sd_mm1qa08g4ybujmv0c,ai_mode,what is travel hacking with credit card points,US,2026-02-25T07:44:02.097Z,339,22,True,False,16,1
ai_mode_sd_mm1qa08g4ybujmv0c,ai_mode,how to stay safe when traveling alone,US,2026-02-25T07:44:06.127Z,701,93,True,False,34,23
ai_mode_sd_mm1qa08g4ybujmv0c,ai_mode,best countries for digital nomads,US,2026-02-25T07:44:10.111Z,735,129,False,True,27,75
ai_mode_sd_mm1qa08g4ybujmv0c,ai_mode,what is the difference between visa types,US,2026-02-25T07:44:13.881Z,656,99,True,True,20,7
ai_mode_sd_mm1qa08g4ybujmv0c,ai_mode,how to travel cheaply around the world,US,2026-02-25T07:44:15.315Z,655,72,True,False,25,14
ai_mode_sd_mm1qa08g4ybujmv0c,ai_mode,best places to visit in Europe on a budget,US,2026-02-25T07:44:18.568Z,993,136,True,True,24,74
ai_mode_sd_mm1qa08g4ybujmv0c,ai_mode,what documents do you need to travel internationally,US,2026-02-25T07:44:24.244Z,401,29,True,False,18,1
ai_mode_sd_mm1qa08g4ybujmv0c,ai_mode,how to ace a technical interview,US,2026-02-25T07:44:24.570Z,610,61,True,True,30,8
ai_mode_sd_mm1qa0zk2nonlkbfp2,ai_mode,how to find cheap flights,US,2026-02-25T07:44:01.179Z,391,42,True,False,28,5
ai_mode_sd_mm1qa0zk2nonlkbfp2,ai_mode,what vaccinations do you need for international travel,US,2026-02-25T07:44:02.342Z,386,37,True,True,26,3
ai_mode_sd_mm1qa0zk2nonlkbfp2,ai_mode,what is slow travel,US,2026-02-25T07:44:04.623Z,722,73,True,False,24,12
ai_mode_sd_mm1qa0zk2nonlkbfp2,ai_mode,what to do if your passport is stolen abroad,US,2026-02-25T07:44:07.714Z,690,172,True,False,21,8
ai_mode_sd_mm1qa0zk2nonlkbfp2,ai_mode,best time to visit Japan,US,2026-02-25T07:44:08.172Z,800,53,True,True,22,7
ai_mode_sd_mm1qa0zk2nonlkbfp2,ai_mode,how does travel rewards credit card work,US,2026-02-25T07:44:08.506Z,432,35,True,False,20,0
ai_mode_sd_mm1qa0zk2nonlkbfp2,ai_mode,best carry on luggage for frequent flyers,US,2026-02-25T07:44:11.837Z,789,78,True,False,21,14
ai_mode_sd_mm1qa0zk2nonlkbfp2,ai_mode,how to pack light for a long trip,US,2026-02-25T07:44:13.781Z,748,70,True,False,28,9
ai_mode_sd_mm1qa0zk2nonlkbfp2,ai_mode,best countries to retire abroad,US,2026-02-25T07:44:41.162Z,837,146,True,False,14,76
ai_mode_sd_mm1qa0zk2nonlkbfp2,ai_mode,best apps for traveling internationally,US,2026-02-25T07:45:13.397Z,670,70,True,False,28,9
ai_mode_sd_mm1qa1mcchhsp4ynb,ai_mode,what is a travel itinerary and how to plan one,US,2026-02-25T07:44:02.320Z,40,3,False,False,0,0
ai_mode_sd_mm1qa1mcchhsp4ynb,ai_mode,how to travel solo safely as a woman,US,2026-02-25T07:44:05.988Z,640,73,True,False,24,9
ai_mode_sd_mm1qa1mcchhsp4ynb,ai_mode,what are the most underrated travel destinations,US,2026-02-25T07:44:08.324Z,462,75,True,False,28,65
ai_mode_sd_mm1qa1mcchhsp4ynb,ai_mode,best way to exchange currency when traveling,US,2026-02-25T07:44:08.804Z,411,27,True,False,22,0
ai_mode_sd_mm1qa1mcchhsp4ynb,ai_mode,how to get global entry and TSA precheck,US,2026-02-25T07:44:09.486Z,596,94,True,False,29,10
ai_mode_sd_mm1qa1mcchhsp4ynb,ai_mode,how to season a cast iron skillet,US,2026-02-25T07:44:10.276Z,804,66,True,False,24,7
ai_mode_sd_mm1qa1mcchhsp4ynb,ai_mode,what is the difference between baking soda and baking powder,US,2026-02-25T07:44:10.433Z,379,20,True,False,18,0
ai_mode_sd_mm1qa1mcchhsp4ynb,ai_mode,how to travel with dietary restrictions,US,2026-02-25T07:44:23.253Z,357,50,True,False,26,12
ai_mode_sd_mm1qa1mcchhsp4ynb,ai_mode,best meal prep ideas for the week,US,2026-02-25T07:44:35.357Z,669,57,True,True,28,6
ai_mode_sd_mm1qa1mcchhsp4ynb,ai_mode,how to make sourdough bread from scratch,US,2026-02-25T07:44:36.025Z,761,64,True,False,30,6
ai_mode_sd_mm1qa25v1nhjkrsq8y,ai_mode,how to reduce food waste at home,US,2026-02-25T07:44:01.257Z,50,6,False,False,0,0
ai_mode_sd_mm1qa25v1nhjkrsq8y,ai_mode,how to meal prep for a week on a budget,US,2026-02-25T07:44:01.879Z,448,24,True,True,24,2
ai_mode_sd_mm1qa25v1nhjkrsq8y,ai_mode,best high protein meals for muscle building,US,2026-02-25T07:44:03.664Z,354,35,True,False,14,8
ai_mode_sd_mm1qa25v1nhjkrsq8y,ai_mode,what is the difference between vegan and plant-based diet,US,2026-02-25T07:44:06.229Z,601,65,True,True,24,7
ai_mode_sd_mm1qa25v1nhjkrsq8y,ai_mode,best fermented foods for gut health,US,2026-02-25T07:44:07.380Z,735,86,True,False,18,11
ai_mode_sd_mm1qa25v1nhjkrsq8y,ai_mode,how to make homemade pasta,US,2026-02-25T07:44:07.832Z,596,88,True,False,21,11
ai_mode_sd_mm1qa25v1nhjkrsq8y,ai_mode,what is the glycemic index of foods,US,2026-02-25T07:44:07.921Z,334,43,True,False,20,8
ai_mode_sd_mm1qa25v1nhjkrsq8y,ai_mode,what are the healthiest cooking oils,US,2026-02-25T07:44:07.954Z,767,62,True,False,18,6
ai_mode_sd_mm1qa25v1nhjkrsq8y,ai_mode,how long does cooked chicken last in the fridge,US,2026-02-25T07:44:13.448Z,423,36,True,True,9,4
ai_mode_sd_mm1qa25v1nhjkrsq8y,ai_mode,what is the difference between stock and broth,US,2026-02-25T07:44:14.854Z,302,15,True,True,17,2
ai_mode_sd_mm1qa2ql124qm48wwt,ai_mode,what are the best anti-inflammatory foods,US,2026-02-25T07:43:57.408Z,359,19,True,False,22,1
ai_mode_sd_mm1qa2ql124qm48wwt,ai_mode,what is intuitive eating,US,2026-02-25T07:44:08.587Z,416,31,True,False,26,0
ai_mode_sd_mm1qa2ql124qm48wwt,ai_mode,best foods to eat before a workout,US,2026-02-25T07:44:09.014Z,563,54,True,False,18,6
ai_mode_sd_mm1qa2ql124qm48wwt,ai_mode,how does food coloring affect children,US,2026-02-25T07:44:09.835Z,654,76,True,False,21,9
ai_mode_sd_mm1qa2ql124qm48wwt,ai_mode,what is the carnivore diet,US,2026-02-25T07:44:10.939Z,380,29,True,False,27,2
ai_mode_sd_mm1qa2ql124qm48wwt,ai_mode,how to preserve food without refrigeration,US,2026-02-25T07:44:15.684Z,589,68,True,False,36,11
ai_mode_sd_mm1qa2ql124qm48wwt,ai_mode,best meal delivery kits comparison,US,2026-02-25T07:44:16.198Z,692,90,True,False,30,15
ai_mode_sd_mm1qa2ql124qm48wwt,ai_mode,how to read a food nutrition label,US,2026-02-25T07:44:19.093Z,533,59,True,False,20,6
ai_mode_sd_mm1qa2ql124qm48wwt,ai_mode,what are superfoods and are they real,US,2026-02-25T07:44:20.800Z,335,21,True,False,21,2
ai_mode_sd_mm1qa2ql124qm48wwt,ai_mode,how to make cold brew coffee at home,US,2026-02-25T07:44:33.884Z,308,41,True,False,14,8
ai_mode_sd_mm1qa3ap2dffhvhhqd,ai_mode,how does small claims court work,US,2026-02-25T07:44:01.447Z,625,70,True,False,22,7
ai_mode_sd_mm1qa3ap2dffhvhhqd,ai_mode,how to file a complaint against a company,US,2026-02-25T07:44:03.164Z,713,91,True,False,21,13
ai_mode_sd_mm1qa3ap2dffhvhhqd,ai_mode,how to write a last will and testament,US,2026-02-25T07:44:03.298Z,443,32,True,False,21,2
ai_mode_sd_mm1qa3ap2dffhvhhqd,ai_mode,how to dispute a medical bill,US,2026-02-25T07:44:03.566Z,747,71,True,False,21,10
ai_mode_sd_mm1qa3ap2dffhvhhqd,ai_mode,what is power of attorney and how does it work,US,2026-02-25T07:44:05.107Z,348,27,True,False,24,1
ai_mode_sd_mm1qa3ap2dffhvhhqd,ai_mode,what is the difference between civil and criminal law,US,2026-02-25T07:44:06.174Z,399,20,True,True,21,0
ai_mode_sd_mm1qa3ap2dffhvhhqd,ai_mode,what are tenant rights when renting,US,2026-02-25T07:44:09.751Z,432,49,True,False,33,8
ai_mode_sd_mm1qa3ap2dffhvhhqd,ai_mode,how to build a healthy plate according to nutritionists,US,2026-02-25T07:44:17.382Z,575,67,True,False,20,7
ai_mode_sd_mm1qa3ap2dffhvhhqd,ai_mode,what is fair use in copyright law,US,2026-02-25T07:44:18.818Z,398,29,True,False,26,1
ai_mode_sd_mm1qa3ap2dffhvhhqd,ai_mode,what is the difference between a will and a trust,US,2026-02-25T07:44:21.988Z,330,26,True,True,24,5
ai_mode_sd_mm1qa3vt1khc6rs4j,ai_mode,what is GDPR and who does it apply to,US,2026-02-25T07:43:57.672Z,354,24,True,False,20,1
ai_mode_sd_mm1qa3vt1khc6rs4j,ai_mode,what is defamation and how to prove it,US,2026-02-25T07:43:57.751Z,373,28,True,False,21,2
ai_mode_sd_mm1qa3vt1khc6rs4j,ai_mode,how does the probate process work,US,2026-02-25T07:44:00.206Z,645,58,True,False,20,6
ai_mode_sd_mm1qa3vt1khc6rs4j,ai_mode,what are your rights if you are arrested,US,2026-02-25T07:44:03.110Z,414,22,True,False,20,0
ai_mode_sd_mm1qa3vt1khc6rs4j,ai_mode,how does workers compensation work,US,2026-02-25T07:44:04.961Z,579,63,True,False,19,7
ai_mode_sd_mm1qa3vt1khc6rs4j,ai_mode,how to sue someone in small claims court,US,2026-02-25T07:44:06.840Z,724,89,True,True,23,8
ai_mode_sd_mm1qa3vt1khc6rs4j,ai_mode,how to get out of a contract legally,US,2026-02-25T07:44:07.963Z,420,34,True,False,3,1
ai_mode_sd_mm1qa3vt1khc6rs4j,ai_mode,what is an LLC and how to form one,US,2026-02-25T07:44:09.126Z,390,35,True,False,13,2
ai_mode_sd_mm1qa3vt1khc6rs4j,ai_mode,what rights do employees have in the workplace,US,2026-02-25T07:44:09.210Z,500,53,True,False,21,7
ai_mode_sd_mm1qa3vt1khc6rs4j,ai_mode,how to protect your intellectual property,US,2026-02-25T07:44:57.673Z,356,43,True,False,0,8
ai_mode_sd_mm1qa4gvbjawaaq1n,ai_mode,what is the statute of limitations,US,2026-02-25T07:43:58.298Z,404,30,True,False,19,2
ai_mode_sd_mm1qa4gvbjawaaq1n,ai_mode,how does medical malpractice work,US,2026-02-25T07:43:59.041Z,647,78,True,False,24,9
ai_mode_sd_mm1qa4gvbjawaaq1n,ai_mode,what is the difference between a misdemeanor and a felony,US,2026-02-25T07:44:08.723Z,278,15,True,False,20,0
ai_mode_sd_mm1qa4gvbjawaaq1n,ai_mode,how to build muscle as a beginner,US,2026-02-25T07:44:10.018Z,338,35,True,False,21,6
ai_mode_sd_mm1qa4gvbjawaaq1n,ai_mode,what is a non-disclosure agreement,US,2026-02-25T07:44:10.033Z,378,27,True,False,19,0
ai_mode_sd_mm1qa4gvbjawaaq1n,ai_mode,how many calories should I eat to lose weight,US,2026-02-25T07:44:10.139Z,548,66,True,False,19,8
ai_mode_sd_mm1qa4gvbjawaaq1n,ai_mode,what is progressive overload in weightlifting,US,2026-02-25T07:44:11.683Z,339,24,True,False,22,0
ai_mode_sd_mm1qa4gvbjawaaq1n,ai_mode,how to dispute a credit report error,US,2026-02-25T07:44:11.791Z,392,64,True,True,23,4
ai_mode_sd_mm1qa4gvbjawaaq1n,ai_mode,best workout routine for weight loss,US,2026-02-25T07:44:11.961Z,669,43,True,True,17,6
ai_mode_sd_mm1qa4gvbjawaaq1n,ai_mode,how to trademark a business name,US,2026-02-25T07:44:17.787Z,597,86,True,False,14,9
ai_mode_sd_mm1qa51azryvnevf7,ai_mode,how to stretch properly before and after exercise,US,2026-02-25T07:44:00.243Z,666,74,True,False,19,12
ai_mode_sd_mm1qa51azryvnevf7,ai_mode,how does protein synthesis work in muscles,US,2026-02-25T07:44:06.556Z,450,33,True,False,26,2
ai_mode_sd_mm1qa51azryvnevf7,ai_mode,what is the difference between free weights and machines,US,2026-02-25T07:44:09.254Z,370,29,True,True,19,2
ai_mode_sd_mm1qa51azryvnevf7,ai_mode,how to improve running endurance,US,2026-02-25T07:44:10.237Z,336,28,True,False,28,4
ai_mode_sd_mm1qa51azryvnevf7,ai_mode,what is the best time of day to work out,US,2026-02-25T07:44:11.401Z,385,21,True,True,17,3
ai_mode_sd_mm1qa51azryvnevf7,ai_mode,what is the difference between cardio and HIIT,US,2026-02-25T07:44:11.708Z,298,20,True,False,14,2
ai_mode_sd_mm1qa51azryvnevf7,ai_mode,how to train for a marathon as a beginner,US,2026-02-25T07:44:13.393Z,401,43,True,False,27,5
ai_mode_sd_mm1qa51azryvnevf7,ai_mode,best supplements for muscle growth,US,2026-02-25T07:44:15.665Z,731,68,True,True,19,8
ai_mode_sd_mm1qa51azryvnevf7,ai_mode,best home workout equipment on a budget,US,2026-02-25T07:44:19.588Z,614,40,True,True,29,10
ai_mode_sd_mm1qa51azryvnevf7,ai_mode,how to fix bad posture from sitting,US,2026-02-25T07:44:22.270Z,658,56,True,False,22,7
ai_mode_sd_mm1qa5m68y47wpsq9,ai_mode,how to recover from overtraining,US,2026-02-25T07:44:02.500Z,367,34,True,False,24,2
ai_mode_sd_mm1qa5m68y47wpsq9,ai_mode,how to lose belly fat effectively,US,2026-02-25T07:44:03.978Z,661,64,True,False,29,6
ai_mode_sd_mm1qa5m68y47wpsq9,ai_mode,what is the best exercise for mental health,US,2026-02-25T07:44:05.676Z,565,67,True,False,20,8
ai_mode_sd_mm1qa5m68y47wpsq9,ai_mode,best exercises for lower back pain,US,2026-02-25T07:44:07.278Z,401,23,True,False,34,0
ai_mode_sd_mm1qa5m68y47wpsq9,ai_mode,what is a caloric deficit and how to calculate it,US,2026-02-25T07:44:08.584Z,518,35,True,False,20,0
ai_mode_sd_mm1qa5m68y47wpsq9,ai_mode,what causes delayed onset muscle soreness,US,2026-02-25T07:44:09.535Z,270,21,True,False,17,1
ai_mode_sd_mm1qa5m68y47wpsq9,ai_mode,best exercises for core strength,US,2026-02-25T07:44:11.064Z,719,55,True,True,18,7
ai_mode_sd_mm1qa5m68y47wpsq9,ai_mode,how does zone 2 cardio training work,US,2026-02-25T07:44:11.146Z,325,20,True,False,20,3
ai_mode_sd_mm1qa5m68y47wpsq9,ai_mode,how to create a workout schedule,US,2026-02-25T07:44:13.506Z,378,36,True,False,23,1
ai_mode_sd_mm1qa5m68y47wpsq9,ai_mode,how to improve flexibility and mobility,US,2026-02-25T07:44:21.894Z,638,60,True,True,17,10
ai_mode_sd_mm1qa66a19twikv6f4,ai_mode,what is the difference between aerobic and anaerobic exercise,US,2026-02-25T07:44:04.395Z,573,57,True,True,21,10
ai_mode_sd_mm1qa66a19twikv6f4,ai_mode,what age should kids start learning to read,US,2026-02-25T07:44:08.097Z,397,26,True,False,17,2
ai_mode_sd_mm1qa66a19twikv6f4,ai_mode,how much screen time is too much for kids,US,2026-02-25T07:44:08.454Z,563,49,True,False,26,8
ai_mode_sd_mm1qa66a19twikv6f4,ai_mode,what is gentle parenting,US,2026-02-25T07:44:11.558Z,387,30,True,False,22,2
ai_mode_sd_mm1qa66a19twikv6f4,ai_mode,how to handle a toddler meltdown,US,2026-02-25T07:44:11.671Z,650,66,True,False,28,8
ai_mode_sd_mm1qa66a19twikv6f4,ai_mode,how to talk to kids about death,US,2026-02-25T07:44:15.043Z,732,102,True,True,27,14
ai_mode_sd_mm1qa66a19twikv6f4,ai_mode,how to raise financially responsible children,US,2026-02-25T07:44:20.562Z,407,21,True,True,22,1
ai_mode_sd_mm1qa66a19twikv6f4,ai_mode,what is the difference between authoritative and authoritarian parenting,US,2026-02-25T07:44:24.913Z,492,54,True,True,18,7
ai_mode_sd_mm1qa66a19twikv6f4,ai_mode,best books for new parents,US,2026-02-25T07:44:30.752Z,880,131,True,False,33,57
ai_mode_sd_mm1qa66a19twikv6f4,ai_mode,best ways to discipline a child without yelling,US,2026-02-25T07:44:41.709Z,451,33,True,True,25,0
ai_mode_sd_mm1qa6ryt0jpyt6do,ai_mode,what are signs of ADHD in children,US,2026-02-25T07:44:07.634Z,478,34,True,False,30,1
ai_mode_sd_mm1qa6ryt0jpyt6do,ai_mode,what are the stages of child development,US,2026-02-25T07:44:14.586Z,385,24,True,False,29,0
ai_mode_sd_mm1qa6ryt0jpyt6do,ai_mode,how to co-parent effectively after divorce,US,2026-02-25T07:44:15.854Z,688,59,True,False,17,7
ai_mode_sd_mm1qa6ryt0jpyt6do,ai_mode,how to talk to teens about social media,US,2026-02-25T07:44:15.885Z,443,28,True,False,23,0
ai_mode_sd_mm1qa6ryt0jpyt6do,ai_mode,how to prepare a child for a new sibling,US,2026-02-25T07:44:16.199Z,512,38,True,True,28,5
ai_mode_sd_mm1qa6ryt0jpyt6do,ai_mode,best educational apps for kids,US,2026-02-25T07:44:17.049Z,355,30,True,True,26,3
ai_mode_sd_mm1qa6ryt0jpyt6do,ai_mode,what is attachment theory in child development,US,2026-02-25T07:44:22.283Z,462,29,True,True,19,0
ai_mode_sd_mm1qa6ryt0jpyt6do,ai_mode,what is helicopter parenting and its effects,US,2026-02-25T07:44:28.719Z,359,18,True,False,20,0
ai_mode_sd_mm1qa6ryt0jpyt6do,ai_mode,how to help a child with anxiety,US,2026-02-25T07:44:30.549Z,497,25,True,False,29,0
ai_mode_sd_mm1qa6ryt0jpyt6do,ai_mode,how to encourage a growth mindset in children,US,2026-02-25T07:44:33.315Z,307,20,True,False,23,3
ai_mode_sd_mm1qa7d7fdsikj5da,ai_mode,how did the civil rights movement change America,US,2026-02-25T07:44:09.175Z,388,33,True,False,21,5
ai_mode_sd_mm1qa7d7fdsikj5da,ai_mode,how did World War 1 start,US,2026-02-25T07:44:09.695Z,432,40,True,True,31,0
ai_mode_sd_mm1qa7d7fdsikj5da,ai_mode,what was the Manhattan Project,US,2026-02-25T07:44:10.622Z,293,30,True,False,18,2
ai_mode_sd_mm1qa7d7fdsikj5da,ai_mode,what caused the fall of the Roman Empire,US,2026-02-25T07:44:11.783Z,735,39,True,True,46,0
ai_mode_sd_mm1qa7d7fdsikj5da,ai_mode,how did the Cold War end,US,2026-02-25T07:44:12.852Z,383,25,True,False,17,0
ai_mode_sd_mm1qa7d7fdsikj5da,ai_mode,how to stop a child from lying,US,2026-02-25T07:44:12.930Z,517,69,True,False,18,15
ai_mode_sd_mm1qa7d7fdsikj5da,ai_mode,how did the Industrial Revolution change society,US,2026-02-25T07:44:13.617Z,233,13,True,False,11,0
ai_mode_sd_mm1qa7d7fdsikj5da,ai_mode,what was the significance of the printing press,US,2026-02-25T07:44:14.600Z,403,24,True,False,22,1
ai_mode_sd_mm1qa7d7fdsikj5da,ai_mode,what caused the Great Depression,US,2026-02-25T07:44:16.941Z,360,22,True,False,18,1
ai_mode_sd_mm1qa7d7fdsikj5da,ai_mode,what was the significance of the Magna Carta,US,2026-02-25T07:44:19.674Z,355,20,True,False,17,2
ai_mode_sd_mm1qa7xl1wwcf46fa8,ai_mode,how did slavery shape the American economy,US,2026-02-25T07:44:08.920Z,620,35,True,True,34,0
ai_mode_sd_mm1qa7xl1wwcf46fa8,ai_mode,what was the significance of the moon landing,US,2026-02-25T07:44:10.595Z,320,32,True,False,20,8
ai_mode_sd_mm1qa7xl1wwcf46fa8,ai_mode,how did the internet change the world,US,2026-02-25T07:44:13.912Z,413,26,True,False,29,1
ai_mode_sd_mm1qa7xl1wwcf46fa8,ai_mode,what was the significance of the Treaty of Versailles,US,2026-02-25T07:44:15.958Z,475,33,True,True,43,0
ai_mode_sd_mm1qa7xl1wwcf46fa8,ai_mode,how did the French Revolution start,US,2026-02-25T07:44:16.505Z,405,33,True,False,23,3
ai_mode_sd_mm1qa7xl1wwcf46fa8,ai_mode,how did the Black Death change Europe,US,2026-02-25T07:44:19.119Z,381,20,True,False,21,0
ai_mode_sd_mm1qa7xl1wwcf46fa8,ai_mode,how did colonialism shape the modern world,US,2026-02-25T07:44:19.919Z,451,26,True,False,25,0
ai_mode_sd_mm1qa7xl1wwcf46fa8,ai_mode,what is the history of the United Nations,US,2026-02-25T07:44:23.843Z,373,25,True,False,18,4
ai_mode_sd_mm1qa7xl1wwcf46fa8,ai_mode,what was the Berlin Wall and why was it built,US,2026-02-25T07:44:24.121Z,331,20,True,False,18,0
ai_mode_sd_mm1qa7xl1wwcf46fa8,ai_mode,what caused World War 2,US,2026-02-25T07:44:58.940Z,607,42,True,True,24,13
ai_mode_sd_mm1qa8iu21pa4o8n6t,ai_mode,how does the gut-brain axis work,US,2026-02-25T07:44:05.055Z,455,25,True,False,29,0
ai_mode_sd_mm1qa8iu21pa4o8n6t,ai_mode,how does mRNA vaccine technology work,US,2026-02-25T07:44:08.643Z,415,28,True,False,26,2
ai_mode_sd_mm1qa8iu21pa4o8n6t,ai_mode,what is epigenetics,US,2026-02-25T07:44:11.086Z,439,28,True,False,26,2
ai_mode_sd_mm1qa8iu21pa4o8n6t,ai_mode,how does evolution work,US,2026-02-25T07:44:13.536Z,392,26,True,False,28,2
ai_mode_sd_mm1qa8iu21pa4o8n6t,ai_mode,what is the difference between nuclear fission and fusion,US,2026-02-25T07:44:15.176Z,521,31,True,True,40,0
ai_mode_sd_mm1qa8iu21pa4o8n6t,ai_mode,what is dark matter,US,2026-02-25T07:44:19.192Z,310,23,True,False,17,3
ai_mode_sd_mm1qa8iu21pa4o8n6t,ai_mode,what is the theory of relativity explained simply,US,2026-02-25T07:44:19.710Z,455,25,True,False,22,1
ai_mode_sd_mm1qa8iu21pa4o8n6t,ai_mode,what was the space race about,US,2026-02-25T07:44:21.289Z,323,37,True,False,17,12
ai_mode_sd_mm1qa8iu21pa4o8n6t,ai_mode,how does vaccination work,US,2026-02-25T07:44:25.968Z,616,71,True,False,21,6
ai_mode_sd_mm1qa8iu21pa4o8n6t,ai_mode,how does quantum entanglement work,US,2026-02-25T07:44:28.905Z,353,27,True,False,17,4
ai_mode_sd_mm1qa98425j62iadza,ai_mode,what is antibiotic resistance,US,2026-02-25T07:44:07.792Z,425,29,True,False,25,3
ai_mode_sd_mm1qa98425j62iadza,ai_mode,how did the universe begin,US,2026-02-25T07:44:15.656Z,440,40,True,False,18,8
ai_mode_sd_mm1qa98425j62iadza,ai_mode,what is the difference between GMO and hybrid crops,US,2026-02-25T07:44:16.920Z,595,61,True,True,18,8
ai_mode_sd_mm1qa98425j62iadza,ai_mode,what is the difference between a PhD and a professional doctorate,US,2026-02-25T07:44:20.702Z,261,14,True,False,10,0
ai_mode_sd_mm1qa98425j62iadza,ai_mode,how does the human genome work,US,2026-02-25T07:44:21.425Z,535,41,True,True,47,0
ai_mode_sd_mm1qa98425j62iadza,ai_mode,how to study effectively for exams,US,2026-02-25T07:44:22.430Z,456,30,True,False,21,0
ai_mode_sd_mm1qa98425j62iadza,ai_mode,how does student loan forgiveness work,US,2026-02-25T07:44:26.114Z,455,27,True,False,27,2
ai_mode_sd_mm1qa98425j62iadza,ai_mode,what is neuroplasticity,US,2026-02-25T07:44:26.674Z,265,15,True,False,3,0
ai_mode_sd_mm1qa98425j62iadza,ai_mode,best online learning platforms comparison,US,2026-02-25T07:44:26.911Z,411,37,True,True,28,5
ai_mode_sd_mm1qa98425j62iadza,ai_mode,how does the carbon cycle work,US,2026-02-25T07:44:51.310Z,1350,72,True,True,48,0
ai_mode_sd_mm1qa9s2lqgf0bdzr,ai_mode,how to pay for college without student loans,US,2026-02-25T07:44:09.809Z,394,30,True,False,22,3
ai_mode_sd_mm1qa9s2lqgf0bdzr,ai_mode,how does the US education system compare to other countries,US,2026-02-25T07:44:14.123Z,425,52,True,True,25,2
ai_mode_sd_mm1qa9s2lqgf0bdzr,ai_mode,what are the best MOOCs for data science,US,2026-02-25T07:44:22.054Z,382,28,True,False,18,4
ai_mode_sd_mm1qa9s2lqgf0bdzr,ai_mode,what is the Socratic method of teaching,US,2026-02-25T07:44:22.776Z,391,29,True,True,20,0
ai_mode_sd_mm1qa9s2lqgf0bdzr,ai_mode,how to choose a college major,US,2026-02-25T07:44:22.814Z,494,42,True,False,22,1
ai_mode_sd_mm1qa9s2lqgf0bdzr,ai_mode,how to memorize things quickly,US,2026-02-25T07:44:22.837Z,374,27,True,False,22,0
ai_mode_sd_mm1qa9s2lqgf0bdzr,ai_mode,what is the Feynman technique for learning,US,2026-02-25T07:44:24.182Z,358,22,True,False,16,0
ai_mode_sd_mm1qa9s2lqgf0bdzr,ai_mode,what is project-based learning,US,2026-02-25T07:44:35.803Z,409,27,True,True,25,0
ai_mode_sd_mm1qa9s2lqgf0bdzr,ai_mode,what is the difference between associate and bachelor degree,US,2026-02-25T07:44:37.301Z,304,17,True,True,23,1
ai_mode_sd_mm1qa9s2lqgf0bdzr,ai_mode,how to speed read effectively,US,2026-02-25T07:44:40.186Z,402,29,True,False,19,1
ai_mode_sd_mm1qaadzv4dljdf95,ai_mode,what is the difference between fiscal and monetary policy,US,2026-02-25T07:44:08.390Z,396,20,True,True,24,1
ai_mode_sd_mm1qaadzv4dljdf95,ai_mode,how to get scholarships for college,US,2026-02-25T07:44:09.423Z,328,33,True,False,23,5
ai_mode_sd_mm1qaadzv4dljdf95,ai_mode,what is quantitative easing,US,2026-02-25T07:44:14.109Z,381,19,True,False,21,0
ai_mode_sd_mm1qaadzv4dljdf95,ai_mode,what is experiential learning,US,2026-02-25T07:44:14.189Z,326,23,True,False,25,0
ai_mode_sd_mm1qaadzv4dljdf95,ai_mode,what is GDP and how is it calculated,US,2026-02-25T07:44:18.189Z,528,32,True,False,16,2
ai_mode_sd_mm1qaadzv4dljdf95,ai_mode,what causes stagflation,US,2026-02-25T07:44:22.774Z,405,18,True,False,18,0
ai_mode_sd_mm1qaadzv4dljdf95,ai_mode,how does monetary policy affect inflation,US,2026-02-25T07:44:23.009Z,421,24,True,False,22,0
ai_mode_sd_mm1qaadzv4dljdf95,ai_mode,how does international trade work,US,2026-02-25T07:44:24.154Z,441,26,True,False,25,1
ai_mode_sd_mm1qaadzv4dljdf95,ai_mode,how does the European Central Bank work,US,2026-02-25T07:44:25.911Z,444,43,True,False,25,4
ai_mode_sd_mm1qaadzv4dljdf95,ai_mode,what is a trade deficit,US,2026-02-25T07:45:00.256Z,346,21,True,False,21,0
ai_mode_sd_mm1qab0719ceudunql,ai_mode,what is game theory in economics,US,2026-02-25T07:44:07.427Z,349,25,True,False,19,0
ai_mode_sd_mm1qab0719ceudunql,ai_mode,how do tariffs work,US,2026-02-25T07:44:15.288Z,638,77,True,False,28,6
ai_mode_sd_mm1qab0719ceudunql,ai_mode,what is the Laffer curve,US,2026-02-25T07:44:17.639Z,381,26,True,False,19,1
ai_mode_sd_mm1qab0719ceudunql,ai_mode,what is venture capital and how does it work,US,2026-02-25T07:44:17.867Z,350,22,True,False,3,0
ai_mode_sd_mm1qab0719ceudunql,ai_mode,how does the minimum wage affect the economy,US,2026-02-25T07:44:20.109Z,568,83,True,True,24,20
ai_mode_sd_mm1qab0719ceudunql,ai_mode,how does venture capital funding work,US,2026-02-25T07:44:20.885Z,502,37,True,False,26,0
ai_mode_sd_mm1qab0719ceudunql,ai_mode,how does universal basic income work,US,2026-02-25T07:44:23.114Z,484,25,True,True,34,0
ai_mode_sd_mm1qab0719ceudunql,ai_mode,what is a competitive analysis,US,2026-02-25T07:44:57.225Z,317,42,True,False,21,2
ai_mode_sd_mm1qab0719ceudunql,ai_mode,how to validate a business idea,US,2026-02-25T07:45:07.803Z,690,70,True,False,23,9
ai_mode_sd_mm1qab0719ceudunql,ai_mode,how does the debt ceiling work,US,2026-02-25T07:45:30.979Z,371,37,True,False,18,3
ai_mode_sd_mm1qabk71jm6jb22ee,ai_mode,what is the difference between sole proprietorship and LLC,US,2026-02-25T07:44:15.527Z,606,71,True,True,19,8
ai_mode_sd_mm1qabk71jm6jb22ee,ai_mode,what is a SWOT analysis,US,2026-02-25T07:44:17.252Z,374,28,True,False,21,2
ai_mode_sd_mm1qabk71jm6jb22ee,ai_mode,how to build a SaaS business,US,2026-02-25T07:44:20.046Z,717,60,True,False,23,6
ai_mode_sd_mm1qabk71jm6jb22ee,ai_mode,what is product market fit,US,2026-02-25T07:44:20.178Z,355,18,True,False,24,0
ai_mode_sd_mm1qabk71jm6jb22ee,ai_mode,how does a franchise model work,US,2026-02-25T07:44:24.719Z,397,33,True,True,23,0
ai_mode_sd_mm1qabk71jm6jb22ee,ai_mode,how to create a minimum viable product,US,2026-02-25T07:44:28.178Z,636,65,True,False,18,10
ai_mode_sd_mm1qabk71jm6jb22ee,ai_mode,what is the difference between B2B and B2C,US,2026-02-25T07:44:29.839Z,351,27,True,True,15,5
ai_mode_sd_mm1qabk71jm6jb22ee,ai_mode,how to create a pricing strategy,US,2026-02-25T07:44:34.435Z,671,99,True,False,26,11
ai_mode_sd_mm1qabk71jm6jb22ee,ai_mode,how to scale a small business,US,2026-02-25T07:44:38.179Z,475,33,True,False,24,0
ai_mode_sd_mm1qabk71jm6jb22ee,ai_mode,what is a pitch deck and what should it include,US,2026-02-25T07:44:45.809Z,388,21,True,False,3,0
ai_mode_sd_mm1qac4wsjun0tvt6,ai_mode,what is the difference between revenue and profit,US,2026-02-25T07:44:18.473Z,510,26,True,True,27,0
ai_mode_sd_mm1qac4wsjun0tvt6,ai_mode,what is influencer marketing,US,2026-02-25T07:44:18.784Z,367,29,True,False,23,0
ai_mode_sd_mm1qac4wsjun0tvt6,ai_mode,how to measure business success with KPIs,US,2026-02-25T07:44:19.047Z,378,33,True,True,23,1
ai_mode_sd_mm1qac4wsjun0tvt6,ai_mode,what is an exit strategy in business,US,2026-02-25T07:44:19.570Z,364,31,True,False,25,1
ai_mode_sd_mm1qac4wsjun0tvt6,ai_mode,what is the difference between SEO and SEM,US,2026-02-25T07:44:20.453Z,585,55,True,True,19,8
ai_mode_sd_mm1qac4wsjun0tvt6,ai_mode,how to create a social media strategy,US,2026-02-25T07:44:23.615Z,384,71,True,True,27,5
ai_mode_sd_mm1qac4wsjun0tvt6,ai_mode,how to build an email list from scratch,US,2026-02-25T07:44:34.960Z,764,73,True,False,27,7
ai_mode_sd_mm1qac4wsjun0tvt6,ai_mode,how does email marketing work,US,2026-02-25T07:44:36.282Z,377,21,True,False,19,1
ai_mode_sd_mm1qac4wsjun0tvt6,ai_mode,what is conversion rate optimization,US,2026-02-25T07:44:41.499Z,344,22,True,False,21,0
ai_mode_sd_mm1qac4wsjun0tvt6,ai_mode,how does programmatic advertising work,US,2026-02-25T07:47:56.797Z,679,75,True,False,21,8
ai_mode_sd_mm1qacpi25vq7rl5wq,ai_mode,what is cognitive behavioral therapy,US,2026-02-25T07:44:16.094Z,335,18,True,False,20,0
ai_mode_sd_mm1qacpi25vq7rl5wq,ai_mode,how to do keyword research for SEO,US,2026-02-25T07:44:16.163Z,437,43,True,False,21,3
ai_mode_sd_mm1qacpi25vq7rl5wq,ai_mode,what is affiliate marketing,US,2026-02-25T07:44:18.929Z,318,28,True,False,14,2
ai_mode_sd_mm1qacpi25vq7rl5wq,ai_mode,what is a marketing funnel,US,2026-02-25T07:44:20.105Z,394,17,True,True,20,0
ai_mode_sd_mm1qacpi25vq7rl5wq,ai_mode,how does remarketing work,US,2026-02-25T07:44:20.239Z,651,58,True,False,23,6
ai_mode_sd_mm1qacpi25vq7rl5wq,ai_mode,how does Google Ads work,US,2026-02-25T07:44:20.846Z,609,56,True,False,15,8
ai_mode_sd_mm1qacpi25vq7rl5wq,ai_mode,how to measure marketing ROI,US,2026-02-25T07:44:23.686Z,627,68,True,False,18,10
ai_mode_sd_mm1qacpi25vq7rl5wq,ai_mode,what is the difference between organic and paid social media,US,2026-02-25T07:44:23.927Z,563,49,True,True,18,6
ai_mode_sd_mm1qacpi25vq7rl5wq,ai_mode,what is brand positioning,US,2026-02-25T07:44:25.508Z,65,3,False,False,0,0
ai_mode_sd_mm1qacpi25vq7rl5wq,ai_mode,what is the difference between a landing page and homepage,US,2026-02-25T07:44:30.275Z,508,45,True,True,15,6
ai_mode_sd_mm1qad9kaut9aesco,ai_mode,what is attachment theory,US,2026-02-25T07:44:16.101Z,395,21,True,False,20,2
ai_mode_sd_mm1qad9kaut9aesco,ai_mode,how does social comparison theory work,US,2026-02-25T07:44:17.468Z,350,25,True,False,24,0
ai_mode_sd_mm1qad9kaut9aesco,ai_mode,what is the dunning-kruger effect,US,2026-02-25T07:44:17.768Z,314,18,True,False,15,1
ai_mode_sd_mm1qad9kaut9aesco,ai_mode,what is the difference between psychologist and psychiatrist,US,2026-02-25T07:44:20.350Z,556,51,True,True,28,10
ai_mode_sd_mm1qad9kaut9aesco,ai_mode,how does trauma affect the brain,US,2026-02-25T07:44:21.292Z,389,53,True,False,27,15
ai_mode_sd_mm1qad9kaut9aesco,ai_mode,how does classical conditioning work,US,2026-02-25T07:44:22.412Z,412,32,True,False,19,0
ai_mode_sd_mm1qad9kaut9aesco,ai_mode,how does confirmation bias work,US,2026-02-25T07:44:29.219Z,431,26,True,False,18,0
ai_mode_sd_mm1qad9kaut9aesco,ai_mode,how does Maslow hierarchy of needs work,US,2026-02-25T07:44:34.977Z,432,29,True,False,19,0
ai_mode_sd_mm1qad9kaut9aesco,ai_mode,what are the Big 5 personality traits,US,2026-02-25T07:44:39.615Z,331,28,True,False,16,2
ai_mode_sd_mm1qad9kaut9aesco,ai_mode,what are the stages of grief,US,2026-02-25T07:45:25.359Z,435,30,True,False,28,2
ai_mode_sd_mm1qadtj17k6muingc,ai_mode,how does therapy help with mental health,US,2026-02-25T07:44:09.092Z,267,15,True,False,22,2
ai_mode_sd_mm1qadtj17k6muingc,ai_mode,what is emotional regulation and how to improve it,US,2026-02-25T07:44:12.652Z,342,23,True,False,20,0
ai_mode_sd_mm1qadtj17k6muingc,ai_mode,how does the placebo effect work,US,2026-02-25T07:44:14.124Z,350,18,True,False,21,0
ai_mode_sd_mm1qadtj17k6muingc,ai_mode,what is the difference between anxiety and depression,US,2026-02-25T07:44:17.644Z,360,71,False,False,0,10
ai_mode_sd_mm1qadtj17k6muingc,ai_mode,how does solar energy work,US,2026-02-25T07:44:18.170Z,364,34,True,False,24,2
ai_mode_sd_mm1qadtj17k6muingc,ai_mode,what is the psychology of motivation,US,2026-02-25T07:44:18.941Z,415,44,True,False,18,4
ai_mode_sd_mm1qadtj17k6muingc,ai_mode,what is biodiversity and why does it matter,US,2026-02-25T07:44:20.477Z,455,31,True,False,47,0
ai_mode_sd_mm1qadtj17k6muingc,ai_mode,how does carbon capture technology work,US,2026-02-25T07:44:22.657Z,763,30,True,False,28,0
ai_mode_sd_mm1qadtj17k6muingc,ai_mode,what is the difference between weather and climate,US,2026-02-25T07:44:24.513Z,337,27,True,True,27,0
ai_mode_sd_mm1qadtj17k6muingc,ai_mode,how does positive reinforcement work,US,2026-02-25T07:45:37.551Z,389,39,True,False,17,0
ai_mode_sd_mm1qaee527lwgoubyb,ai_mode,how does electric vehicle adoption affect emissions,US,2026-02-25T07:44:12.492Z,617,66,True,False,15,6
ai_mode_sd_mm1qaee527lwgoubyb,ai_mode,what is the Paris Agreement,US,2026-02-25T07:44:12.850Z,405,22,True,False,19,1
ai_mode_sd_mm1qaee527lwgoubyb,ai_mode,how does deforestation affect climate change,US,2026-02-25T07:44:19.901Z,404,24,True,False,25,0
ai_mode_sd_mm1qaee527lwgoubyb,ai_mode,what are the effects of microplastics on health,US,2026-02-25T07:44:22.793Z,342,24,True,False,13,1
ai_mode_sd_mm1qaee527lwgoubyb,ai_mode,how to make your home more energy efficient,US,2026-02-25T07:44:24.118Z,642,76,True,False,27,7
ai_mode_sd_mm1qaee527lwgoubyb,ai_mode,how does wind energy work,US,2026-02-25T07:44:25.897Z,350,21,True,False,19,0
ai_mode_sd_mm1qaee527lwgoubyb,ai_mode,what is greenwashing,US,2026-02-25T07:44:27.538Z,336,17,True,False,14,0
ai_mode_sd_mm1qaee527lwgoubyb,ai_mode,how does ocean acidification work,US,2026-02-25T07:44:32.250Z,543,27,True,False,22,0
ai_mode_sd_mm1qaee527lwgoubyb,ai_mode,what is environmental justice,US,2026-02-25T07:44:34.724Z,363,28,True,False,15,1
ai_mode_sd_mm1qaee527lwgoubyb,ai_mode,what is the circular economy,US,2026-02-25T07:44:41.112Z,385,14,True,True,17,0
ai_mode_sd_mm1qaeyjc832k5qz4,ai_mode,what is lobbying and how does it affect politics,US,2026-02-25T07:44:11.655Z,359,19,True,False,21,0
ai_mode_sd_mm1qaeyjc832k5qz4,ai_mode,what is the difference between renewable and nonrenewable energy,US,2026-02-25T07:44:12.104Z,434,35,True,True,38,0
ai_mode_sd_mm1qaeyjc832k5qz4,ai_mode,how does the US Supreme Court work,US,2026-02-25T07:44:13.124Z,444,37,True,False,22,0
ai_mode_sd_mm1qaeyjc832k5qz4,ai_mode,how does sustainable agriculture work,US,2026-02-25T07:44:18.615Z,623,68,True,False,18,8
ai_mode_sd_mm1qaeyjc832k5qz4,ai_mode,what is the difference between the House and Senate,US,2026-02-25T07:44:23.578Z,376,38,True,True,18,3
ai_mode_sd_mm1qaeyjc832k5qz4,ai_mode,what is gerrymandering,US,2026-02-25T07:44:24.326Z,286,19,True,False,23,1
ai_mode_sd_mm1qaeyjc832k5qz4,ai_mode,how do coral reefs die,US,2026-02-25T07:44:26.033Z,706,87,True,False,26,9
ai_mode_sd_mm1qaeyjc832k5qz4,ai_mode,what is net zero emissions,US,2026-02-25T07:44:26.766Z,258,24,True,False,14,5
ai_mode_sd_mm1qaeyjc832k5qz4,ai_mode,how does NATO work,US,2026-02-25T07:44:37.052Z,696,78,True,False,18,7
ai_mode_sd_mm1qaeyjc832k5qz4,ai_mode,how does ranked choice voting work,US,2026-02-25T07:45:38.081Z,467,67,True,True,22,6
ai_mode_sd_mm1qafih1ok61mmc34,ai_mode,how does the IMF work,US,2026-02-25T07:44:16.044Z,490,33,True,False,25,5
ai_mode_sd_mm1qafih1ok61mmc34,ai_mode,how does a bill become a law in the US,US,2026-02-25T07:44:16.399Z,332,56,True,False,17,15
ai_mode_sd_mm1qafih1ok61mmc34,ai_mode,what is the difference between foreign policy and domestic policy,US,2026-02-25T07:44:19.407Z,257,25,True,False,16,5
ai_mode_sd_mm1qafih1ok61mmc34,ai_mode,what is campaign finance reform,US,2026-02-25T07:44:20.387Z,364,24,True,True,20,1
ai_mode_sd_mm1qafih1ok61mmc34,ai_mode,what is political polarization,US,2026-02-25T07:44:21.175Z,352,27,True,False,17,1
ai_mode_sd_mm1qafih1ok61mmc34,ai_mode,how does the United Nations work,US,2026-02-25T07:44:22.502Z,411,29,True,False,23,3
ai_mode_sd_mm1qafih1ok61mmc34,ai_mode,how does the World Bank work,US,2026-02-25T07:44:26.306Z,321,26,True,False,14,4
ai_mode_sd_mm1qafih1ok61mmc34,ai_mode,how does immigration policy work in the US,US,2026-02-25T07:44:30.011Z,746,121,True,False,23,11
ai_mode_sd_mm1qafih1ok61mmc34,ai_mode,what is universal healthcare and how does it work,US,2026-02-25T07:44:42.582Z,347,27,True,False,21,1
ai_mode_sd_mm1qafih1ok61mmc34,ai_mode,what is the difference between democracy and republic,US,2026-02-25T07:45:34.845Z,366,25,True,True,16,2
ai_mode_sd_mm1qag322dfk7jjj52,ai_mode,how to stop doom scrolling,US,2026-02-25T07:44:18.173Z,623,56,True,False,23,7
ai_mode_sd_mm1qag322dfk7jjj52,ai_mode,how do sanctions work in international relations,US,2026-02-25T07:44:22.852Z,707,87,True,False,24,8
ai_mode_sd_mm1qag322dfk7jjj52,ai_mode,what is the difference between left wing and right wing politics,US,2026-02-25T07:44:25.215Z,563,56,True,True,19,9
ai_mode_sd_mm1qag322dfk7jjj52,ai_mode,how to practice mindfulness for beginners,US,2026-02-25T07:44:25.230Z,685,68,True,False,20,6
ai_mode_sd_mm1qag322dfk7jjj52,ai_mode,how to build better habits,US,2026-02-25T07:44:26.713Z,622,66,True,False,20,7
ai_mode_sd_mm1qag322dfk7jjj52,ai_mode,what is the KonMari method,US,2026-02-25T07:44:28.245Z,295,39,True,False,18,1
ai_mode_sd_mm1qag322dfk7jjj52,ai_mode,how to improve morning routine,US,2026-02-25T07:44:30.253Z,636,80,True,False,25,14
ai_mode_sd_mm1qag322dfk7jjj52,ai_mode,what are the benefits of journaling,US,2026-02-25T07:44:34.985Z,402,27,True,False,21,3
ai_mode_sd_mm1qag322dfk7jjj52,ai_mode,what is minimalism and how to practice it,US,2026-02-25T07:44:35.631Z,392,24,True,False,22,1
ai_mode_sd_mm1qag322dfk7jjj52,ai_mode,best books on self improvement,US,2026-02-25T07:44:37.295Z,866,115,True,False,23,63
ai_mode_sd_mm1qagoke7d8kxp6b,ai_mode,what are the benefits of cold showers,US,2026-02-25T07:44:20.259Z,405,20,True,False,19,0
ai_mode_sd_mm1qagoke7d8kxp6b,ai_mode,what are the best personal finance books,US,2026-02-25T07:44:29.092Z,611,98,True,False,34,62
ai_mode_sd_mm1qagoke7d8kxp6b,ai_mode,how to improve focus and concentration,US,2026-02-25T07:44:30.700Z,438,100,True,False,37,14
ai_mode_sd_mm1qagoke7d8kxp6b,ai_mode,how to set boundaries in relationships,US,2026-02-25T07:44:32.787Z,682,65,True,False,21,7
ai_mode_sd_mm1qagoke7d8kxp6b,ai_mode,what are the benefits of gratitude practice,US,2026-02-25T07:44:35.686Z,364,17,True,False,23,0
ai_mode_sd_mm1qagoke7d8kxp6b,ai_mode,what is the difference between introversion and shyness,US,2026-02-25T07:44:36.015Z,556,67,True,True,24,7
ai_mode_sd_mm1qagoke7d8kxp6b,ai_mode,how to declutter your home,US,2026-02-25T07:44:36.224Z,450,42,True,False,29,1
ai_mode_sd_mm1qagoke7d8kxp6b,ai_mode,how to create a capsule wardrobe,US,2026-02-25T07:44:47.847Z,709,67,True,False,24,6
ai_mode_sd_mm1qagoke7d8kxp6b,ai_mode,what is digital minimalism,US,2026-02-25T07:44:50.306Z,349,20,True,False,24,3
ai_mode_sd_mm1qagoke7d8kxp6b,ai_mode,how to break bad habits,US,2026-02-25T07:44:59.515Z,782,80,True,False,19,6
chatgpt_sd_mm1245jb2p3f4jrnn8,chatgpt,how to treat a sprained ankle at home,US,2026-02-24T20:28:11.593Z,335,32,True,False,0,0
chatgpt_sd_mm1245jb2p3f4jrnn8,chatgpt,how long does it take to learn Python,US,2026-02-24T20:28:14.876Z,247,20,True,False,0,0
chatgpt_sd_mm1245jb2p3f4jrnn8,chatgpt,what are the health benefits of intermittent fasting,US,2026-02-24T20:28:26.264Z,410,32,True,False,0,0
chatgpt_sd_mm1245jb2p3f4jrnn8,chatgpt,how does compound interest work,US,2026-02-24T20:28:26.607Z,350,21,True,False,0,0
chatgpt_sd_mm1245jb2p3f4jrnn8,chatgpt,what is the difference between machine learning and deep learning,US,2026-02-24T20:28:30.320Z,398,10,True,True,0,0
chatgpt_sd_mm1245jb2p3f4jrnn8,chatgpt,what causes inflation,US,2026-02-24T20:28:33.574Z,374,19,True,True,0,0
chatgpt_sd_mm1245jb2p3f4jrnn8,chatgpt,what are the symptoms of type 2 diabetes,US,2026-02-24T20:28:36.052Z,174,24,False,False,18,12
chatgpt_sd_mm1245jb2p3f4jrnn8,chatgpt,best programming languages to learn in 2024,US,2026-02-24T20:28:36.887Z,387,41,True,False,26,11
chatgpt_sd_mm1245jb2p3f4jrnn8,chatgpt,how does a credit score work,US,2026-02-24T20:28:40.397Z,403,42,True,False,0,0
chatgpt_sd_mm1245jb2p3f4jrnn8,chatgpt,best cities to live in the United States,US,2026-02-24T20:28:45.607Z,389,168,True,False,0,0
chatgpt_sd_mm126c0o1nhu2riogg,chatgpt,what is quantum computing,US,2026-02-24T20:29:48.041Z,280,19,True,False,0,0
chatgpt_sd_mm126c0o1nhu2riogg,chatgpt,explain blockchain technology,US,2026-02-24T20:29:54.000Z,388,17,True,False,0,0
chatgpt_sd_mm126c0o1nhu2riogg,chatgpt,what is the FIRE movement,US,2026-02-24T20:30:04.108Z,363,16,True,False,0,0
chatgpt_sd_mm126c0o1nhu2riogg,chatgpt,what are the best programming languages for AI,US,2026-02-24T20:30:09.268Z,324,22,True,False,0,0
chatgpt_sd_mm126c0o1nhu2riogg,chatgpt,what is the difference between a Roth IRA and traditional IRA,US,2026-02-24T20:30:09.736Z,363,17,True,False,0,0
chatgpt_sd_mm126c0o1nhu2riogg,chatgpt,how does the stock market work,US,2026-02-24T20:30:21.277Z,418,35,True,False,0,0
chatgpt_sd_mm126c0o1nhu2riogg,chatgpt,symptoms of vitamin D deficiency,US,2026-02-24T20:30:21.753Z,308,73,True,False,0,0
chatgpt_sd_mm126c0o1nhu2riogg,chatgpt,how to start investing with little money,US,2026-02-24T20:30:54.648Z,598,47,True,False,0,0
chatgpt_sd_mm126c0o1nhu2riogg,chatgpt,how to negotiate a salary,US,2026-02-24T20:31:58.026Z,596,33,True,False,0,0
chatgpt_sd_mm126c0o1nhu2riogg,chatgpt,what is the Mediterranean diet,US,2026-02-24T20:33:55.107Z,293,27,True,False,0,0
chatgpt_sd_mm12cv291yt9u9l60j,chatgpt,what foods are high in protein,US,2026-02-24T20:35:00.097Z,281,62,True,False,0,0
chatgpt_sd_mm12cv291yt9u9l60j,chatgpt,how does the immune system work,US,2026-02-24T20:35:01.011Z,398,34,True,False,0,0
chatgpt_sd_mm12cv291yt9u9l60j,chatgpt,what are the causes of climate change,US,2026-02-24T20:35:01.958Z,349,25,True,False,0,0
chatgpt_sd_mm12cv291yt9u9l60j,chatgpt,how to improve credit score fast,US,2026-02-24T20:35:08.230Z,466,25,True,True,0,0
chatgpt_sd_mm12cv291yt9u9l60j,chatgpt,what is DevOps,US,2026-02-24T20:35:15.607Z,306,10,True,False,0,0
chatgpt_sd_mm12cv291yt9u9l60j,chatgpt,what is the difference between SQL and NoSQL,US,2026-02-24T20:35:38.392Z,329,12,True,True,0,0
chatgpt_sd_mm12cv291yt9u9l60j,chatgpt,how to write a cover letter,US,2026-02-24T20:37:08.757Z,361,16,True,False,0,0
chatgpt_sd_mm12cv291yt9u9l60j,chatgpt,what is a 401k plan,US,2026-02-24T20:37:32.771Z,288,21,True,False,0,0
chatgpt_sd_mm12cv291yt9u9l60j,chatgpt,best practices for remote work productivity,US,2026-02-24T20:38:57.557Z,476,74,True,False,0,0
chatgpt_sd_mm12cv291yt9u9l60j,chatgpt,how does photosynthesis work,US,2026-02-24T20:39:24.052Z,319,17,True,False,0,0
chatgpt_sd_mm12xl9ximixbhdkv,chatgpt,how does a VPN work,US,2026-02-24T20:51:03.120Z,394,19,True,False,0,0
chatgpt_sd_mm12xl9ximixbhdkv,chatgpt,best ways to reduce stress,US,2026-02-24T20:51:07.064Z,616,49,True,False,0,0
chatgpt_sd_mm12xl9ximixbhdkv,chatgpt,how to write a business plan,US,2026-02-24T20:51:14.902Z,477,21,True,False,0,0
chatgpt_sd_mm12xl9ximixbhdkv,chatgpt,what is project management methodology,US,2026-02-24T20:51:15.476Z,357,22,True,False,22,32
chatgpt_sd_mm12xl9ximixbhdkv,chatgpt,how to improve public speaking skills,US,2026-02-24T20:51:15.959Z,491,43,True,False,0,0
chatgpt_sd_mm12xl9ximixbhdkv,chatgpt,what is the difference between HTTP and HTTPS,US,2026-02-24T20:51:16.395Z,276,7,True,True,0,0
chatgpt_sd_mm12xl9ximixbhdkv,chatgpt,what are the symptoms of anxiety disorder,US,2026-02-24T20:51:18.937Z,257,5,True,False,0,0
chatgpt_sd_mm12xl9ximixbhdkv,chatgpt,how to create a budget,US,2026-02-24T20:51:55.707Z,367,19,True,False,0,0
chatgpt_sd_mm12xl9ximixbhdkv,chatgpt,what is the difference between affect and effect,US,2026-02-24T20:52:07.374Z,101,10,True,False,0,0
chatgpt_sd_mm12xl9ximixbhdkv,chatgpt,how does the federal reserve work,US,2026-02-24T20:53:48.131Z,533,46,True,False,0,0
chatgpt_sd_mm132j2xdxmgywaut,chatgpt,what is the Pomodoro technique,US,2026-02-24T20:54:31.617Z,137,13,True,False,0,0
chatgpt_sd_mm132j2xdxmgywaut,chatgpt,what is UX design,US,2026-02-24T20:54:48.212Z,303,15,True,False,0,0
chatgpt_sd_mm132j2xdxmgywaut,chatgpt,best exercises for weight loss,US,2026-02-24T20:54:58.083Z,366,19,True,False,0,0
chatgpt_sd_mm132j2xdxmgywaut,chatgpt,how does mortgage work,US,2026-02-24T20:54:58.930Z,444,30,True,False,0,0
chatgpt_sd_mm132j2xdxmgywaut,chatgpt,how does artificial intelligence work,US,2026-02-24T20:55:05.126Z,546,18,True,False,0,0
chatgpt_sd_mm132j2xdxmgywaut,chatgpt,how to start a side hustle,US,2026-02-24T20:55:08.623Z,443,25,True,False,0,0
chatgpt_sd_mm132j2xdxmgywaut,chatgpt,how to save money on groceries,US,2026-02-24T20:56:48.564Z,437,83,True,False,0,0
chatgpt_sd_mm132j2xdxmgywaut,chatgpt,what is cloud computing,US,2026-02-24T20:56:52.937Z,255,8,True,False,0,0
chatgpt_sd_mm132j2xdxmgywaut,chatgpt,what is the difference between type 1 and type 2 diabetes,US,2026-02-24T20:56:57.448Z,284,22,True,True,0,0
chatgpt_sd_mm132j2xdxmgywaut,chatgpt,what are the best productivity apps,US,2026-02-24T20:58:14.808Z,367,22,True,False,28,12
chatgpt_sd_mm13aela2b2nxb9env,chatgpt,how does mortgage work,US,2026-02-24T21:00:50.394Z,348,25,True,False,0,0
chatgpt_sd_mm13aela2b2nxb9env,chatgpt,what are the best productivity apps,US,2026-02-24T21:00:52.013Z,406,32,True,False,28,17
chatgpt_sd_mm13aela2b2nxb9env,chatgpt,what is the difference between type 1 and type 2 diabetes,US,2026-02-24T21:00:54.117Z,253,10,True,True,0,0
chatgpt_sd_mm13aela2b2nxb9env,chatgpt,how does artificial intelligence work,US,2026-02-24T21:01:02.248Z,465,33,True,False,0,0
chatgpt_sd_mm13aela2b2nxb9env,chatgpt,what is UX design,US,2026-02-24T21:01:03.323Z,273,19,True,False,0,0
chatgpt_sd_mm13aela2b2nxb9env,chatgpt,how to save money on groceries,US,2026-02-24T21:01:04.423Z,450,45,True,False,0,0
chatgpt_sd_mm13aela2b2nxb9env,chatgpt,how to start a side hustle,US,2026-02-24T21:01:15.401Z,470,27,True,False,0,0
chatgpt_sd_mm13aela2b2nxb9env,chatgpt,best exercises for weight loss,US,2026-02-24T21:01:16.504Z,398,29,True,False,0,0
chatgpt_sd_mm13aela2b2nxb9env,chatgpt,what is cloud computing,US,2026-02-24T21:02:47.351Z,261,8,True,False,0,0
chatgpt_sd_mm13aela2b2nxb9env,chatgpt,what is the Pomodoro technique,US,2026-02-24T21:05:14.417Z,245,21,True,False,0,0
chatgpt_sd_mm13af5n1b4tl4dvql,chatgpt,how does inflation affect the economy,US,2026-02-24T21:00:58.175Z,441,38,True,True,0,0
chatgpt_sd_mm13af5n1b4tl4dvql,chatgpt,how does DNA testing work,US,2026-02-24T21:01:11.159Z,405,14,True,False,0,0
chatgpt_sd_mm13af5n1b4tl4dvql,chatgpt,what are the best foods for gut health,US,2026-02-24T21:01:14.542Z,360,18,True,False,0,0
chatgpt_sd_mm13af5n1b4tl4dvql,chatgpt,what are the causes of insomnia,US,2026-02-24T21:01:23.770Z,296,21,True,False,0,0
chatgpt_sd_mm13af5n1b4tl4dvql,chatgpt,what is the difference between a virus and bacteria,US,2026-02-24T21:01:32.755Z,230,19,True,True,0,0
chatgpt_sd_mm13af5n1b4tl4dvql,chatgpt,what is agile methodology,US,2026-02-24T21:01:50.950Z,405,59,True,True,0,0
chatgpt_sd_mm13af5n1b4tl4dvql,chatgpt,how does the human brain work,US,2026-02-24T21:02:51.849Z,496,41,True,False,0,0
chatgpt_sd_mm13af5n1b4tl4dvql,chatgpt,how to reduce carbon footprint,US,2026-02-24T21:03:17.695Z,382,122,True,False,0,0
chatgpt_sd_mm13af5n1b4tl4dvql,chatgpt,how to write a resume with no experience,US,2026-02-24T21:03:19.047Z,394,22,True,True,0,0
chatgpt_sd_mm13af5n1b4tl4dvql,chatgpt,best ways to learn programming,US,2026-02-24T21:03:47.546Z,344,17,True,False,0,0
chatgpt_sd_mm13afprmqpbmri8i,chatgpt,how to set SMART goals,US,2026-02-24T21:01:05.386Z,339,25,True,False,0,0
chatgpt_sd_mm13afprmqpbmri8i,chatgpt,what are the benefits of exercise,US,2026-02-24T21:01:08.369Z,278,28,False,False,0,0
chatgpt_sd_mm13afprmqpbmri8i,chatgpt,how does the electoral college work,US,2026-02-24T21:01:10.105Z,362,27,True,False,0,0
chatgpt_sd_mm13afprmqpbmri8i,chatgpt,best ways to improve sleep quality,US,2026-02-24T21:01:16.642Z,447,40,True,False,0,0
chatgpt_sd_mm13afprmqpbmri8i,chatgpt,what is the difference between socialism and capitalism,US,2026-02-24T21:01:29.388Z,336,8,True,True,0,0
chatgpt_sd_mm13afprmqpbmri8i,chatgpt,how to read a nutrition label,US,2026-02-24T21:01:38.562Z,420,32,True,False,0,0
chatgpt_sd_mm13afprmqpbmri8i,chatgpt,what is technical SEO,US,2026-02-24T21:02:34.095Z,293,23,True,False,0,0
chatgpt_sd_mm13afprmqpbmri8i,chatgpt,how does GPS work,US,2026-02-24T21:03:46.157Z,405,15,True,False,0,0
chatgpt_sd_mm13afprmqpbmri8i,chatgpt,what is supply chain management,US,2026-02-24T21:04:30.500Z,286,16,True,False,0,0
chatgpt_sd_mm13afprmqpbmri8i,chatgpt,what is cryptocurrency mining,US,2026-02-24T21:07:20.166Z,338,15,True,False,17,9
chatgpt_sd_mm13agbx11o7eu8htr,chatgpt,what is the difference between a trademark and a patent,US,2026-02-24T21:01:06.514Z,259,9,True,True,0,0
chatgpt_sd_mm13agbx11o7eu8htr,chatgpt,best ways to stay motivated,US,2026-02-24T21:01:11.182Z,414,49,True,False,0,0
chatgpt_sd_mm13agbx11o7eu8htr,chatgpt,what is the difference between introvert and extrovert,US,2026-02-24T21:01:13.799Z,216,8,True,False,0,0
chatgpt_sd_mm13agbx11o7eu8htr,chatgpt,how to improve your credit score,US,2026-02-24T21:01:33.230Z,412,35,True,False,0,0
chatgpt_sd_mm13agbx11o7eu8htr,chatgpt,what are the symptoms of depression,US,2026-02-24T21:01:56.906Z,216,9,True,False,0,0
chatgpt_sd_mm13agbx11o7eu8htr,chatgpt,how to build an emergency fund,US,2026-02-24T21:02:28.438Z,581,42,True,False,0,0
chatgpt_sd_mm13agbx11o7eu8htr,chatgpt,how does a search engine work,US,2026-02-24T21:02:39.366Z,377,16,True,False,0,0
chatgpt_sd_mm13agbx11o7eu8htr,chatgpt,how does stem cell therapy work,US,2026-02-24T21:03:09.231Z,427,12,True,False,21,9
chatgpt_sd_mm13agbx11o7eu8htr,chatgpt,how to prepare for a job interview,US,2026-02-24T21:03:14.469Z,403,17,True,False,0,0
chatgpt_sd_mm13agbx11o7eu8htr,chatgpt,what is behavioral economics,US,2026-02-24T21:03:40.218Z,343,23,True,False,0,0
chatgpt_sd_mm13agx616v0ijhe2g,chatgpt,how to overcome procrastination,US,2026-02-24T21:01:03.383Z,360,38,False,False,0,0
chatgpt_sd_mm13agx616v0ijhe2g,chatgpt,what is the difference between coaching and mentoring,US,2026-02-24T21:01:05.422Z,284,10,True,True,0,0
chatgpt_sd_mm13agx616v0ijhe2g,chatgpt,what is the difference between manager and leader,US,2026-02-24T21:01:07.734Z,280,17,True,True,0,0
chatgpt_sd_mm13agx616v0ijhe2g,chatgpt,how does a mutual fund work,US,2026-02-24T21:01:13.577Z,421,81,True,False,0,0
chatgpt_sd_mm13agx616v0ijhe2g,chatgpt,how does social media algorithm work,US,2026-02-24T21:01:15.864Z,445,23,True,False,0,0
chatgpt_sd_mm13agx616v0ijhe2g,chatgpt,what are the benefits of reading books,US,2026-02-24T21:01:25.396Z,339,16,True,False,0,0
chatgpt_sd_mm13agx616v0ijhe2g,chatgpt,what are the best ways to network professionally,US,2026-02-24T21:02:51.651Z,484,35,True,False,0,0
chatgpt_sd_mm13agx616v0ijhe2g,chatgpt,what are the best investment strategies for beginners,US,2026-02-24T21:03:09.817Z,415,25,True,False,0,0
chatgpt_sd_mm13agx616v0ijhe2g,chatgpt,how to deal with imposter syndrome,US,2026-02-24T21:04:04.473Z,522,53,True,False,0,0
chatgpt_sd_mm1qmfbr27kljfvmul,chatgpt,what are the benefits of omega-3 fatty acids,US,2026-02-25T07:54:29.215Z,361,13,True,False,0,0
chatgpt_sd_mm1qmfbr27kljfvmul,chatgpt,symptoms of thyroid problems in women,US,2026-02-25T07:54:30.963Z,361,8,True,False,0,0
chatgpt_sd_mm1qmfbr27kljfvmul,chatgpt,how to lower cholesterol naturally,US,2026-02-25T07:54:45.942Z,441,31,True,False,0,0
chatgpt_sd_mm1qmfbr27kljfvmul,chatgpt,symptoms of kidney disease,US,2026-02-25T07:54:48.561Z,259,6,True,False,0,0
chatgpt_sd_mm1qmfbr27kljfvmul,chatgpt,what is the difference between HDL and LDL cholesterol,US,2026-02-25T07:55:05.375Z,266,5,True,True,0,0
chatgpt_sd_mm1qmfbr27kljfvmul,chatgpt,what is the DASH diet,US,2026-02-25T07:55:26.406Z,311,7,True,False,0,0
chatgpt_sd_mm1qmfbr27kljfvmul,chatgpt,how to prevent type 2 diabetes,US,2026-02-25T07:55:43.366Z,373,19,True,False,0,0
chatgpt_sd_mm1qmfbr27kljfvmul,chatgpt,how does the digestive system work,US,2026-02-25T07:55:58.909Z,459,29,True,False,0,0
chatgpt_sd_mm1qmfbr27kljfvmul,chatgpt,how does the lymphatic system work,US,2026-02-25T07:56:00.153Z,396,17,True,False,0,0
chatgpt_sd_mm1qmfbr27kljfvmul,chatgpt,what causes high blood pressure,US,2026-02-25T07:58:59.645Z,396,34,True,False,0,0
chatgpt_sd_mm1qmfwe1lww7gsjl4,chatgpt,what is the difference between Alzheimer and dementia,US,2026-02-25T07:54:27.228Z,246,8,True,True,0,0
chatgpt_sd_mm1qmfwe1lww7gsjl4,chatgpt,how does chemotherapy work,US,2026-02-25T07:54:33.618Z,347,14,True,False,0,0
chatgpt_sd_mm1qmfwe1lww7gsjl4,chatgpt,how to boost immune system naturally,US,2026-02-25T07:54:42.942Z,504,41,True,False,0,0
chatgpt_sd_mm1qmfwe1lww7gsjl4,chatgpt,what causes migraines,US,2026-02-25T07:55:08.326Z,435,15,True,False,21,11
chatgpt_sd_mm1qmfwe1lww7gsjl4,chatgpt,how long does it take to see results from exercise,US,2026-02-25T07:58:33.810Z,234,6,True,False,0,0
chatgpt_sd_mm1qmfwe1lww7gsjl4,chatgpt,best foods to eat for heart health,US,2026-02-25T07:59:28.873Z,389,9,True,False,0,0
chatgpt_sd_mm1qmfwe1lww7gsjl4,chatgpt,what are the signs of a heart attack,US,2026-02-25T08:00:04.640Z,278,16,True,False,0,0
chatgpt_sd_mm1qmfwe1lww7gsjl4,chatgpt,what is rheumatoid arthritis,US,2026-02-25T08:00:31.316Z,314,29,True,True,0,0
chatgpt_sd_mm1qmfwe1lww7gsjl4,chatgpt,how to manage chronic pain,US,2026-02-25T08:01:28.021Z,492,95,True,False,0,0
chatgpt_sd_mm1qmfwe1lww7gsjl4,chatgpt,what are symptoms of iron deficiency,US,2026-02-25T08:02:13.783Z,260,26,True,False,0,0
chatgpt_sd_mm1qmghivj3mtvzbf,chatgpt,how to improve gut microbiome,US,2026-02-25T07:54:51.003Z,601,45,True,False,0,0
chatgpt_sd_mm1qmghivj3mtvzbf,chatgpt,how does insulin work in the body,US,2026-02-25T07:54:56.023Z,367,16,True,False,0,0
chatgpt_sd_mm1qmghivj3mtvzbf,chatgpt,what foods to avoid with high cholesterol,US,2026-02-25T07:55:10.445Z,347,21,True,False,0,0
chatgpt_sd_mm1qmghivj3mtvzbf,chatgpt,symptoms of sleep apnea,US,2026-02-25T07:55:30.598Z,219,5,True,False,0,0
chatgpt_sd_mm1qmghivj3mtvzbf,chatgpt,what is PCOS and how to treat it,US,2026-02-25T07:55:52.727Z,380,21,True,False,0,0
chatgpt_sd_mm1qmghivj3mtvzbf,chatgpt,what is the difference between a cold and the flu,US,2026-02-25T07:56:03.854Z,309,51,True,True,0,0
chatgpt_sd_mm1qmghivj3mtvzbf,chatgpt,how does the respiratory system work,US,2026-02-25T07:56:14.734Z,328,18,True,False,0,0
chatgpt_sd_mm1qmghivj3mtvzbf,chatgpt,what causes autoimmune diseases,US,2026-02-25T07:57:15.013Z,367,21,True,False,0,0
chatgpt_sd_mm1qmghivj3mtvzbf,chatgpt,how to recover from a torn ACL,US,2026-02-25T07:59:27.218Z,516,38,True,False,0,0
chatgpt_sd_mm1qmghivj3mtvzbf,chatgpt,what is the difference between Python and JavaScript,US,2026-02-25T08:04:34.585Z,389,22,True,True,0,0
chatgpt_sd_mm1qmh45et9skff0d,chatgpt,what is the difference between REST and GraphQL,US,2026-02-25T07:54:29.693Z,476,14,True,True,0,0
chatgpt_sd_mm1qmh45et9skff0d,chatgpt,how does public key cryptography work,US,2026-02-25T07:54:49.232Z,470,35,True,False,0,0
chatgpt_sd_mm1qmh45et9skff0d,chatgpt,best practices for API design,US,2026-02-25T07:55:45.814Z,676,43,True,False,0,0
chatgpt_sd_mm1qmh45et9skff0d,chatgpt,what is Kubernetes,US,2026-02-25T07:57:27.011Z,320,13,True,False,0,0
chatgpt_sd_mm1qmh45et9skff0d,chatgpt,how does a neural network work,US,2026-02-25T07:58:16.066Z,635,32,True,False,0,0
chatgpt_sd_mm1qmh45et9skff0d,chatgpt,what is Docker and how does it work,US,2026-02-25T07:58:58.235Z,506,20,True,True,0,0
chatgpt_sd_mm1qmh45et9skff0d,chatgpt,how does a compiler work,US,2026-02-25T07:59:43.640Z,512,26,True,True,0,0
chatgpt_sd_mm1qmh45et9skff0d,chatgpt,what is the difference between TCP and UDP,US,2026-02-25T08:00:16.226Z,304,12,True,True,0,0
chatgpt_sd_mm1qmh45et9skff0d,chatgpt,how does garbage collection work in programming,US,2026-02-25T08:01:04.896Z,619,40,True,True,0,0
chatgpt_sd_mm1qmh45et9skff0d,chatgpt,what is a large language model,US,2026-02-25T08:01:18.454Z,324,9,True,False,22,7
chatgpt_sd_mm1qmhpz185glsnyf4,chatgpt,how does HTTPS encryption work,US,2026-02-25T07:54:42.345Z,471,42,True,False,0,0
chatgpt_sd_mm1qmhpz185glsnyf4,chatgpt,best practices for database indexing,US,2026-02-25T07:55:02.296Z,604,52,True,False,0,0
chatgpt_sd_mm1qmhpz185glsnyf4,chatgpt,what is CI/CD pipeline,US,2026-02-25T07:55:31.862Z,343,23,True,False,0,0
chatgpt_sd_mm1qmhpz185glsnyf4,chatgpt,how does rate limiting work in APIs,US,2026-02-25T07:56:16.394Z,533,43,True,False,0,0
chatgpt_sd_mm1qmhpz185glsnyf4,chatgpt,what is the difference between SQL JOIN types,US,2026-02-25T07:57:06.390Z,533,31,True,True,0,0
chatgpt_sd_mm1qmhpz185glsnyf4,chatgpt,how does React state management work,US,2026-02-25T07:59:20.224Z,621,33,True,False,0,0
chatgpt_sd_mm1qmhpz185glsnyf4,chatgpt,what is serverless computing,US,2026-02-25T07:59:29.160Z,278,19,True,False,0,0
chatgpt_sd_mm1qmhpz185glsnyf4,chatgpt,what is the difference between monolith and microservices,US,2026-02-25T07:59:45.177Z,367,14,True,True,0,0
chatgpt_sd_mm1qmhpz185glsnyf4,chatgpt,how does OAuth 2.0 work,US,2026-02-25T08:00:36.049Z,512,44,True,True,0,0
chatgpt_sd_mm1qmhpz185glsnyf4,chatgpt,what is WebAssembly,US,2026-02-25T08:02:15.358Z,327,29,True,False,0,0
chatgpt_sd_mm1qmiak1qzfwy62tr,chatgpt,how does browser rendering work,US,2026-02-25T07:54:45.231Z,771,70,True,False,0,0
chatgpt_sd_mm1qmiak1qzfwy62tr,chatgpt,what is the difference between stack and heap memory,US,2026-02-25T07:54:50.239Z,407,10,True,True,0,0
chatgpt_sd_mm1qmiak1qzfwy62tr,chatgpt,how does a hash table work,US,2026-02-25T07:59:45.139Z,546,31,True,True,0,0
chatgpt_sd_mm1qmiak1qzfwy62tr,chatgpt,what is TypeScript and why use it,US,2026-02-25T07:59:57.397Z,363,20,True,False,0,0
chatgpt_sd_mm1qmiak1qzfwy62tr,chatgpt,best practices for web security,US,2026-02-25T08:01:22.669Z,560,140,True,False,0,0
chatgpt_sd_mm1qmiak1qzfwy62tr,chatgpt,what is machine learning overfitting,US,2026-02-25T08:02:06.561Z,270,17,True,False,0,0
chatgpt_sd_mm1qmiak1qzfwy62tr,chatgpt,what is the difference between SSD and HDD,US,2026-02-25T08:02:13.117Z,283,15,True,False,0,0
chatgpt_sd_mm1qmiak1qzfwy62tr,chatgpt,how does load balancing work,US,2026-02-25T08:02:35.977Z,525,33,True,False,0,0
chatgpt_sd_mm1qmiak1qzfwy62tr,chatgpt,how does Redis caching work,US,2026-02-25T08:02:42.043Z,604,24,True,False,0,0
chatgpt_sd_mm1qmiak1qzfwy62tr,chatgpt,how does term life insurance work,US,2026-02-25T08:02:47.715Z,354,18,True,False,0,0
chatgpt_sd_mm1qmiwk52ybblxdz,chatgpt,how to calculate net worth,US,2026-02-25T07:54:36.385Z,198,7,True,False,0,0
chatgpt_sd_mm1qmiwk52ybblxdz,chatgpt,how does index fund investing work,US,2026-02-25T07:55:27.657Z,435,34,True,False,0,0
chatgpt_sd_mm1qmiwk52ybblxdz,chatgpt,how does capital gains tax work,US,2026-02-25T07:57:56.820Z,375,18,True,False,0,0
chatgpt_sd_mm1qmiwk52ybblxdz,chatgpt,how to pay off student loans faster,US,2026-02-25T08:00:35.547Z,473,37,True,False,0,0
chatgpt_sd_mm1qmiwk52ybblxdz,chatgpt,what is dollar cost averaging,US,2026-02-25T08:01:11.472Z,159,11,True,False,20,3
chatgpt_sd_mm1qmiwk52ybblxdz,chatgpt,what is a home equity loan vs HELOC,US,2026-02-25T08:01:19.799Z,399,12,True,True,0,0
chatgpt_sd_mm1qmiwk52ybblxdz,chatgpt,what is a good debt-to-income ratio,US,2026-02-25T08:01:40.303Z,236,7,True,True,0,0
chatgpt_sd_mm1qmiwk52ybblxdz,chatgpt,what is the difference between chapter 7 and chapter 13 bankruptcy,US,2026-02-25T08:01:53.634Z,470,28,True,False,0,0
chatgpt_sd_mm1qmiwk52ybblxdz,chatgpt,what is the difference between stocks and bonds,US,2026-02-25T08:02:17.668Z,279,20,True,False,0,0
chatgpt_sd_mm1qmiwk52ybblxdz,chatgpt,how does a health savings account work,US,2026-02-25T08:03:09.384Z,463,34,True,False,0,0
chatgpt_sd_mm1qmjhi1r3iwzt6fj,chatgpt,what is private mortgage insurance,US,2026-02-25T07:54:52.957Z,295,19,True,False,0,0
chatgpt_sd_mm1qmjhi1r3iwzt6fj,chatgpt,how does a balance transfer work,US,2026-02-25T07:55:06.266Z,344,18,True,False,0,0
chatgpt_sd_mm1qmjhi1r3iwzt6fj,chatgpt,how does margin trading work,US,2026-02-25T07:58:17.905Z,422,20,True,False,0,0
chatgpt_sd_mm1qmjhi1r3iwzt6fj,chatgpt,what is an ETF and how does it work,US,2026-02-25T07:58:48.852Z,409,20,True,True,0,0
chatgpt_sd_mm1qmjhi1r3iwzt6fj,chatgpt,how to invest in real estate with little money,US,2026-02-25T08:00:53.334Z,493,183,True,False,0,0
chatgpt_sd_mm1qmjhi1r3iwzt6fj,chatgpt,what is an adjustable rate mortgage,US,2026-02-25T08:01:12.213Z,258,17,True,False,0,0
chatgpt_sd_mm1qmjhi1r3iwzt6fj,chatgpt,how to save for retirement in your 30s,US,2026-02-25T08:01:12.384Z,621,39,True,False,22,23
chatgpt_sd_mm1qmjhi1r3iwzt6fj,chatgpt,what are tax deductions vs tax credits,US,2026-02-25T08:01:53.714Z,320,17,True,True,0,0
chatgpt_sd_mm1qmjhi1r3iwzt6fj,chatgpt,what is the 4 percent rule for retirement,US,2026-02-25T08:01:58.005Z,292,11,True,False,0,0
chatgpt_sd_mm1qmjhi1r3iwzt6fj,chatgpt,how to create a debt snowball plan,US,2026-02-25T08:03:19.301Z,444,19,True,True,0,0
chatgpt_sd_mm1qmk49h9c2xwtoq,chatgpt,what is the difference between gross and net income,US,2026-02-25T07:54:52.236Z,134,11,True,False,0,0
chatgpt_sd_mm1qmk49h9c2xwtoq,chatgpt,how to negotiate a lower interest rate on credit card,US,2026-02-25T07:55:02.377Z,417,20,True,False,0,0
chatgpt_sd_mm1qmk49h9c2xwtoq,chatgpt,how does options trading work,US,2026-02-25T07:55:13.727Z,460,23,True,False,0,0
chatgpt_sd_mm1qmk49h9c2xwtoq,chatgpt,what is a target date fund,US,2026-02-25T07:55:21.324Z,300,88,True,False,0,0
chatgpt_sd_mm1qmk49h9c2xwtoq,chatgpt,what is a dividend reinvestment plan,US,2026-02-25T07:55:32.396Z,216,14,True,False,0,0
chatgpt_sd_mm1qmk49h9c2xwtoq,chatgpt,how to build wealth in your 20s,US,2026-02-25T07:55:59.967Z,511,36,True,False,0,0
chatgpt_sd_mm1qmk49h9c2xwtoq,chatgpt,what is a fiduciary financial advisor,US,2026-02-25T07:59:47.629Z,317,13,True,False,0,0
chatgpt_sd_mm1qmk49h9c2xwtoq,chatgpt,what causes stock market crashes,US,2026-02-25T08:04:09.360Z,378,23,True,False,0,0
chatgpt_sd_mm1qmk49h9c2xwtoq,chatgpt,how does Social Security work,US,2026-02-25T08:05:37.993Z,423,21,True,False,0,0
chatgpt_sd_mm1qmk49h9c2xwtoq,chatgpt,how does real estate appreciation work,US,2026-02-25T08:05:47.757Z,460,38,True,False,0,0
chatgpt_sd_mm1qmkog2i7esrhdav,chatgpt,what is the difference between active and passive investing,US,2026-02-25T07:54:32.821Z,330,10,True,True,0,0
chatgpt_sd_mm1qmkog2i7esrhdav,chatgpt,how does peer to peer lending work,US,2026-02-25T07:54:36.324Z,350,12,True,False,0,0
chatgpt_sd_mm1qmkog2i7esrhdav,chatgpt,what is emotional intelligence in the workplace,US,2026-02-25T07:54:46.481Z,288,21,True,False,0,0
chatgpt_sd_mm1qmkog2i7esrhdav,chatgpt,what are the best remote work jobs,US,2026-02-25T07:55:07.021Z,591,11,True,True,24,27
chatgpt_sd_mm1qmkog2i7esrhdav,chatgpt,what is umbrella insurance,US,2026-02-25T07:55:56.867Z,325,15,True,False,0,0
chatgpt_sd_mm1qmkog2i7esrhdav,chatgpt,how to ask for a promotion,US,2026-02-25T07:56:35.990Z,532,46,True,False,0,0
chatgpt_sd_mm1qmkog2i7esrhdav,chatgpt,how to deal with a difficult coworker,US,2026-02-25T07:57:39.889Z,427,40,True,False,0,0
chatgpt_sd_mm1qmkog2i7esrhdav,chatgpt,how to file taxes for the first time,US,2026-02-25T07:58:48.715Z,416,15,True,False,0,0
chatgpt_sd_mm1qmkog2i7esrhdav,chatgpt,how to transition careers without experience,US,2026-02-25T07:59:07.133Z,483,39,True,False,0,0
chatgpt_sd_mm1qmkog2i7esrhdav,chatgpt,what is the difference between hard skills and soft skills,US,2026-02-25T07:59:59.416Z,273,9,True,True,0,0
chatgpt_sd_mm1qml93111hrkyzui,chatgpt,how to deal with burnout at work,US,2026-02-25T07:54:52.089Z,497,44,True,False,0,0
chatgpt_sd_mm1qml93111hrkyzui,chatgpt,what are the best high paying jobs without a degree,US,2026-02-25T07:54:52.249Z,356,21,True,False,0,0
chatgpt_sd_mm1qml93111hrkyzui,chatgpt,how to build a personal brand on LinkedIn,US,2026-02-25T07:57:30.876Z,463,25,True,True,0,0
chatgpt_sd_mm1qml93111hrkyzui,chatgpt,how to become a project manager,US,2026-02-25T07:58:36.586Z,522,27,True,False,0,0
chatgpt_sd_mm1qml93111hrkyzui,chatgpt,what is a performance improvement plan,US,2026-02-25T07:58:51.169Z,251,19,True,False,0,0
chatgpt_sd_mm1qml93111hrkyzui,chatgpt,what is the difference between a resume and a CV,US,2026-02-25T07:59:41.054Z,381,26,True,False,0,0
chatgpt_sd_mm1qml93111hrkyzui,chatgpt,how to negotiate a job offer,US,2026-02-25T08:00:30.728Z,527,37,True,False,0,0
chatgpt_sd_mm1qml93111hrkyzui,chatgpt,what is work-life balance and how to achieve it,US,2026-02-25T08:00:57.219Z,416,26,True,False,0,0
chatgpt_sd_mm1qml93111hrkyzui,chatgpt,what is the best way to find a job in 2024,US,2026-02-25T08:02:06.383Z,476,44,True,False,0,0
chatgpt_sd_mm1qml93111hrkyzui,chatgpt,how to become a UX designer with no experience,US,2026-02-25T08:05:26.238Z,543,24,True,False,0,0
chatgpt_sd_mm1qmlt924hiu021dq,chatgpt,what skills do employers look for most,US,2026-02-25T07:54:48.840Z,346,19,True,False,0,0
chatgpt_sd_mm1qmlt924hiu021dq,chatgpt,how to handle a layoff,US,2026-02-25T07:55:05.152Z,511,50,True,False,0,0
chatgpt_sd_mm1qmlt924hiu021dq,chatgpt,how to write a LinkedIn profile summary,US,2026-02-25T07:55:14.064Z,418,32,True,False,0,0
chatgpt_sd_mm1qmlt924hiu021dq,chatgpt,what is the gig economy and is it worth it,US,2026-02-25T07:55:42.327Z,323,12,True,False,0,0
chatgpt_sd_mm1qmlt924hiu021dq,chatgpt,how to get a job at a top tech company,US,2026-02-25T07:56:01.234Z,539,32,True,True,0,0
chatgpt_sd_mm1qmlt924hiu021dq,chatgpt,how to give constructive feedback at work,US,2026-02-25T07:57:33.196Z,537,54,True,False,0,0
chatgpt_sd_mm1qmlt924hiu021dq,chatgpt,what makes a good manager,US,2026-02-25T07:59:27.244Z,362,25,True,False,0,0
chatgpt_sd_mm1qmlt924hiu021dq,chatgpt,how to become a data scientist,US,2026-02-25T07:59:47.213Z,509,15,True,False,0,0
chatgpt_sd_mm1qmlt924hiu021dq,chatgpt,what is a side hustle and how to start one,US,2026-02-25T08:03:52.618Z,395,29,True,False,0,0
chatgpt_sd_mm1qmlt924hiu021dq,chatgpt,what is upskilling and why does it matter,US,2026-02-25T08:08:52.906Z,269,15,True,False,0,0
chatgpt_sd_mm1qmmd81kn804f4lx,chatgpt,what is organizational culture,US,2026-02-25T07:54:52.269Z,252,22,True,False,0,0
chatgpt_sd_mm1qmmd81kn804f4lx,chatgpt,best certifications for career advancement in tech,US,2026-02-25T07:55:03.425Z,565,24,True,False,0,0
chatgpt_sd_mm1qmmd81kn804f4lx,chatgpt,how to become a freelancer,US,2026-02-25T07:55:40.130Z,384,13,True,False,0,0
chatgpt_sd_mm1qmmd81kn804f4lx,chatgpt,what is the difference between leadership and management,US,2026-02-25T07:57:11.699Z,274,18,True,True,0,0
chatgpt_sd_mm1qmmd81kn804f4lx,chatgpt,what are the benefits of mentorship,US,2026-02-25T07:58:01.361Z,274,23,True,False,0,0
chatgpt_sd_mm1qmmd81kn804f4lx,chatgpt,how to build confidence at work,US,2026-02-25T07:58:54.368Z,498,60,True,False,0,0
chatgpt_sd_mm1qmmd81kn804f4lx,chatgpt,how to network when you are introverted,US,2026-02-25T08:00:27.244Z,462,36,True,False,0,0
chatgpt_sd_mm1qmmd81kn804f4lx,chatgpt,how to improve time management skills,US,2026-02-25T08:00:35.374Z,460,49,True,False,0,0
chatgpt_sd_mm1qmmd81kn804f4lx,chatgpt,how to create a 5-year career plan,US,2026-02-25T08:03:37.350Z,533,24,True,False,0,0
chatgpt_sd_mm1qmmd81kn804f4lx,chatgpt,what is professional development,US,2026-02-25T08:16:24.670Z,147,5,True,False,0,0
chatgpt_sd_mm1qmmz615oy6jfls8,chatgpt,best places to visit in Europe on a budget,US,2026-02-25T07:54:50.029Z,316,21,True,False,18,14
chatgpt_sd_mm1qmmz615oy6jfls8,chatgpt,how to travel cheaply around the world,US,2026-02-25T07:55:26.962Z,484,43,True,False,0,0
chatgpt_sd_mm1qmmz615oy6jfls8,chatgpt,what is travel hacking with credit card points,US,2026-02-25T07:56:09.019Z,440,22,True,False,0,0
chatgpt_sd_mm1qmmz615oy6jfls8,chatgpt,what documents do you need to travel internationally,US,2026-02-25T07:56:58.069Z,309,112,True,False,0,0
chatgpt_sd_mm1qmmz615oy6jfls8,chatgpt,best travel insurance companies,US,2026-02-25T07:57:39.299Z,380,29,True,False,19,17
chatgpt_sd_mm1qmmz615oy6jfls8,chatgpt,how to avoid jet lag,US,2026-02-25T07:58:44.383Z,286,20,True,False,0,0
chatgpt_sd_mm1qmmz615oy6jfls8,chatgpt,how to stay safe when traveling alone,US,2026-02-25T08:00:44.811Z,503,55,True,False,0,0
chatgpt_sd_mm1qmmz615oy6jfls8,chatgpt,how to ace a technical interview,US,2026-02-25T08:01:39.166Z,582,19,True,False,0,0
chatgpt_sd_mm1qmmz615oy6jfls8,chatgpt,what is the difference between visa types,US,2026-02-25T08:04:04.668Z,359,10,True,True,0,0
chatgpt_sd_mm1qmmz615oy6jfls8,chatgpt,best countries for digital nomads,US,2026-02-25T08:05:23.219Z,456,29,True,False,25,19
chatgpt_sd_mm1qmnjo2gmbb7ioup,chatgpt,best carry on luggage for frequent flyers,US,2026-02-25T07:54:14.666Z,452,80,True,False,16,7
chatgpt_sd_mm1qmnjo2gmbb7ioup,chatgpt,how to find cheap flights,US,2026-02-25T07:54:29.414Z,460,35,True,False,0,0
chatgpt_sd_mm1qmnjo2gmbb7ioup,chatgpt,what to do if your passport is stolen abroad,US,2026-02-25T07:54:39.998Z,385,24,True,False,0,0
chatgpt_sd_mm1qmnjo2gmbb7ioup,chatgpt,best time to visit Japan,US,2026-02-25T07:54:41.817Z,341,26,True,False,0,0
chatgpt_sd_mm1qmnjo2gmbb7ioup,chatgpt,how does travel rewards credit card work,US,2026-02-25T07:54:54.182Z,512,35,True,False,0,0
chatgpt_sd_mm1qmnjo2gmbb7ioup,chatgpt,best apps for traveling internationally,US,2026-02-25T07:56:18.000Z,390,25,True,False,29,19
chatgpt_sd_mm1qmnjo2gmbb7ioup,chatgpt,how to pack light for a long trip,US,2026-02-25T07:57:06.738Z,382,28,True,False,0,0
chatgpt_sd_mm1qmnjo2gmbb7ioup,chatgpt,what is slow travel,US,2026-02-25T07:58:47.626Z,242,13,True,False,0,0
chatgpt_sd_mm1qmnjo2gmbb7ioup,chatgpt,best countries to retire abroad,US,2026-02-25T08:00:07.725Z,567,33,True,True,24,21
chatgpt_sd_mm1qmnjo2gmbb7ioup,chatgpt,what vaccinations do you need for international travel,US,2026-02-25T08:02:10.711Z,489,27,True,False,17,18
chatgpt_sd_mm1qmo4726uhfwvh5h,chatgpt,what is a travel itinerary and how to plan one,US,2026-02-25T07:54:45.756Z,437,10,True,False,0,0
chatgpt_sd_mm1qmo4726uhfwvh5h,chatgpt,how to travel solo safely as a woman,US,2026-02-25T07:54:58.303Z,521,55,True,False,0,0
chatgpt_sd_mm1qmo4726uhfwvh5h,chatgpt,what are the most underrated travel destinations,US,2026-02-25T07:55:15.819Z,352,17,True,False,0,0
chatgpt_sd_mm1qmo4726uhfwvh5h,chatgpt,how to make sourdough bread from scratch,US,2026-02-25T07:57:04.200Z,442,41,True,False,0,0
chatgpt_sd_mm1qmo4726uhfwvh5h,chatgpt,what is the difference between baking soda and baking powder,US,2026-02-25T07:57:11.684Z,295,16,True,True,0,0
chatgpt_sd_mm1qmo4726uhfwvh5h,chatgpt,how to travel with dietary restrictions,US,2026-02-25T07:57:53.496Z,670,48,True,False,0,0
chatgpt_sd_mm1qmo4726uhfwvh5h,chatgpt,best way to exchange currency when traveling,US,2026-02-25T07:58:40.530Z,621,19,True,True,0,0
chatgpt_sd_mm1qmo4726uhfwvh5h,chatgpt,how to get global entry and TSA precheck,US,2026-02-25T07:59:33.480Z,495,49,True,False,21,22
chatgpt_sd_mm1qmo4726uhfwvh5h,chatgpt,best meal prep ideas for the week,US,2026-02-25T08:00:08.896Z,442,24,True,False,0,0
chatgpt_sd_mm1qmo4726uhfwvh5h,chatgpt,how to season a cast iron skillet,US,2026-02-25T08:01:09.181Z,390,31,True,False,0,0
chatgpt_sd_mm1qmoo72l7tzz5agy,chatgpt,what is the difference between vegan and plant-based diet,US,2026-02-25T07:55:03.358Z,260,12,True,True,0,0
chatgpt_sd_mm1qmoo72l7tzz5agy,chatgpt,how long does cooked chicken last in the fridge,US,2026-02-25T07:55:15.588Z,111,7,True,False,0,0
chatgpt_sd_mm1qmoo72l7tzz5agy,chatgpt,how to make homemade pasta,US,2026-02-25T07:55:22.082Z,368,24,True,False,0,0
chatgpt_sd_mm1qmoo72l7tzz5agy,chatgpt,what are the healthiest cooking oils,US,2026-02-25T07:56:12.053Z,320,13,True,False,0,0
chatgpt_sd_mm1qmoo72l7tzz5agy,chatgpt,what is the difference between stock and broth,US,2026-02-25T07:56:45.894Z,258,6,True,True,0,0
chatgpt_sd_mm1qmoo72l7tzz5agy,chatgpt,how to reduce food waste at home,US,2026-02-25T07:57:47.024Z,454,44,True,False,0,0
chatgpt_sd_mm1qmoo72l7tzz5agy,chatgpt,best high protein meals for muscle building,US,2026-02-25T07:59:10.666Z,412,22,True,False,0,0
chatgpt_sd_mm1qmoo72l7tzz5agy,chatgpt,best fermented foods for gut health,US,2026-02-25T08:01:37.629Z,349,25,True,False,0,0
chatgpt_sd_mm1qmoo72l7tzz5agy,chatgpt,what is the glycemic index of foods,US,2026-02-25T08:03:11.240Z,235,8,True,False,0,0
chatgpt_sd_mm1qmoo72l7tzz5agy,chatgpt,how to meal prep for a week on a budget,US,2026-02-25T08:06:30.194Z,413,88,True,False,0,0
chatgpt_sd_mm1qmpad1qy5v2v3b,chatgpt,how to read a food nutrition label,US,2026-02-25T07:54:36.790Z,390,24,True,False,0,0
chatgpt_sd_mm1qmpad1qy5v2v3b,chatgpt,best foods to eat before a workout,US,2026-02-25T07:55:20.401Z,362,140,True,False,0,0
chatgpt_sd_mm1qmpad1qy5v2v3b,chatgpt,what are superfoods and are they real,US,2026-02-25T07:57:06.517Z,285,18,True,False,0,0
chatgpt_sd_mm1qmpad1qy5v2v3b,chatgpt,what are the best anti-inflammatory foods,US,2026-02-25T08:01:00.331Z,310,23,True,False,0,0
chatgpt_sd_mm1qmpad1qy5v2v3b,chatgpt,how to preserve food without refrigeration,US,2026-02-25T08:02:04.605Z,462,27,True,True,0,0
chatgpt_sd_mm1qmpad1qy5v2v3b,chatgpt,how does food coloring affect children,US,2026-02-25T08:02:07.856Z,399,45,True,False,0,0
chatgpt_sd_mm1qmpad1qy5v2v3b,chatgpt,how to make cold brew coffee at home,US,2026-02-25T08:02:08.479Z,275,23,True,False,0,0
chatgpt_sd_mm1qmpad1qy5v2v3b,chatgpt,what is the carnivore diet,US,2026-02-25T08:02:15.991Z,307,13,True,False,0,0
chatgpt_sd_mm1qmpad1qy5v2v3b,chatgpt,what is intuitive eating,US,2026-02-25T08:03:24.577Z,279,31,True,False,0,0
chatgpt_sd_mm1qmpad1qy5v2v3b,chatgpt,best meal delivery kits comparison,US,2026-02-25T08:03:54.826Z,484,29,True,True,21,12
chatgpt_sd_mm1qmpvq1zk3i94ph8,chatgpt,how to build a healthy plate according to nutritionists,US,2026-02-25T07:55:25.730Z,515,34,True,False,0,0
chatgpt_sd_mm1qmpvq1zk3i94ph8,chatgpt,how to dispute a medical bill,US,2026-02-25T07:56:04.256Z,691,40,True,False,0,0
chatgpt_sd_mm1qmpvq1zk3i94ph8,chatgpt,what are tenant rights when renting,US,2026-02-25T07:56:09.791Z,416,21,True,False,0,0
chatgpt_sd_mm1qmpvq1zk3i94ph8,chatgpt,what is the difference between civil and criminal law,US,2026-02-25T07:57:33.893Z,395,21,True,True,0,0
chatgpt_sd_mm1qmpvq1zk3i94ph8,chatgpt,how to write a last will and testament,US,2026-02-25T08:00:42.560Z,530,36,True,False,0,0
chatgpt_sd_mm1qmpvq1zk3i94ph8,chatgpt,what is power of attorney and how does it work,US,2026-02-25T08:02:19.961Z,375,27,True,False,0,0
chatgpt_sd_mm1qmpvq1zk3i94ph8,chatgpt,what is fair use in copyright law,US,2026-02-25T08:02:36.468Z,313,16,True,False,0,0
chatgpt_sd_mm1qmpvq1zk3i94ph8,chatgpt,how to file a complaint against a company,US,2026-02-25T08:03:52.832Z,342,26,True,False,0,0
chatgpt_sd_mm1qmpvq1zk3i94ph8,chatgpt,how does small claims court work,US,2026-02-25T08:04:26.041Z,415,34,True,False,0,0
chatgpt_sd_mm1qmpvq1zk3i94ph8,chatgpt,what is the difference between a will and a trust,US,2026-02-25T08:04:34.420Z,405,8,True,True,0,0
chatgpt_sd_mm1qmqgr1de5px8nxj,chatgpt,how does the probate process work,US,2026-02-25T07:54:54.243Z,452,26,True,False,0,0
chatgpt_sd_mm1qmqgr1de5px8nxj,chatgpt,what rights do employees have in the workplace,US,2026-02-25T07:55:07.803Z,485,33,True,False,0,0
chatgpt_sd_mm1qmqgr1de5px8nxj,chatgpt,what is GDPR and who does it apply to,US,2026-02-25T07:55:28.056Z,396,13,True,False,0,0
chatgpt_sd_mm1qmqgr1de5px8nxj,chatgpt,how to sue someone in small claims court,US,2026-02-25T07:55:35.262Z,507,29,True,False,0,0
chatgpt_sd_mm1qmqgr1de5px8nxj,chatgpt,how to protect your intellectual property,US,2026-02-25T07:57:21.927Z,543,26,True,True,0,0
chatgpt_sd_mm1qmqgr1de5px8nxj,chatgpt,how to get out of a contract legally,US,2026-02-25T07:59:21.625Z,380,26,True,False,0,0
chatgpt_sd_mm1qmqgr1de5px8nxj,chatgpt,what is an LLC and how to form one,US,2026-02-25T07:59:31.622Z,569,27,True,False,0,0
chatgpt_sd_mm1qmqgr1de5px8nxj,chatgpt,what is defamation and how to prove it,US,2026-02-25T08:00:26.202Z,535,37,True,False,0,0
chatgpt_sd_mm1qmqgr1de5px8nxj,chatgpt,how does workers compensation work,US,2026-02-25T08:01:00.440Z,440,27,True,False,0,0
chatgpt_sd_mm1qmqgr1de5px8nxj,chatgpt,what are your rights if you are arrested,US,2026-02-25T08:05:48.187Z,408,29,True,False,0,0
chatgpt_sd_mm1qmr1yvapgeggg5,chatgpt,how to trademark a business name,US,2026-02-25T07:55:00.612Z,450,24,True,False,0,0
chatgpt_sd_mm1qmr1yvapgeggg5,chatgpt,what is the statute of limitations,US,2026-02-25T07:57:21.192Z,195,7,True,False,0,0
chatgpt_sd_mm1qmr1yvapgeggg5,chatgpt,how to build muscle as a beginner,US,2026-02-25T07:58:08.114Z,344,17,True,False,0,0
chatgpt_sd_mm1qmr1yvapgeggg5,chatgpt,what is progressive overload in weightlifting,US,2026-02-25T07:59:00.214Z,272,14,True,False,0,0
chatgpt_sd_mm1qmr1yvapgeggg5,chatgpt,what is a non-disclosure agreement,US,2026-02-25T08:00:25.769Z,278,17,True,False,0,0
chatgpt_sd_mm1qmr1yvapgeggg5,chatgpt,how to dispute a credit report error,US,2026-02-25T08:01:52.316Z,471,36,True,False,0,0
chatgpt_sd_mm1qmr1yvapgeggg5,chatgpt,best workout routine for weight loss,US,2026-02-25T08:02:10.304Z,364,105,True,True,0,0
chatgpt_sd_mm1qmr1yvapgeggg5,chatgpt,how does medical malpractice work,US,2026-02-25T08:02:29.077Z,502,29,True,False,0,0
chatgpt_sd_mm1qmr1yvapgeggg5,chatgpt,how many calories should I eat to lose weight,US,2026-02-25T08:02:52.428Z,228,7,True,True,0,0
chatgpt_sd_mm1qmr1yvapgeggg5,chatgpt,what is the difference between a misdemeanor and a felony,US,2026-02-25T08:03:30.281Z,313,9,True,True,0,0
chatgpt_sd_mm1qmrmg2lk9feeo0j,chatgpt,what is the difference between cardio and HIIT,US,2026-02-25T07:55:12.544Z,320,18,True,True,0,0
chatgpt_sd_mm1qmrmg2lk9feeo0j,chatgpt,how to stretch properly before and after exercise,US,2026-02-25T07:55:57.146Z,342,15,True,False,0,0
chatgpt_sd_mm1qmrmg2lk9feeo0j,chatgpt,what is the best time of day to work out,US,2026-02-25T07:56:49.163Z,307,107,True,False,0,0
chatgpt_sd_mm1qmrmg2lk9feeo0j,chatgpt,what is the difference between free weights and machines,US,2026-02-25T07:58:27.712Z,270,11,True,False,0,0
chatgpt_sd_mm1qmrmg2lk9feeo0j,chatgpt,how does protein synthesis work in muscles,US,2026-02-25T08:00:57.586Z,550,23,True,False,0,0
chatgpt_sd_mm1qmrmg2lk9feeo0j,chatgpt,best supplements for muscle growth,US,2026-02-25T08:01:07.789Z,441,32,True,False,25,12
chatgpt_sd_mm1qmrmg2lk9feeo0j,chatgpt,how to train for a marathon as a beginner,US,2026-02-25T08:01:48.861Z,795,57,True,False,0,0
chatgpt_sd_mm1qmrmg2lk9feeo0j,chatgpt,best home workout equipment on a budget,US,2026-02-25T08:02:20.941Z,480,53,True,False,18,4
chatgpt_sd_mm1qmrmg2lk9feeo0j,chatgpt,how to fix bad posture from sitting,US,2026-02-25T08:02:35.512Z,576,44,True,False,0,0
chatgpt_sd_mm1qmrmg2lk9feeo0j,chatgpt,how to improve running endurance,US,2026-02-25T08:02:49.249Z,488,20,True,False,0,0
chatgpt_sd_mm1qms8f2c9v3n7pf5,chatgpt,how to create a workout schedule,US,2026-02-25T07:55:04.153Z,494,16,True,False,0,0
chatgpt_sd_mm1qms8f2c9v3n7pf5,chatgpt,how to lose belly fat effectively,US,2026-02-25T07:55:34.877Z,381,17,True,False,0,0
chatgpt_sd_mm1qms8f2c9v3n7pf5,chatgpt,what is a caloric deficit and how to calculate it,US,2026-02-25T07:56:10.849Z,413,27,True,False,0,0
chatgpt_sd_mm1qms8f2c9v3n7pf5,chatgpt,how to improve flexibility and mobility,US,2026-02-25T07:57:28.484Z,452,29,True,False,0,0
chatgpt_sd_mm1qms8f2c9v3n7pf5,chatgpt,how does zone 2 cardio training work,US,2026-02-25T07:59:12.606Z,513,19,True,False,0,0
chatgpt_sd_mm1qms8f2c9v3n7pf5,chatgpt,best exercises for lower back pain,US,2026-02-25T07:59:39.275Z,385,25,True,False,0,0
chatgpt_sd_mm1qms8f2c9v3n7pf5,chatgpt,what is the best exercise for mental health,US,2026-02-25T08:01:21.144Z,309,19,True,False,0,0
chatgpt_sd_mm1qms8f2c9v3n7pf5,chatgpt,best exercises for core strength,US,2026-02-25T08:01:35.550Z,359,19,True,False,0,0
chatgpt_sd_mm1qms8f2c9v3n7pf5,chatgpt,what causes delayed onset muscle soreness,US,2026-02-25T08:02:27.020Z,327,16,True,False,0,0
chatgpt_sd_mm1qms8f2c9v3n7pf5,chatgpt,how to recover from overtraining,US,2026-02-25T08:03:35.184Z,504,21,True,False,0,0
chatgpt_sd_mm1qmsszp4dmdva3b,chatgpt,what is the difference between aerobic and anaerobic exercise,US,2026-02-25T07:54:13.868Z,317,15,True,False,16,10
chatgpt_sd_mm1qmsszp4dmdva3b,chatgpt,what is gentle parenting,US,2026-02-25T07:54:56.909Z,323,20,True,False,0,0
chatgpt_sd_mm1qmsszp4dmdva3b,chatgpt,best books for new parents,US,2026-02-25T07:55:01.017Z,496,21,True,False,0,12
chatgpt_sd_mm1qmsszp4dmdva3b,chatgpt,how to handle a toddler meltdown,US,2026-02-25T07:55:07.708Z,423,48,True,False,0,0
chatgpt_sd_mm1qmsszp4dmdva3b,chatgpt,how much screen time is too much for kids,US,2026-02-25T07:55:29.567Z,295,13,True,False,0,0
chatgpt_sd_mm1qmsszp4dmdva3b,chatgpt,how to talk to kids about death,US,2026-02-25T07:57:23.411Z,470,41,True,False,0,0
chatgpt_sd_mm1qmsszp4dmdva3b,chatgpt,what is the difference between authoritative and authoritarian parenting,US,2026-02-25T07:59:25.194Z,323,15,True,True,0,0
chatgpt_sd_mm1qmsszp4dmdva3b,chatgpt,what age should kids start learning to read,US,2026-02-25T08:00:55.887Z,195,10,True,False,0,0
chatgpt_sd_mm1qmsszp4dmdva3b,chatgpt,how to raise financially responsible children,US,2026-02-25T08:01:27.824Z,566,59,True,False,0,0
chatgpt_sd_mm1qmsszp4dmdva3b,chatgpt,best ways to discipline a child without yelling,US,2026-02-25T08:01:56.052Z,476,63,True,False,0,0
chatgpt_sd_mm1qmtdg2mya34erk4,chatgpt,how to encourage a growth mindset in children,US,2026-02-25T07:55:10.630Z,428,49,True,False,0,0
chatgpt_sd_mm1qmtdg2mya34erk4,chatgpt,what are the stages of child development,US,2026-02-25T07:55:27.358Z,317,20,True,False,0,0
chatgpt_sd_mm1qmtdg2mya34erk4,chatgpt,how to talk to teens about social media,US,2026-02-25T07:56:25.605Z,527,43,True,False,0,0
chatgpt_sd_mm1qmtdg2mya34erk4,chatgpt,what are signs of ADHD in children,US,2026-02-25T07:57:07.330Z,358,9,True,False,0,0
chatgpt_sd_mm1qmtdg2mya34erk4,chatgpt,how to co-parent effectively after divorce,US,2026-02-25T08:00:24.340Z,513,32,True,False,0,0
chatgpt_sd_mm1qmtdg2mya34erk4,chatgpt,how to help a child with anxiety,US,2026-02-25T08:00:42.271Z,578,56,True,False,0,0
chatgpt_sd_mm1qmtdg2mya34erk4,chatgpt,what is helicopter parenting and its effects,US,2026-02-25T08:00:47.408Z,370,14,True,False,0,0
chatgpt_sd_mm1qmtdg2mya34erk4,chatgpt,best educational apps for kids,US,2026-02-25T08:01:49.965Z,376,20,True,False,26,15
chatgpt_sd_mm1qmtdg2mya34erk4,chatgpt,what is attachment theory in child development,US,2026-02-25T08:01:51.498Z,633,33,True,False,0,0
chatgpt_sd_mm1qmtdg2mya34erk4,chatgpt,how to prepare a child for a new sibling,US,2026-02-25T08:02:05.942Z,428,40,True,False,0,0
chatgpt_sd_mm1qmtzmcs8jon61v,chatgpt,what caused the fall of the Roman Empire,US,2026-02-25T07:55:02.149Z,391,32,True,False,0,0
chatgpt_sd_mm1qmtzmcs8jon61v,chatgpt,how to stop a child from lying,US,2026-02-25T07:55:08.495Z,495,48,True,False,0,0
chatgpt_sd_mm1qmtzmcs8jon61v,chatgpt,how did World War 1 start,US,2026-02-25T07:55:11.099Z,281,29,True,False,0,0
chatgpt_sd_mm1qmtzmcs8jon61v,chatgpt,how did the Cold War end,US,2026-02-25T07:55:38.123Z,382,26,True,False,0,0
chatgpt_sd_mm1qmtzmcs8jon61v,chatgpt,what was the Manhattan Project,US,2026-02-25T07:57:02.012Z,216,32,True,False,0,0
chatgpt_sd_mm1qmtzmcs8jon61v,chatgpt,how did the civil rights movement change America,US,2026-02-25T07:59:26.960Z,376,35,True,False,0,0
chatgpt_sd_mm1qmtzmcs8jon61v,chatgpt,what was the significance of the printing press,US,2026-02-25T08:00:58.831Z,449,28,False,False,0,0
chatgpt_sd_mm1qmtzmcs8jon61v,chatgpt,what was the significance of the Magna Carta,US,2026-02-25T08:01:54.462Z,374,39,True,False,0,0
chatgpt_sd_mm1qmtzmcs8jon61v,chatgpt,how did the Industrial Revolution change society,US,2026-02-25T08:03:14.885Z,417,22,True,False,0,0
chatgpt_sd_mm1qmtzmcs8jon61v,chatgpt,what caused the Great Depression,US,2026-02-25T08:03:46.688Z,421,45,True,False,0,0
chatgpt_sd_mm1qmukm1qf7gdbc4p,chatgpt,how did the internet change the world,US,2026-02-25T07:54:53.113Z,408,39,True,False,0,0
chatgpt_sd_mm1qmukm1qf7gdbc4p,chatgpt,how did the French Revolution start,US,2026-02-25T07:55:54.807Z,585,34,True,False,0,0
chatgpt_sd_mm1qmukm1qf7gdbc4p,chatgpt,what is the history of the United Nations,US,2026-02-25T07:57:28.924Z,985,48,True,False,0,0
chatgpt_sd_mm1qmukm1qf7gdbc4p,chatgpt,how did the Black Death change Europe,US,2026-02-25T07:57:45.742Z,418,36,True,False,0,0
chatgpt_sd_mm1qmukm1qf7gdbc4p,chatgpt,what caused World War 2,US,2026-02-25T07:58:32.349Z,351,15,True,False,0,0
chatgpt_sd_mm1qmukm1qf7gdbc4p,chatgpt,what was the Berlin Wall and why was it built,US,2026-02-25T07:59:31.915Z,348,18,True,False,0,0
chatgpt_sd_mm1qmukm1qf7gdbc4p,chatgpt,what was the significance of the moon landing,US,2026-02-25T08:00:31.480Z,284,26,True,False,0,0
chatgpt_sd_mm1qmukm1qf7gdbc4p,chatgpt,what was the significance of the Treaty of Versailles,US,2026-02-25T08:01:28.388Z,350,24,True,False,0,0
chatgpt_sd_mm1qmukm1qf7gdbc4p,chatgpt,how did slavery shape the American economy,US,2026-02-25T08:01:55.269Z,540,39,True,False,0,0
chatgpt_sd_mm1qmukm1qf7gdbc4p,chatgpt,how did colonialism shape the modern world,US,2026-02-25T08:04:06.574Z,526,128,True,False,0,0
chatgpt_sd_mm1qmv5x223iwdo91x,chatgpt,what is the difference between nuclear fission and fusion,US,2026-02-25T07:55:28.420Z,305,13,True,True,0,0
chatgpt_sd_mm1qmv5x223iwdo91x,chatgpt,how does quantum entanglement work,US,2026-02-25T07:55:32.374Z,491,20,True,False,0,0
chatgpt_sd_mm1qmv5x223iwdo91x,chatgpt,what is epigenetics,US,2026-02-25T07:58:29.864Z,176,13,True,False,0,0
chatgpt_sd_mm1qmv5x223iwdo91x,chatgpt,what was the space race about,US,2026-02-25T08:00:19.918Z,294,23,True,False,0,0
chatgpt_sd_mm1qmv5x223iwdo91x,chatgpt,how does evolution work,US,2026-02-25T08:01:12.477Z,327,25,True,False,0,0
chatgpt_sd_mm1qmv5x223iwdo91x,chatgpt,what is dark matter,US,2026-02-25T08:01:19.599Z,343,43,True,False,0,0
chatgpt_sd_mm1qmv5x223iwdo91x,chatgpt,how does vaccination work,US,2026-02-25T08:01:40.645Z,319,8,True,False,0,0
chatgpt_sd_mm1qmv5x223iwdo91x,chatgpt,what is the theory of relativity explained simply,US,2026-02-25T08:01:49.263Z,299,25,True,False,0,0
chatgpt_sd_mm1qmv5x223iwdo91x,chatgpt,how does mRNA vaccine technology work,US,2026-02-25T08:02:15.359Z,434,30,True,False,0,0
chatgpt_sd_mm1qmv5x223iwdo91x,chatgpt,how does the gut-brain axis work,US,2026-02-25T08:03:59.682Z,423,13,True,False,0,0
chatgpt_sd_mm1qmvrrv8xazbp3m,chatgpt,what is antibiotic resistance,US,2026-02-25T07:55:27.102Z,208,15,True,False,0,0
chatgpt_sd_mm1qmvrrv8xazbp3m,chatgpt,what is neuroplasticity,US,2026-02-25T07:55:48.448Z,212,13,True,False,0,0
chatgpt_sd_mm1qmvrrv8xazbp3m,chatgpt,how does the carbon cycle work,US,2026-02-25T07:57:03.537Z,430,20,True,True,0,0
chatgpt_sd_mm1qmvrrv8xazbp3m,chatgpt,how did the universe begin,US,2026-02-25T08:00:56.705Z,524,37,True,False,25,13
chatgpt_sd_mm1qmvrrv8xazbp3m,chatgpt,how to study effectively for exams,US,2026-02-25T08:02:15.973Z,367,36,True,False,0,0
chatgpt_sd_mm1qmvrrv8xazbp3m,chatgpt,what is the difference between a PhD and a professional doctorate,US,2026-02-25T08:02:21.613Z,403,30,True,False,0,0
chatgpt_sd_mm1qmvrrv8xazbp3m,chatgpt,how does student loan forgiveness work,US,2026-02-25T08:02:46.195Z,451,45,True,False,0,0
chatgpt_sd_mm1qmvrrv8xazbp3m,chatgpt,best online learning platforms comparison,US,2026-02-25T08:03:59.927Z,582,22,True,True,19,14
chatgpt_sd_mm1qmvrrv8xazbp3m,chatgpt,how does the human genome work,US,2026-02-25T08:04:09.124Z,585,36,True,False,0,0
chatgpt_sd_mm1qmvrrv8xazbp3m,chatgpt,what is the difference between GMO and hybrid crops,US,2026-02-25T08:05:10.978Z,307,20,True,True,0,0
chatgpt_sd_mm1qmwcs23mbqztonu,chatgpt,how to speed read effectively,US,2026-02-25T07:54:57.112Z,431,42,True,True,0,0
chatgpt_sd_mm1qmwcs23mbqztonu,chatgpt,what is project-based learning,US,2026-02-25T07:55:24.936Z,280,19,True,False,0,0
chatgpt_sd_mm1qmwcs23mbqztonu,chatgpt,how to choose a college major,US,2026-02-25T07:56:28.590Z,488,25,True,False,0,0
chatgpt_sd_mm1qmwcs23mbqztonu,chatgpt,what is the difference between associate and bachelor degree,US,2026-02-25T07:58:43.222Z,311,8,True,True,0,0
chatgpt_sd_mm1qmwcs23mbqztonu,chatgpt,what is the Socratic method of teaching,US,2026-02-25T07:59:15.915Z,210,13,True,False,0,0
chatgpt_sd_mm1qmwcs23mbqztonu,chatgpt,how to memorize things quickly,US,2026-02-25T08:00:06.093Z,346,32,True,True,0,0
chatgpt_sd_mm1qmwcs23mbqztonu,chatgpt,how does the US education system compare to other countries,US,2026-02-25T08:00:35.768Z,642,65,True,True,22,12
chatgpt_sd_mm1qmwcs23mbqztonu,chatgpt,what are the best MOOCs for data science,US,2026-02-25T08:01:38.012Z,448,37,True,False,22,12
chatgpt_sd_mm1qmwcs23mbqztonu,chatgpt,how to pay for college without student loans,US,2026-02-25T08:01:44.167Z,501,28,True,False,0,0
chatgpt_sd_mm1qmwcs23mbqztonu,chatgpt,what is the Feynman technique for learning,US,2026-02-25T08:01:44.234Z,291,19,True,False,0,0
chatgpt_sd_mm1qmx018i5nsfdl8,chatgpt,how to get scholarships for college,US,2026-02-25T07:55:37.892Z,399,21,True,False,0,0
chatgpt_sd_mm1qmx018i5nsfdl8,chatgpt,what is quantitative easing,US,2026-02-25T07:55:58.233Z,258,12,True,False,0,0
chatgpt_sd_mm1qmx018i5nsfdl8,chatgpt,what is experiential learning,US,2026-02-25T07:55:58.711Z,274,13,True,False,0,0
chatgpt_sd_mm1qmx018i5nsfdl8,chatgpt,how does the European Central Bank work,US,2026-02-25T07:57:25.475Z,509,46,True,False,0,0
chatgpt_sd_mm1qmx018i5nsfdl8,chatgpt,what causes stagflation,US,2026-02-25T07:58:43.860Z,391,25,True,False,0,0
chatgpt_sd_mm1qmx018i5nsfdl8,chatgpt,how does monetary policy affect inflation,US,2026-02-25T07:59:10.537Z,377,16,True,False,0,0
chatgpt_sd_mm1qmx018i5nsfdl8,chatgpt,what is GDP and how is it calculated,US,2026-02-25T07:59:13.158Z,487,13,True,False,0,0
chatgpt_sd_mm1qmx018i5nsfdl8,chatgpt,what is the difference between fiscal and monetary policy,US,2026-02-25T08:00:49.202Z,290,14,True,True,0,0
chatgpt_sd_mm1qmx018i5nsfdl8,chatgpt,how does international trade work,US,2026-02-25T08:01:47.010Z,431,40,True,False,0,0
chatgpt_sd_mm1qmx018i5nsfdl8,chatgpt,what is a trade deficit,US,2026-02-25T08:15:38.188Z,209,9,True,False,0,0
chatgpt_sd_mm1qmxkpxyuqcglu4,chatgpt,how does universal basic income work,US,2026-02-25T07:55:51.189Z,428,78,True,False,0,0
chatgpt_sd_mm1qmxkpxyuqcglu4,chatgpt,what is the Laffer curve,US,2026-02-25T07:57:15.919Z,282,13,True,False,0,0
chatgpt_sd_mm1qmxkpxyuqcglu4,chatgpt,what is game theory in economics,US,2026-02-25T08:01:11.926Z,322,14,True,False,21,11
chatgpt_sd_mm1qmxkpxyuqcglu4,chatgpt,what is venture capital and how does it work,US,2026-02-25T08:02:40.300Z,527,33,True,False,0,0
chatgpt_sd_mm1qmxkpxyuqcglu4,chatgpt,how does venture capital funding work,US,2026-02-25T08:03:20.958Z,551,24,True,False,0,0
chatgpt_sd_mm1qmxkpxyuqcglu4,chatgpt,how do tariffs work,US,2026-02-25T08:03:30.117Z,328,33,True,False,0,0
chatgpt_sd_mm1qmxkpxyuqcglu4,chatgpt,what is a competitive analysis,US,2026-02-25T08:04:23.330Z,292,10,True,False,0,0
chatgpt_sd_mm1qmxkpxyuqcglu4,chatgpt,how does the minimum wage affect the economy,US,2026-02-25T08:04:32.681Z,700,40,True,False,0,0
chatgpt_sd_mm1qmxkpxyuqcglu4,chatgpt,how to validate a business idea,US,2026-02-25T08:05:33.624Z,453,26,True,False,0,0
chatgpt_sd_mm1qmxkpxyuqcglu4,chatgpt,how does the debt ceiling work,US,2026-02-25T08:15:40.699Z,444,38,True,False,0,0
chatgpt_sd_mm1qmy5v1y3q0bhne6,chatgpt,what is the difference between B2B and B2C,US,2026-02-25T07:55:20.457Z,243,7,True,True,0,0
chatgpt_sd_mm1qmy5v1y3q0bhne6,chatgpt,how to create a minimum viable product,US,2026-02-25T07:56:01.614Z,592,28,True,False,0,0
chatgpt_sd_mm1qmy5v1y3q0bhne6,chatgpt,what is a SWOT analysis,US,2026-02-25T07:56:13.804Z,142,17,True,False,0,0
chatgpt_sd_mm1qmy5v1y3q0bhne6,chatgpt,how to scale a small business,US,2026-02-25T07:57:01.168Z,493,39,True,False,0,0
chatgpt_sd_mm1qmy5v1y3q0bhne6,chatgpt,how does a franchise model work,US,2026-02-25T07:58:39.072Z,523,36,True,False,0,0
chatgpt_sd_mm1qmy5v1y3q0bhne6,chatgpt,what is the difference between sole proprietorship and LLC,US,2026-02-25T07:59:44.752Z,469,33,True,True,0,0
chatgpt_sd_mm1qmy5v1y3q0bhne6,chatgpt,how to create a pricing strategy,US,2026-02-25T07:59:53.586Z,658,55,True,True,0,0
chatgpt_sd_mm1qmy5v1y3q0bhne6,chatgpt,what is product market fit,US,2026-02-25T08:00:45.801Z,225,18,True,False,0,0
chatgpt_sd_mm1qmy5v1y3q0bhne6,chatgpt,how to build a SaaS business,US,2026-02-25T08:03:41.721Z,501,17,True,False,0,0
chatgpt_sd_mm1qmy5v1y3q0bhne6,chatgpt,what is a pitch deck and what should it include,US,2026-02-25T08:03:58.629Z,445,33,True,False,0,0
chatgpt_sd_mm1qmyrs1vdcfwioib,chatgpt,how to measure business success with KPIs,US,2026-02-25T07:55:54.015Z,591,50,True,False,0,0
chatgpt_sd_mm1qmyrs1vdcfwioib,chatgpt,what is the difference between SEO and SEM,US,2026-02-25T07:57:11.607Z,323,25,True,False,0,0
chatgpt_sd_mm1qmyrs1vdcfwioib,chatgpt,what is an exit strategy in business,US,2026-02-25T08:01:51.725Z,381,31,True,False,0,0
chatgpt_sd_mm1qmyrs1vdcfwioib,chatgpt,what is conversion rate optimization,US,2026-02-25T08:02:19.793Z,280,23,True,False,0,0
chatgpt_sd_mm1qmyrs1vdcfwioib,chatgpt,what is influencer marketing,US,2026-02-25T08:02:26.980Z,108,6,False,False,0,0
chatgpt_sd_mm1qmyrs1vdcfwioib,chatgpt,how does programmatic advertising work,US,2026-02-25T08:03:49.108Z,465,22,True,True,0,0
chatgpt_sd_mm1qmyrs1vdcfwioib,chatgpt,what is the difference between revenue and profit,US,2026-02-25T08:04:50.541Z,203,15,True,False,0,0
chatgpt_sd_mm1qmyrs1vdcfwioib,chatgpt,how does email marketing work,US,2026-02-25T08:05:19.547Z,515,35,True,False,0,0
chatgpt_sd_mm1qmyrs1vdcfwioib,chatgpt,how to build an email list from scratch,US,2026-02-25T08:05:26.476Z,538,22,True,False,0,0
chatgpt_sd_mm1qmyrs1vdcfwioib,chatgpt,how to create a social media strategy,US,2026-02-25T08:06:43.489Z,497,29,True,False,0,0
chatgpt_sd_mm1qmzd9134ar3kmhv,chatgpt,what is the difference between organic and paid social media,US,2026-02-25T07:56:10.674Z,275,8,True,True,0,0
chatgpt_sd_mm1qmzd9134ar3kmhv,chatgpt,how does Google Ads work,US,2026-02-25T07:56:15.979Z,498,30,True,False,0,0
chatgpt_sd_mm1qmzd9134ar3kmhv,chatgpt,what is affiliate marketing,US,2026-02-25T07:56:45.701Z,271,22,True,False,0,0
chatgpt_sd_mm1qmzd9134ar3kmhv,chatgpt,how to do keyword research for SEO,US,2026-02-25T07:58:44.075Z,588,33,True,True,0,0
chatgpt_sd_mm1qmzd9134ar3kmhv,chatgpt,what is brand positioning,US,2026-02-25T07:58:53.108Z,242,8,True,False,25,16
chatgpt_sd_mm1qmzd9134ar3kmhv,chatgpt,what is a marketing funnel,US,2026-02-25T07:59:47.856Z,368,45,True,False,0,0
chatgpt_sd_mm1qmzd9134ar3kmhv,chatgpt,what is the difference between a landing page and homepage,US,2026-02-25T08:02:01.155Z,422,30,True,False,0,0
chatgpt_sd_mm1qmzd9134ar3kmhv,chatgpt,how does remarketing work,US,2026-02-25T08:02:30.788Z,409,26,True,False,0,0
chatgpt_sd_mm1qmzd9134ar3kmhv,chatgpt,how to measure marketing ROI,US,2026-02-25T08:04:33.800Z,360,19,True,False,0,0
chatgpt_sd_mm1qmzd9134ar3kmhv,chatgpt,what is cognitive behavioral therapy,US,2026-02-25T08:05:30.341Z,285,18,True,False,0,0
chatgpt_sd_mm1qmzxu1dgyzao26i,chatgpt,how does classical conditioning work,US,2026-02-25T07:54:55.829Z,331,33,True,False,0,0
chatgpt_sd_mm1qmzxu1dgyzao26i,chatgpt,how does confirmation bias work,US,2026-02-25T07:55:33.705Z,447,28,True,False,0,0
chatgpt_sd_mm1qmzxu1dgyzao26i,chatgpt,what is the difference between psychologist and psychiatrist,US,2026-02-25T07:56:03.409Z,171,5,True,False,0,0
chatgpt_sd_mm1qmzxu1dgyzao26i,chatgpt,what is attachment theory,US,2026-02-25T07:56:50.397Z,318,14,True,False,0,0
chatgpt_sd_mm1qmzxu1dgyzao26i,chatgpt,how does social comparison theory work,US,2026-02-25T07:58:01.706Z,372,34,True,False,0,0
chatgpt_sd_mm1qmzxu1dgyzao26i,chatgpt,what are the Big 5 personality traits,US,2026-02-25T08:00:09.412Z,230,9,True,False,0,0
chatgpt_sd_mm1qmzxu1dgyzao26i,chatgpt,how does Maslow hierarchy of needs work,US,2026-02-25T08:00:53.728Z,295,12,True,False,0,0
chatgpt_sd_mm1qmzxu1dgyzao26i,chatgpt,how does trauma affect the brain,US,2026-02-25T08:01:38.697Z,427,20,True,False,0,0
chatgpt_sd_mm1qmzxu1dgyzao26i,chatgpt,what is the dunning-kruger effect,US,2026-02-25T08:01:52.357Z,228,12,True,False,0,0
chatgpt_sd_mm1qmzxu1dgyzao26i,chatgpt,what are the stages of grief,US,2026-02-25T08:02:05.991Z,387,26,True,False,0,0
chatgpt_sd_mm1qn0ih2eh159pjom,chatgpt,how does positive reinforcement work,US,2026-02-25T07:54:57.688Z,287,24,True,False,0,0
chatgpt_sd_mm1qn0ih2eh159pjom,chatgpt,how does therapy help with mental health,US,2026-02-25T07:55:59.282Z,436,25,True,False,0,0
chatgpt_sd_mm1qn0ih2eh159pjom,chatgpt,what is the psychology of motivation,US,2026-02-25T07:56:30.855Z,422,35,True,False,0,0
chatgpt_sd_mm1qn0ih2eh159pjom,chatgpt,what is the difference between weather and climate,US,2026-02-25T07:59:13.078Z,218,12,True,False,15,7
chatgpt_sd_mm1qn0ih2eh159pjom,chatgpt,what is the difference between anxiety and depression,US,2026-02-25T07:59:54.737Z,286,11,True,True,0,0
chatgpt_sd_mm1qn0ih2eh159pjom,chatgpt,what is emotional regulation and how to improve it,US,2026-02-25T08:00:34.122Z,435,30,True,False,0,15
chatgpt_sd_mm1qn0ih2eh159pjom,chatgpt,what is biodiversity and why does it matter,US,2026-02-25T08:02:29.984Z,321,23,True,False,0,0
chatgpt_sd_mm1qn0ih2eh159pjom,chatgpt,how does solar energy work,US,2026-02-25T08:03:58.342Z,283,23,True,False,0,0
chatgpt_sd_mm1qn0ih2eh159pjom,chatgpt,how does carbon capture technology work,US,2026-02-25T08:04:32.063Z,433,18,True,False,0,0
chatgpt_sd_mm1qn0ih2eh159pjom,chatgpt,how does the placebo effect work,US,2026-02-25T08:08:22.074Z,430,26,True,False,0,0
chatgpt_sd_mm1qn140231hxcl6i,chatgpt,what is the Paris Agreement,US,2026-02-25T07:55:04.872Z,325,24,True,False,0,0
chatgpt_sd_mm1qn140231hxcl6i,chatgpt,how does wind energy work,US,2026-02-25T07:56:09.226Z,343,28,True,False,0,0
chatgpt_sd_mm1qn140231hxcl6i,chatgpt,how does deforestation affect climate change,US,2026-02-25T07:58:58.414Z,335,25,True,False,0,0
chatgpt_sd_mm1qn140231hxcl6i,chatgpt,how does ocean acidification work,US,2026-02-25T08:00:39.053Z,416,14,True,False,0,0
chatgpt_sd_mm1qn140231hxcl6i,chatgpt,how to make your home more energy efficient,US,2026-02-25T08:01:31.593Z,464,38,True,False,0,0
chatgpt_sd_mm1qn140231hxcl6i,chatgpt,what is the circular economy,US,2026-02-25T08:01:51.676Z,229,13,True,False,0,0
chatgpt_sd_mm1qn140231hxcl6i,chatgpt,what is environmental justice,US,2026-02-25T08:01:59.524Z,379,18,True,False,0,0
chatgpt_sd_mm1qn140231hxcl6i,chatgpt,what are the effects of microplastics on health,US,2026-02-25T08:02:17.353Z,577,32,True,False,21,25
chatgpt_sd_mm1qn140231hxcl6i,chatgpt,what is greenwashing,US,2026-02-25T08:02:52.629Z,267,14,True,False,0,0
chatgpt_sd_mm1qn140231hxcl6i,chatgpt,how does electric vehicle adoption affect emissions,US,2026-02-25T08:04:01.001Z,574,31,True,False,0,0
chatgpt_sd_mm1qn1q610qxsvla43,chatgpt,how does sustainable agriculture work,US,2026-02-25T07:55:24.674Z,383,18,True,False,0,0
chatgpt_sd_mm1qn1q610qxsvla43,chatgpt,what is net zero emissions,US,2026-02-25T07:55:28.137Z,310,17,True,False,0,0
chatgpt_sd_mm1qn1q610qxsvla43,chatgpt,how does the US Supreme Court work,US,2026-02-25T07:57:26.932Z,460,36,True,False,0,0
chatgpt_sd_mm1qn1q610qxsvla43,chatgpt,how do coral reefs die,US,2026-02-25T07:59:12.537Z,330,20,True,False,0,0
chatgpt_sd_mm1qn1q610qxsvla43,chatgpt,how does ranked choice voting work,US,2026-02-25T08:00:27.347Z,381,29,True,False,0,0
chatgpt_sd_mm1qn1q610qxsvla43,chatgpt,what is the difference between the House and Senate,US,2026-02-25T08:01:45.659Z,290,53,True,True,0,0
chatgpt_sd_mm1qn1q610qxsvla43,chatgpt,what is gerrymandering,US,2026-02-25T08:01:51.268Z,240,36,True,False,0,0
chatgpt_sd_mm1qn1q610qxsvla43,chatgpt,how does NATO work,US,2026-02-25T08:02:03.596Z,409,25,True,False,0,0
chatgpt_sd_mm1qn1q610qxsvla43,chatgpt,what is lobbying and how does it affect politics,US,2026-02-25T08:02:27.618Z,398,29,True,False,0,0
chatgpt_sd_mm1qn1q610qxsvla43,chatgpt,what is the difference between renewable and nonrenewable energy,US,2026-02-25T08:03:24.155Z,247,5,True,True,0,0
chatgpt_sd_mm1qn2bb20jsget5y2,chatgpt,what is the difference between democracy and republic,US,2026-02-25T07:56:30.560Z,278,14,True,True,0,0
chatgpt_sd_mm1qn2bb20jsget5y2,chatgpt,how does the IMF work,US,2026-02-25T07:57:38.588Z,435,16,True,False,0,0
chatgpt_sd_mm1qn2bb20jsget5y2,chatgpt,how does the United Nations work,US,2026-02-25T08:01:13.921Z,728,56,True,False,0,0
chatgpt_sd_mm1qn2bb20jsget5y2,chatgpt,what is campaign finance reform,US,2026-02-25T08:01:44.969Z,287,17,True,False,0,0
chatgpt_sd_mm1qn2bb20jsget5y2,chatgpt,how does a bill become a law in the US,US,2026-02-25T08:02:40.924Z,381,29,True,False,0,0
chatgpt_sd_mm1qn2bb20jsget5y2,chatgpt,what is universal healthcare and how does it work,US,2026-02-25T08:02:59.250Z,348,25,True,False,0,0
chatgpt_sd_mm1qn2bb20jsget5y2,chatgpt,how does immigration policy work in the US,US,2026-02-25T08:03:10.384Z,499,39,True,False,0,0
chatgpt_sd_mm1qn2bb20jsget5y2,chatgpt,what is political polarization,US,2026-02-25T08:03:34.022Z,176,8,True,False,0,0
chatgpt_sd_mm1qn2bb20jsget5y2,chatgpt,what is the difference between foreign policy and domestic policy,US,2026-02-25T08:05:56.486Z,166,10,True,False,0,0
chatgpt_sd_mm1qn2bb20jsget5y2,chatgpt,how does the World Bank work,US,2026-02-25T08:06:02.287Z,403,23,True,False,0,0
chatgpt_sd_mm1qn2wc1hl91mc942,chatgpt,how to build better habits,US,2026-02-25T07:55:59.822Z,571,40,True,False,22,9
chatgpt_sd_mm1qn2wc1hl91mc942,chatgpt,what is the difference between left wing and right wing politics,US,2026-02-25T07:56:26.491Z,321,31,True,True,0,0
chatgpt_sd_mm1qn2wc1hl91mc942,chatgpt,how to practice mindfulness for beginners,US,2026-02-25T07:59:42.166Z,363,40,True,False,0,0
chatgpt_sd_mm1qn2wc1hl91mc942,chatgpt,what is minimalism and how to practice it,US,2026-02-25T08:00:57.772Z,473,31,True,False,0,0
chatgpt_sd_mm1qn2wc1hl91mc942,chatgpt,how do sanctions work in international relations,US,2026-02-25T08:01:29.747Z,544,48,True,False,0,0
chatgpt_sd_mm1qn2wc1hl91mc942,chatgpt,what is the KonMari method,US,2026-02-25T08:01:51.419Z,270,28,True,False,0,0
chatgpt_sd_mm1qn2wc1hl91mc942,chatgpt,what are the benefits of journaling,US,2026-02-25T08:02:08.538Z,358,32,True,False,0,0
chatgpt_sd_mm1qn2wc1hl91mc942,chatgpt,how to improve morning routine,US,2026-02-25T08:02:40.743Z,402,29,True,False,0,0
chatgpt_sd_mm1qn2wc1hl91mc942,chatgpt,how to stop doom scrolling,US,2026-02-25T08:02:58.480Z,404,33,True,False,0,0
chatgpt_sd_mm1qn2wc1hl91mc942,chatgpt,best books on self improvement,US,2026-02-25T08:04:04.476Z,542,36,True,False,0,0
chatgpt_sd_mm1qn3gc24ei03mfsf,chatgpt,what are the benefits of cold showers,US,2026-02-25T07:54:56.010Z,487,35,True,False,0,0
chatgpt_sd_mm1qn3gc24ei03mfsf,chatgpt,how to break bad habits,US,2026-02-25T07:55:56.917Z,408,37,True,False,0,0
chatgpt_sd_mm1qn3gc24ei03mfsf,chatgpt,what is the difference between introversion and shyness,US,2026-02-25T07:56:18.518Z,288,14,True,True,0,0
chatgpt_sd_mm1qn3gc24ei03mfsf,chatgpt,how to declutter your home,US,2026-02-25T07:57:20.304Z,407,42,True,False,0,0
chatgpt_sd_mm1qn3gc24ei03mfsf,chatgpt,what is digital minimalism,US,2026-02-25T07:59:27.417Z,236,15,True,False,0,0
chatgpt_sd_mm1qn3gc24ei03mfsf,chatgpt,how to improve focus and concentration,US,2026-02-25T08:01:10.930Z,464,35,True,False,0,0
chatgpt_sd_mm1qn3gc24ei03mfsf,chatgpt,what are the best personal finance books,US,2026-02-25T08:01:41.142Z,414,23,True,False,42,14
chatgpt_sd_mm1qn3gc24ei03mfsf,chatgpt,how to set boundaries in relationships,US,2026-02-25T08:01:46.671Z,603,54,True,False,0,0
chatgpt_sd_mm1qn3gc24ei03mfsf,chatgpt,how to create a capsule wardrobe,US,2026-02-25T08:02:06.971Z,391,27,True,False,0,0
chatgpt_sd_mm1qn3gc24ei03mfsf,chatgpt,what are the benefits of gratitude practice,US,2026-02-25T08:04:51.693Z,468,28,False,True,19,13
copilot_sd_mm13q7ft1piynkqq9,copilot,what are the health benefits of intermittent fasting,,2026-02-24T21:14:19.898Z,671,216,True,True,8,0
copilot_sd_mm13q7ft1piynkqq9,copilot,what is the difference between machine learning and deep learning,,2026-02-24T21:14:24.280Z,473,137,True,True,8,0
copilot_sd_mm13q7ft1piynkqq9,copilot,how to treat a sprained ankle at home,,2026-02-24T21:14:27.686Z,734,115,True,False,0,0
copilot_sd_mm13q7ft1piynkqq9,copilot,how does compound interest work,,2026-02-24T21:14:31.758Z,593,189,True,True,3,0
copilot_sd_mm13q7ft1piynkqq9,copilot,what causes inflation,,2026-02-24T21:14:37.395Z,525,172,True,True,7,0
copilot_sd_mm13q7ft1piynkqq9,copilot,how does a credit score work,,2026-02-24T21:14:52.116Z,500,156,True,True,6,0
copilot_sd_mm13q7ft1piynkqq9,copilot,what are the symptoms of type 2 diabetes,,2026-02-24T21:16:02.202Z,495,150,True,True,6,0
copilot_sd_mm13q7ft1piynkqq9,copilot,best programming languages to learn in 2024,,2026-02-24T21:16:13.675Z,714,173,True,True,8,0
copilot_sd_mm13q7ft1piynkqq9,copilot,best cities to live in the United States,,2026-02-24T21:18:08.877Z,729,202,True,True,12,0
copilot_sd_mm13q7ft1piynkqq9,copilot,how long does it take to learn Python,,2026-02-24T21:20:55.764Z,579,166,True,False,9,0
copilot_sd_mm13q7yvs9xt0yxcd,copilot,what is the difference between a Roth IRA and traditional IRA,,2026-02-24T21:14:50.740Z,736,196,True,True,7,0
copilot_sd_mm13q7yvs9xt0yxcd,copilot,symptoms of vitamin D deficiency,,2026-02-24T21:14:57.571Z,541,179,True,True,9,0
copilot_sd_mm13q7yvs9xt0yxcd,copilot,what is quantum computing,,2026-02-24T21:15:08.281Z,642,172,True,True,7,0
copilot_sd_mm13q7yvs9xt0yxcd,copilot,how to start investing with little money,,2026-02-24T21:15:17.442Z,888,123,True,False,0,0
copilot_sd_mm13q7yvs9xt0yxcd,copilot,how does the stock market work,,2026-02-24T21:15:34.940Z,602,163,True,True,6,0
copilot_sd_mm13q7yvs9xt0yxcd,copilot,what are the best programming languages for AI,,2026-02-24T21:17:07.323Z,626,144,True,True,8,0
copilot_sd_mm13q7yvs9xt0yxcd,copilot,what is the Mediterranean diet,,2026-02-24T21:17:40.544Z,547,158,True,True,9,0
copilot_sd_mm13q7yvs9xt0yxcd,copilot,what is the FIRE movement,,2026-02-24T21:17:55.395Z,754,101,True,True,0,0
copilot_sd_mm13q7yvs9xt0yxcd,copilot,explain blockchain technology,,2026-02-24T21:18:01.277Z,746,200,True,True,15,0
copilot_sd_mm13q7yvs9xt0yxcd,copilot,how to negotiate a salary,,2026-02-24T21:20:14.275Z,830,203,True,True,9,0
copilot_sd_mm13q8k018sb6n5i13,copilot,best practices for remote work productivity,,2026-02-24T21:13:59.760Z,992,133,True,False,0,0
copilot_sd_mm13q8k018sb6n5i13,copilot,how does the immune system work,,2026-02-24T21:14:27.103Z,641,186,True,True,8,0
copilot_sd_mm13q8k018sb6n5i13,copilot,what are the causes of climate change,,2026-02-24T21:14:37.749Z,539,164,True,True,6,0
copilot_sd_mm13q8k018sb6n5i13,copilot,what is a 401k plan,,2026-02-24T21:14:51.370Z,540,179,True,True,8,0
copilot_sd_mm13q8k018sb6n5i13,copilot,how to improve credit score fast,,2026-02-24T21:14:52.087Z,471,114,True,False,7,0
copilot_sd_mm13q8k018sb6n5i13,copilot,what is the difference between SQL and NoSQL,,2026-02-24T21:15:44.952Z,544,173,True,True,4,0
copilot_sd_mm13q8k018sb6n5i13,copilot,how to write a cover letter,,2026-02-24T21:17:05.138Z,997,137,True,False,0,0
copilot_sd_mm13q8k018sb6n5i13,copilot,what is DevOps,,2026-02-24T21:17:48.159Z,430,81,True,False,0,0
copilot_sd_mm13q8k018sb6n5i13,copilot,what foods are high in protein,,2026-02-24T21:18:31.308Z,647,160,True,True,13,0
copilot_sd_mm13q8k018sb6n5i13,copilot,how does photosynthesis work,,2026-02-24T21:24:20.978Z,483,178,True,True,5,0
copilot_sd_mm13q94m26sy7kim79,copilot,how to lower blood pressure naturally,,2026-02-24T21:14:01.252Z,338,96,True,False,0,0
copilot_sd_mm13q94m26sy7kim79,copilot,how does electric car battery work,,2026-02-24T21:14:48.417Z,616,147,True,True,4,0
copilot_sd_mm13q94m26sy7kim79,copilot,best ways to learn a new language,,2026-02-24T21:15:14.713Z,831,117,True,False,0,0
copilot_sd_mm13q94m26sy7kim79,copilot,what is the gig economy,,2026-02-24T21:15:31.379Z,420,149,True,True,7,0
copilot_sd_mm13q94m26sy7kim79,copilot,how does CRISPR gene editing work,,2026-02-24T21:15:37.824Z,660,179,True,True,6,0
copilot_sd_mm13q94m26sy7kim79,copilot,what are the best passive income ideas,,2026-02-24T21:16:15.335Z,837,198,True,True,6,0
copilot_sd_mm13q94m26sy7kim79,copilot,what is search engine optimization,,2026-02-24T21:17:44.442Z,512,171,True,True,7,0
copilot_sd_mm13q94m26sy7kim79,copilot,how to start a podcast,,2026-02-24T21:18:08.537Z,932,147,True,False,0,0
copilot_sd_mm13q94m26sy7kim79,copilot,what are the benefits of meditation,,2026-02-24T21:19:03.431Z,581,178,True,True,9,0
copilot_sd_mm13q94m26sy7kim79,copilot,what is content marketing,,2026-02-24T21:22:16.801Z,481,180,True,False,6,0
copilot_sd_mm13q9pt21gyrbj3uu,copilot,what are the symptoms of anxiety disorder,,2026-02-24T21:14:11.799Z,553,79,True,False,0,0
copilot_sd_mm13q9pt21gyrbj3uu,copilot,what is the difference between affect and effect,,2026-02-24T21:14:32.222Z,353,89,True,False,0,0
copilot_sd_mm13q9pt21gyrbj3uu,copilot,what is the difference between HTTP and HTTPS,,2026-02-24T21:15:06.529Z,461,147,True,True,9,0
copilot_sd_mm13q9pt21gyrbj3uu,copilot,how to improve public speaking skills,,2026-02-24T21:15:18.982Z,1074,173,True,False,0,0
copilot_sd_mm13q9pt21gyrbj3uu,copilot,best ways to reduce stress,,2026-02-24T21:15:39.605Z,360,74,True,False,0,0
copilot_sd_mm13q9pt21gyrbj3uu,copilot,what is project management methodology,,2026-02-24T21:16:02.142Z,530,152,True,True,4,0
copilot_sd_mm13q9pt21gyrbj3uu,copilot,how to write a business plan,,2026-02-24T21:19:01.492Z,626,165,True,True,9,0
copilot_sd_mm13q9pt21gyrbj3uu,copilot,how to create a budget,,2026-02-24T21:20:21.101Z,542,140,True,True,8,0
copilot_sd_mm13q9pt21gyrbj3uu,copilot,how does a VPN work,,2026-02-24T21:21:11.601Z,674,190,True,True,10,0
copilot_sd_mm13q9pt21gyrbj3uu,copilot,how does the federal reserve work,,2026-02-24T21:22:12.000Z,602,168,True,False,9,0
copilot_sd_mm13qaa91s4akyawfl,copilot,what is UX design,,2026-02-24T21:14:05.619Z,307,79,True,True,0,0
copilot_sd_mm13qaa91s4akyawfl,copilot,how to start a side hustle,,2026-02-24T21:14:09.529Z,869,105,True,False,0,0
copilot_sd_mm13qaa91s4akyawfl,copilot,how to save money on groceries,,2026-02-24T21:14:15.859Z,587,138,True,True,9,0
copilot_sd_mm13qaa91s4akyawfl,copilot,best exercises for weight loss,,2026-02-24T21:14:17.362Z,741,170,True,True,7,0
copilot_sd_mm13qaa91s4akyawfl,copilot,how does artificial intelligence work,,2026-02-24T21:14:17.928Z,912,107,True,True,0,0
copilot_sd_mm13qaa91s4akyawfl,copilot,what are the best productivity apps,,2026-02-24T21:14:27.037Z,772,162,True,True,13,0
copilot_sd_mm13qaa91s4akyawfl,copilot,how does mortgage work,,2026-02-24T21:14:36.794Z,646,207,True,True,10,0
copilot_sd_mm13qaa91s4akyawfl,copilot,what is the difference between type 1 and type 2 diabetes,,2026-02-24T21:14:41.378Z,560,195,True,False,7,0
copilot_sd_mm13qaa91s4akyawfl,copilot,what is the Pomodoro technique,,2026-02-24T21:15:10.659Z,462,161,True,False,6,0
copilot_sd_mm13qaa91s4akyawfl,copilot,what is cloud computing,,2026-02-24T21:16:35.998Z,555,176,True,True,2,0
copilot_sd_mm13qaut1iv049f3pe,copilot,what are the best foods for gut health,,2026-02-24T21:14:39.000Z,441,136,True,True,10,0
copilot_sd_mm13qaut1iv049f3pe,copilot,what is agile methodology,,2026-02-24T21:14:43.506Z,555,179,True,True,9,0
copilot_sd_mm13qaut1iv049f3pe,copilot,how to reduce carbon footprint,,2026-02-24T21:14:53.136Z,597,170,True,True,7,0
copilot_sd_mm13qaut1iv049f3pe,copilot,how does DNA testing work,,2026-02-24T21:15:26.772Z,596,191,True,True,8,0
copilot_sd_mm13qaut1iv049f3pe,copilot,what are the causes of insomnia,,2026-02-24T21:16:30.211Z,467,114,True,True,6,0
copilot_sd_mm13qaut1iv049f3pe,copilot,how to write a resume with no experience,,2026-02-24T21:17:19.122Z,997,129,True,True,0,0
copilot_sd_mm13qaut1iv049f3pe,copilot,how does inflation affect the economy,,2026-02-24T21:18:04.644Z,611,191,True,True,9,0
copilot_sd_mm13qaut1iv049f3pe,copilot,what is the difference between a virus and bacteria,,2026-02-24T21:18:20.010Z,553,188,True,True,6,0
copilot_sd_mm13qaut1iv049f3pe,copilot,how does the human brain work,,2026-02-24T21:18:40.846Z,758,189,True,False,6,0
copilot_sd_mm13qaut1iv049f3pe,copilot,best ways to learn programming,,2026-02-24T21:20:07.857Z,1078,111,True,False,0,0
copilot_sd_mm13qbg11sb1a72lkh,copilot,what is supply chain management,,2026-02-24T21:14:03.440Z,401,114,True,True,4,0
copilot_sd_mm13qbg11sb1a72lkh,copilot,how does the electoral college work,,2026-02-24T21:14:11.154Z,573,187,True,True,9,0
copilot_sd_mm13qbg11sb1a72lkh,copilot,how to set SMART goals,,2026-02-24T21:14:20.824Z,841,139,True,False,0,0
copilot_sd_mm13qbg11sb1a72lkh,copilot,what is the difference between socialism and capitalism,,2026-02-24T21:14:29.440Z,874,115,True,True,0,0
copilot_sd_mm13qbg11sb1a72lkh,copilot,best ways to improve sleep quality,,2026-02-24T21:14:44.714Z,721,178,True,True,13,0
copilot_sd_mm13qbg11sb1a72lkh,copilot,what are the benefits of exercise,,2026-02-24T21:15:08.428Z,326,129,True,True,7,0
copilot_sd_mm13qbg11sb1a72lkh,copilot,how does GPS work,,2026-02-24T21:15:17.679Z,500,129,True,True,6,0
copilot_sd_mm13qbg11sb1a72lkh,copilot,how to read a nutrition label,,2026-02-24T21:15:41.410Z,765,203,True,True,8,0
copilot_sd_mm13qbg11sb1a72lkh,copilot,what is technical SEO,,2026-02-24T21:16:57.994Z,494,171,True,False,9,0
copilot_sd_mm13qbg11sb1a72lkh,copilot,what is cryptocurrency mining,,2026-02-24T21:20:35.308Z,574,174,True,True,5,0
copilot_sd_mm13qc011esrbvb5ft,copilot,what is the difference between a trademark and a patent,,2026-02-24T21:13:45.264Z,487,169,True,True,3,0
copilot_sd_mm13qc011esrbvb5ft,copilot,what is behavioral economics,,2026-02-24T21:14:39.228Z,486,153,True,True,6,0
copilot_sd_mm13qc011esrbvb5ft,copilot,how to improve your credit score,,2026-02-24T21:14:54.519Z,702,165,True,True,8,0
copilot_sd_mm13qc011esrbvb5ft,copilot,what are the symptoms of depression,,2026-02-24T21:15:07.948Z,507,156,True,False,12,0
copilot_sd_mm13qc011esrbvb5ft,copilot,how does a search engine work,,2026-02-24T21:15:48.800Z,558,169,True,True,5,0
copilot_sd_mm13qc011esrbvb5ft,copilot,how to prepare for a job interview,,2026-02-24T21:15:56.735Z,997,149,True,False,0,0
copilot_sd_mm13qc011esrbvb5ft,copilot,best ways to stay motivated,,2026-02-24T21:16:20.198Z,1010,141,True,False,0,0
copilot_sd_mm13qc011esrbvb5ft,copilot,how to build an emergency fund,,2026-02-24T21:17:02.892Z,714,168,True,True,9,0
copilot_sd_mm13qc011esrbvb5ft,copilot,what is the difference between introvert and extrovert,,2026-02-24T21:18:04.173Z,307,108,True,True,5,0
copilot_sd_mm13qc011esrbvb5ft,copilot,how does stem cell therapy work,,2026-02-24T21:18:28.680Z,487,110,True,False,5,0
copilot_sd_mm13qckf2m7kjzjqu,copilot,how to overcome procrastination,,2026-02-24T21:13:55.801Z,897,129,True,False,0,0
copilot_sd_mm13qckf2m7kjzjqu,copilot,how to deal with imposter syndrome,,2026-02-24T21:14:41.113Z,814,129,True,False,0,0
copilot_sd_mm13qckf2m7kjzjqu,copilot,what is the difference between manager and leader,,2026-02-24T21:14:55.532Z,589,95,True,True,0,0
copilot_sd_mm13qckf2m7kjzjqu,copilot,how does social media algorithm work,,2026-02-24T21:14:59.576Z,664,150,True,False,5,0
copilot_sd_mm13qckf2m7kjzjqu,copilot,how does a mutual fund work,,2026-02-24T21:15:24.065Z,742,125,True,False,0,0
copilot_sd_mm13qckf2m7kjzjqu,copilot,what are the best ways to network professionally,,2026-02-24T21:16:34.197Z,1012,121,True,False,0,0
copilot_sd_mm13qckf2m7kjzjqu,copilot,what are the benefits of reading books,,2026-02-24T21:18:12.114Z,492,135,True,True,8,0
copilot_sd_mm13qckf2m7kjzjqu,copilot,what is the difference between coaching and mentoring,,2026-02-24T21:18:19.014Z,597,181,True,True,8,0
copilot_sd_mm13qckf2m7kjzjqu,copilot,what are the best investment strategies for beginners,,2026-02-24T21:18:37.357Z,672,177,True,True,8,0
copilot_sd_mm1rrh0n1x993jexo,copilot,symptoms of thyroid problems in women,,2026-02-25T08:26:21.325Z,706,85,True,False,0,0
copilot_sd_mm1rrh0n1x993jexo,copilot,how to lower cholesterol naturally,,2026-02-25T08:26:26.806Z,601,184,True,False,8,0
copilot_sd_mm1rrh0n1x993jexo,copilot,what causes high blood pressure,,2026-02-25T08:26:28.230Z,587,164,True,True,9,0
copilot_sd_mm1rrh0n1x993jexo,copilot,what is the difference between HDL and LDL cholesterol,,2026-02-25T08:26:40.556Z,439,128,True,True,8,0
copilot_sd_mm1rrh0n1x993jexo,copilot,how to prevent type 2 diabetes,,2026-02-25T08:26:40.764Z,656,192,True,True,8,0
copilot_sd_mm1rrh0n1x993jexo,copilot,how does the lymphatic system work,,2026-02-25T08:26:42.019Z,606,173,True,True,10,0
copilot_sd_mm1rrh0n1x993jexo,copilot,what are the benefits of omega-3 fatty acids,,2026-02-25T08:26:56.284Z,610,186,True,False,12,0
copilot_sd_mm1rrh0n1x993jexo,copilot,how does the digestive system work,,2026-02-25T08:27:01.118Z,604,185,True,True,6,0
copilot_sd_mm1rrh0n1x993jexo,copilot,symptoms of kidney disease,,2026-02-25T08:28:58.652Z,521,77,True,False,0,0
copilot_sd_mm1rrh0n1x993jexo,copilot,what is the DASH diet,,2026-02-25T08:30:02.368Z,558,182,True,True,5,0
copilot_sd_mm1rrhlpushsmh4gv,copilot,what are the signs of a heart attack,,2026-02-25T08:26:13.518Z,546,81,True,False,0,0
copilot_sd_mm1rrhlpushsmh4gv,copilot,how does chemotherapy work,,2026-02-25T08:26:28.601Z,562,173,True,True,7,0
copilot_sd_mm1rrhlpushsmh4gv,copilot,how long does it take to see results from exercise,,2026-02-25T08:26:31.036Z,584,89,True,False,0,0
copilot_sd_mm1rrhlpushsmh4gv,copilot,what causes migraines,,2026-02-25T08:26:32.507Z,593,166,True,False,4,0
copilot_sd_mm1rrhlpushsmh4gv,copilot,what is rheumatoid arthritis,,2026-02-25T08:26:34.449Z,540,174,True,True,7,0
copilot_sd_mm1rrhlpushsmh4gv,copilot,what is the difference between Alzheimer and dementia,,2026-02-25T08:26:35.990Z,394,118,True,True,3,0
copilot_sd_mm1rrhlpushsmh4gv,copilot,how to boost immune system naturally,,2026-02-25T08:26:42.172Z,661,185,True,True,8,0
copilot_sd_mm1rrhlpushsmh4gv,copilot,what are symptoms of iron deficiency,,2026-02-25T08:28:24.734Z,576,183,True,True,11,0
copilot_sd_mm1rrhlpushsmh4gv,copilot,how to manage chronic pain,,2026-02-25T08:28:55.253Z,543,155,True,False,6,0
copilot_sd_mm1rrhlpushsmh4gv,copilot,best foods to eat for heart health,,2026-02-25T08:29:44.440Z,662,172,True,True,15,0
copilot_sd_mm1rri6227f849b1eq,copilot,how does insulin work in the body,,2026-02-25T08:26:26.376Z,748,107,True,False,0,0
copilot_sd_mm1rri6227f849b1eq,copilot,how to improve gut microbiome,,2026-02-25T08:26:44.354Z,476,139,True,True,7,0
copilot_sd_mm1rri6227f849b1eq,copilot,symptoms of sleep apnea,,2026-02-25T08:26:47.192Z,379,142,True,False,8,0
copilot_sd_mm1rri6227f849b1eq,copilot,how does the respiratory system work,,2026-02-25T08:26:48.128Z,513,158,True,True,6,0
copilot_sd_mm1rri6227f849b1eq,copilot,what is the difference between a cold and the flu,,2026-02-25T08:27:12.615Z,476,159,True,False,8,0
copilot_sd_mm1rri6227f849b1eq,copilot,what is the difference between Python and JavaScript,,2026-02-25T08:27:17.481Z,589,184,True,False,9,0
copilot_sd_mm1rri6227f849b1eq,copilot,what causes autoimmune diseases,,2026-02-25T08:27:42.808Z,445,132,True,True,7,0
copilot_sd_mm1rri6227f849b1eq,copilot,what foods to avoid with high cholesterol,,2026-02-25T08:28:12.174Z,651,150,True,True,7,0
copilot_sd_mm1rri6227f849b1eq,copilot,what is PCOS and how to treat it,,2026-02-25T08:29:42.543Z,553,114,True,False,9,0
copilot_sd_mm1rri6227f849b1eq,copilot,how to recover from a torn ACL,,2026-02-25T08:31:20.277Z,668,193,True,True,0,0
copilot_sd_mm1rriqivibkesp7m,copilot,what is Kubernetes,,2026-02-25T08:26:38.110Z,422,181,True,True,6,0
copilot_sd_mm1rriqivibkesp7m,copilot,best practices for API design,,2026-02-25T08:26:49.702Z,1406,131,True,True,0,0
copilot_sd_mm1rriqivibkesp7m,copilot,what is Docker and how does it work,,2026-02-25T08:26:49.761Z,789,127,True,False,0,0
copilot_sd_mm1rriqivibkesp7m,copilot,how does a compiler work,,2026-02-25T08:26:59.653Z,578,152,True,True,8,0
copilot_sd_mm1rriqivibkesp7m,copilot,what is a large language model,,2026-02-25T08:27:02.037Z,366,113,True,False,3,0
copilot_sd_mm1rriqivibkesp7m,copilot,how does garbage collection work in programming,,2026-02-25T08:27:08.759Z,625,195,True,True,7,0
copilot_sd_mm1rriqivibkesp7m,copilot,how does public key cryptography work,,2026-02-25T08:28:25.107Z,557,176,True,True,6,0
copilot_sd_mm1rriqivibkesp7m,copilot,how does a neural network work,,2026-02-25T08:28:28.526Z,667,103,True,False,0,0
copilot_sd_mm1rriqivibkesp7m,copilot,what is the difference between REST and GraphQL,,2026-02-25T08:29:44.384Z,669,191,True,True,4,0
copilot_sd_mm1rriqivibkesp7m,copilot,what is the difference between TCP and UDP,,2026-02-25T08:30:04.639Z,511,158,True,True,4,0
copilot_sd_mm1rrjb6nmbdk22p5,copilot,what is the difference between SQL JOIN types,,2026-02-25T08:26:30.375Z,854,129,False,True,0,0
copilot_sd_mm1rrjb6nmbdk22p5,copilot,what is the difference between monolith and microservices,,2026-02-25T08:26:31.724Z,603,179,True,True,5,0
copilot_sd_mm1rrjb6nmbdk22p5,copilot,how does rate limiting work in APIs,,2026-02-25T08:26:32.294Z,1033,131,True,False,0,0
copilot_sd_mm1rrjb6nmbdk22p5,copilot,how does HTTPS encryption work,,2026-02-25T08:26:36.967Z,630,173,True,False,4,0
copilot_sd_mm1rrjb6nmbdk22p5,copilot,how does React state management work,,2026-02-25T08:26:38.867Z,997,131,True,True,0,0
copilot_sd_mm1rrjb6nmbdk22p5,copilot,what is WebAssembly,,2026-02-25T08:26:41.512Z,507,175,True,True,6,0
copilot_sd_mm1rrjb6nmbdk22p5,copilot,what is CI/CD pipeline,,2026-02-25T08:26:48.877Z,650,117,True,False,0,0
copilot_sd_mm1rrjb6nmbdk22p5,copilot,best practices for database indexing,,2026-02-25T08:26:54.890Z,758,173,True,True,10,0
copilot_sd_mm1rrjb6nmbdk22p5,copilot,what is serverless computing,,2026-02-25T08:27:23.354Z,404,163,True,True,7,0
copilot_sd_mm1rrjb6nmbdk22p5,copilot,how does OAuth 2.0 work,,2026-02-25T08:27:55.684Z,718,209,True,True,8,0
copilot_sd_mm1rrjv6mk6iq4oyv,copilot,what is the difference between stack and heap memory,,2026-02-25T08:26:32.175Z,909,119,True,True,0,0
copilot_sd_mm1rrjv6mk6iq4oyv,copilot,how does browser rendering work,,2026-02-25T08:26:41.846Z,654,169,True,True,4,0
copilot_sd_mm1rrjv6mk6iq4oyv,copilot,what is the difference between SSD and HDD,,2026-02-25T08:26:42.914Z,607,179,True,True,4,0
copilot_sd_mm1rrjv6mk6iq4oyv,copilot,how does a hash table work,,2026-02-25T08:26:45.465Z,1124,117,True,True,0,0
copilot_sd_mm1rrjv6mk6iq4oyv,copilot,what is TypeScript and why use it,,2026-02-25T08:26:46.406Z,424,131,True,False,6,0
copilot_sd_mm1rrjv6mk6iq4oyv,copilot,what is machine learning overfitting,,2026-02-25T08:26:51.571Z,440,87,True,False,0,0
copilot_sd_mm1rrjv6mk6iq4oyv,copilot,how does load balancing work,,2026-02-25T08:26:54.309Z,782,201,True,True,7,0
copilot_sd_mm1rrjv6mk6iq4oyv,copilot,how does term life insurance work,,2026-02-25T08:28:01.840Z,745,182,True,True,9,0
copilot_sd_mm1rrjv6mk6iq4oyv,copilot,how does Redis caching work,,2026-02-25T08:28:31.120Z,1202,135,True,True,0,0
copilot_sd_mm1rrjv6mk6iq4oyv,copilot,best practices for web security,,2026-02-25T08:30:13.950Z,610,169,True,True,10,0
copilot_sd_mm1rrkfe27xkrgizck,copilot,how to calculate net worth,,2026-02-25T08:26:32.657Z,590,91,True,True,0,0
copilot_sd_mm1rrkfe27xkrgizck,copilot,what is the difference between stocks and bonds,,2026-02-25T08:26:36.403Z,533,165,True,True,5,0
copilot_sd_mm1rrkfe27xkrgizck,copilot,what is dollar cost averaging,,2026-02-25T08:26:47.022Z,613,97,True,False,0,0
copilot_sd_mm1rrkfe27xkrgizck,copilot,how to pay off student loans faster,,2026-02-25T08:26:50.662Z,579,137,True,True,7,0
copilot_sd_mm1rrkfe27xkrgizck,copilot,what is a home equity loan vs HELOC,,2026-02-25T08:26:52.512Z,553,184,True,True,3,0
copilot_sd_mm1rrkfe27xkrgizck,copilot,how does capital gains tax work,,2026-02-25T08:26:56.111Z,650,190,True,True,7,0
copilot_sd_mm1rrkfe27xkrgizck,copilot,what is a good debt-to-income ratio,,2026-02-25T08:27:05.859Z,576,181,True,True,3,0
copilot_sd_mm1rrkfe27xkrgizck,copilot,how does a health savings account work,,2026-02-25T08:27:47.316Z,733,166,True,True,6,0
copilot_sd_mm1rrkfe27xkrgizck,copilot,what is the difference between chapter 7 and chapter 13 bankruptcy,,2026-02-25T08:27:49.392Z,733,201,True,True,6,0
copilot_sd_mm1rrkfe27xkrgizck,copilot,how does index fund investing work,,2026-02-25T08:28:34.191Z,642,148,True,True,7,0
copilot_sd_mm1rrkzs1mbcxkl0ks,copilot,how to create a debt snowball plan,,2026-02-25T08:26:22.334Z,988,139,True,False,0,0
copilot_sd_mm1rrkzs1mbcxkl0ks,copilot,what is private mortgage insurance,,2026-02-25T08:26:33.669Z,315,105,True,True,4,0
copilot_sd_mm1rrkzs1mbcxkl0ks,copilot,what is the 4 percent rule for retirement,,2026-02-25T08:26:35.156Z,694,192,True,True,14,0
copilot_sd_mm1rrkzs1mbcxkl0ks,copilot,how does margin trading work,,2026-02-25T08:26:51.340Z,768,197,True,True,6,0
copilot_sd_mm1rrkzs1mbcxkl0ks,copilot,what is an adjustable rate mortgage,,2026-02-25T08:27:43.637Z,587,194,True,True,9,0
copilot_sd_mm1rrkzs1mbcxkl0ks,copilot,how to invest in real estate with little money,,2026-02-25T08:27:46.532Z,615,118,True,True,0,0
copilot_sd_mm1rrkzs1mbcxkl0ks,copilot,how does a balance transfer work,,2026-02-25T08:28:11.416Z,651,183,True,False,5,0
copilot_sd_mm1rrkzs1mbcxkl0ks,copilot,how to save for retirement in your 30s,,2026-02-25T08:28:19.591Z,733,172,True,True,9,0
copilot_sd_mm1rrkzs1mbcxkl0ks,copilot,what is an ETF and how does it work,,2026-02-25T08:28:24.673Z,697,226,True,True,10,0
copilot_sd_mm1rrkzs1mbcxkl0ks,copilot,what are tax deductions vs tax credits,,2026-02-25T08:30:16.014Z,589,181,True,True,5,0
copilot_sd_mm1rrljh1t9tvrsvvv,copilot,what is the difference between gross and net income,,2026-02-25T08:26:06.405Z,381,81,True,False,0,0
copilot_sd_mm1rrljh1t9tvrsvvv,copilot,what is a target date fund,,2026-02-25T08:26:31.742Z,596,101,True,False,0,0
copilot_sd_mm1rrljh1t9tvrsvvv,copilot,how to build wealth in your 20s,,2026-02-25T08:26:32.625Z,1098,175,True,False,0,0
copilot_sd_mm1rrljh1t9tvrsvvv,copilot,how to negotiate a lower interest rate on credit card,,2026-02-25T08:26:36.942Z,778,201,True,False,9,0
copilot_sd_mm1rrljh1t9tvrsvvv,copilot,how does options trading work,,2026-02-25T08:26:37.427Z,795,215,True,True,9,0
copilot_sd_mm1rrljh1t9tvrsvvv,copilot,what causes stock market crashes,,2026-02-25T08:26:49.040Z,493,171,True,True,5,0
copilot_sd_mm1rrljh1t9tvrsvvv,copilot,how does real estate appreciation work,,2026-02-25T08:27:04.660Z,641,195,True,True,8,0
copilot_sd_mm1rrljh1t9tvrsvvv,copilot,what is a dividend reinvestment plan,,2026-02-25T08:27:19.616Z,577,171,True,True,7,0
copilot_sd_mm1rrljh1t9tvrsvvv,copilot,what is a fiduciary financial advisor,,2026-02-25T08:28:41.910Z,492,124,True,True,7,0
copilot_sd_mm1rrljh1t9tvrsvvv,copilot,how does Social Security work,,2026-02-25T08:29:00.318Z,699,177,True,True,9,0
copilot_sd_mm1rrm2z1dalrovr27,copilot,how to deal with a difficult coworker,,2026-02-25T08:26:27.374Z,697,125,True,False,0,0
copilot_sd_mm1rrm2z1dalrovr27,copilot,what is umbrella insurance,,2026-02-25T08:26:30.853Z,540,161,True,True,6,0
copilot_sd_mm1rrm2z1dalrovr27,copilot,how does peer to peer lending work,,2026-02-25T08:26:31.339Z,563,130,True,True,7,0
copilot_sd_mm1rrm2z1dalrovr27,copilot,how to file taxes for the first time,,2026-02-25T08:26:31.907Z,808,178,True,True,8,0
copilot_sd_mm1rrm2z1dalrovr27,copilot,what is the difference between active and passive investing,,2026-02-25T08:26:34.342Z,634,182,True,True,7,0
copilot_sd_mm1rrm2z1dalrovr27,copilot,what are the best remote work jobs,,2026-02-25T08:26:39.192Z,516,118,True,True,10,0
copilot_sd_mm1rrm2z1dalrovr27,copilot,how to transition careers without experience,,2026-02-25T08:26:44.162Z,1094,127,True,False,0,0
copilot_sd_mm1rrm2z1dalrovr27,copilot,how to ask for a promotion,,2026-02-25T08:27:12.524Z,870,115,True,False,0,0
copilot_sd_mm1rrm2z1dalrovr27,copilot,what is the difference between hard skills and soft skills,,2026-02-25T08:29:31.119Z,606,83,True,True,0,0
copilot_sd_mm1rrm2z1dalrovr27,copilot,what is emotional intelligence in the workplace,,2026-02-25T08:29:44.271Z,864,118,True,False,0,0
copilot_sd_mm1rrmn02qut2tkyhf,copilot,what is a performance improvement plan,,2026-02-25T08:26:19.345Z,724,113,True,False,0,0
copilot_sd_mm1rrmn02qut2tkyhf,copilot,how to deal with burnout at work,,2026-02-25T08:26:20.383Z,954,125,True,False,0,0
copilot_sd_mm1rrmn02qut2tkyhf,copilot,what is the difference between a resume and a CV,,2026-02-25T08:26:22.560Z,480,101,True,True,0,0
copilot_sd_mm1rrmn02qut2tkyhf,copilot,what are the best high paying jobs without a degree,,2026-02-25T08:26:32.171Z,1133,87,False,True,0,0
copilot_sd_mm1rrmn02qut2tkyhf,copilot,how to build a personal brand on LinkedIn,,2026-02-25T08:26:32.621Z,1106,177,True,False,0,0
copilot_sd_mm1rrmn02qut2tkyhf,copilot,how to negotiate a job offer,,2026-02-25T08:26:43.802Z,811,174,True,True,6,0
copilot_sd_mm1rrmn02qut2tkyhf,copilot,how to become a UX designer with no experience,,2026-02-25T08:27:04.906Z,1212,127,True,False,0,0
copilot_sd_mm1rrmn02qut2tkyhf,copilot,what is work-life balance and how to achieve it,,2026-02-25T08:27:26.284Z,1039,123,True,False,0,0
copilot_sd_mm1rrmn02qut2tkyhf,copilot,what is the best way to find a job in 2024,,2026-02-25T08:27:55.552Z,873,218,True,False,5,0
copilot_sd_mm1rrmn02qut2tkyhf,copilot,how to become a project manager,,2026-02-25T08:28:02.066Z,657,125,True,True,7,0
copilot_sd_mm1rrn71dn561cwxh,copilot,how to handle a layoff,,2026-02-25T08:26:39.007Z,1006,137,True,False,0,0
copilot_sd_mm1rrn71dn561cwxh,copilot,what makes a good manager,,2026-02-25T08:26:40.104Z,636,103,True,False,0,0
copilot_sd_mm1rrn71dn561cwxh,copilot,what is the gig economy and is it worth it,,2026-02-25T08:26:42.267Z,515,134,True,True,7,0
copilot_sd_mm1rrn71dn561cwxh,copilot,how to get a job at a top tech company,,2026-02-25T08:27:20.391Z,1216,121,True,False,0,0
copilot_sd_mm1rrn71dn561cwxh,copilot,what is a side hustle and how to start one,,2026-02-25T08:27:36.868Z,899,113,True,False,0,0
copilot_sd_mm1rrn71dn561cwxh,copilot,how to become a data scientist,,2026-02-25T08:27:43.988Z,972,125,True,True,0,0
copilot_sd_mm1rrn71dn561cwxh,copilot,what skills do employers look for most,,2026-02-25T08:27:46.722Z,704,162,True,True,8,0
copilot_sd_mm1rrn71dn561cwxh,copilot,how to give constructive feedback at work,,2026-02-25T08:28:10.898Z,829,139,True,False,0,0
copilot_sd_mm1rrn71dn561cwxh,copilot,what is upskilling and why does it matter,,2026-02-25T08:28:39.874Z,592,107,True,False,0,0
copilot_sd_mm1rrn71dn561cwxh,copilot,how to write a LinkedIn profile summary,,2026-02-25T08:28:47.790Z,795,123,True,False,0,0
copilot_sd_mm1rrnravm6uw83f6,copilot,what is organizational culture,,2026-02-25T08:26:48.572Z,460,89,True,False,0,0
copilot_sd_mm1rrnravm6uw83f6,copilot,what is the difference between leadership and management,,2026-02-25T08:26:52.776Z,584,131,True,True,0,0
copilot_sd_mm1rrnravm6uw83f6,copilot,how to network when you are introverted,,2026-02-25T08:27:03.780Z,944,113,True,False,0,0
copilot_sd_mm1rrnravm6uw83f6,copilot,how to improve time management skills,,2026-02-25T08:27:40.957Z,910,127,True,False,0,0
copilot_sd_mm1rrnravm6uw83f6,copilot,how to build confidence at work,,2026-02-25T08:27:47.332Z,1144,157,True,False,0,0
copilot_sd_mm1rrnravm6uw83f6,copilot,best certifications for career advancement in tech,,2026-02-25T08:27:51.666Z,765,187,True,True,10,0
copilot_sd_mm1rrnravm6uw83f6,copilot,how to create a 5-year career plan,,2026-02-25T08:28:11.201Z,1179,151,True,False,0,0
copilot_sd_mm1rrnravm6uw83f6,copilot,how to become a freelancer,,2026-02-25T08:28:24.881Z,1070,125,True,True,0,0
copilot_sd_mm1rrnravm6uw83f6,copilot,what is professional development,,2026-02-25T08:29:54.042Z,361,85,True,False,0,0
copilot_sd_mm1rrnravm6uw83f6,copilot,what are the benefits of mentorship,,2026-02-25T08:30:45.023Z,596,99,True,False,0,0
copilot_sd_mm1rrob828z56kafzm,copilot,how to ace a technical interview,,2026-02-25T08:26:35.575Z,1299,143,True,False,0,0
copilot_sd_mm1rrob828z56kafzm,copilot,what is travel hacking with credit card points,,2026-02-25T08:26:43.861Z,666,156,True,True,5,0
copilot_sd_mm1rrob828z56kafzm,copilot,best places to visit in Europe on a budget,,2026-02-25T08:26:44.509Z,705,184,True,True,13,0
copilot_sd_mm1rrob828z56kafzm,copilot,best countries for digital nomads,,2026-02-25T08:26:47.938Z,683,154,True,True,12,0
copilot_sd_mm1rrob828z56kafzm,copilot,what is the difference between visa types,,2026-02-25T08:27:20.005Z,822,202,True,True,12,0
copilot_sd_mm1rrob828z56kafzm,copilot,best travel insurance companies,,2026-02-25T08:27:21.429Z,997,205,True,True,15,0
copilot_sd_mm1rrob828z56kafzm,copilot,what documents do you need to travel internationally,,2026-02-25T08:27:31.153Z,520,178,True,False,5,0
copilot_sd_mm1rrob828z56kafzm,copilot,how to travel cheaply around the world,,2026-02-25T08:28:00.198Z,639,160,True,False,12,0
copilot_sd_mm1rrob828z56kafzm,copilot,how to avoid jet lag,,2026-02-25T08:28:28.677Z,590,166,True,True,6,0
copilot_sd_mm1rrob828z56kafzm,copilot,how to stay safe when traveling alone,,2026-02-25T08:29:19.682Z,808,139,True,False,0,0
copilot_sd_mm1rrovc1rhssdy22a,copilot,what to do if your passport is stolen abroad,,2026-02-25T08:26:34.900Z,556,195,True,True,6,0
copilot_sd_mm1rrovc1rhssdy22a,copilot,how to pack light for a long trip,,2026-02-25T08:26:40.027Z,967,127,True,False,0,0
copilot_sd_mm1rrovc1rhssdy22a,copilot,best time to visit Japan,,2026-02-25T08:26:40.091Z,716,181,True,True,5,0
copilot_sd_mm1rrovc1rhssdy22a,copilot,best carry on luggage for frequent flyers,,2026-02-25T08:26:50.492Z,684,166,True,True,7,0
copilot_sd_mm1rrovc1rhssdy22a,copilot,best apps for traveling internationally,,2026-02-25T08:26:52.790Z,713,161,True,True,7,0
copilot_sd_mm1rrovc1rhssdy22a,copilot,how does travel rewards credit card work,,2026-02-25T08:26:52.795Z,817,190,True,True,8,0
copilot_sd_mm1rrovc1rhssdy22a,copilot,how to find cheap flights,,2026-02-25T08:27:14.601Z,741,194,True,False,9,0
copilot_sd_mm1rrovc1rhssdy22a,copilot,what vaccinations do you need for international travel,,2026-02-25T08:27:15.298Z,659,172,True,True,9,0
copilot_sd_mm1rrovc1rhssdy22a,copilot,best countries to retire abroad,,2026-02-25T08:27:45.743Z,925,204,True,True,11,0
copilot_sd_mm1rrovc1rhssdy22a,copilot,what is slow travel,,2026-02-25T08:29:40.511Z,486,97,True,False,0,0
copilot_sd_mm1rrpfz26cxh2aao1,copilot,how to travel with dietary restrictions,,2026-02-25T08:26:30.444Z,975,131,True,False,0,0
copilot_sd_mm1rrpfz26cxh2aao1,copilot,best way to exchange currency when traveling,,2026-02-25T08:26:41.342Z,683,173,True,True,5,0
copilot_sd_mm1rrpfz26cxh2aao1,copilot,how to make sourdough bread from scratch,,2026-02-25T08:26:53.621Z,465,143,True,True,3,0
copilot_sd_mm1rrpfz26cxh2aao1,copilot,what is the difference between baking soda and baking powder,,2026-02-25T08:26:56.179Z,580,177,True,True,7,0
copilot_sd_mm1rrpfz26cxh2aao1,copilot,best meal prep ideas for the week,,2026-02-25T08:26:59.373Z,847,131,True,False,0,0
copilot_sd_mm1rrpfz26cxh2aao1,copilot,what are the most underrated travel destinations,,2026-02-25T08:27:01.351Z,713,180,True,False,7,0
copilot_sd_mm1rrpfz26cxh2aao1,copilot,how to season a cast iron skillet,,2026-02-25T08:27:14.035Z,590,156,True,False,7,0
copilot_sd_mm1rrpfz26cxh2aao1,copilot,what is a travel itinerary and how to plan one,,2026-02-25T08:27:59.811Z,1108,123,True,True,0,0
copilot_sd_mm1rrpfz26cxh2aao1,copilot,how to travel solo safely as a woman,,2026-02-25T08:28:42.893Z,844,119,True,False,0,0
copilot_sd_mm1rrpfz26cxh2aao1,copilot,how to get global entry and TSA precheck,,2026-02-25T08:29:21.882Z,721,212,True,True,6,0
copilot_sd_mm1rrq0r5pb7p1gix,copilot,best high protein meals for muscle building,,2026-02-25T08:26:33.420Z,856,137,False,False,0,0
copilot_sd_mm1rrq0r5pb7p1gix,copilot,what is the difference between vegan and plant-based diet,,2026-02-25T08:26:42.038Z,474,132,True,True,3,0
copilot_sd_mm1rrq0r5pb7p1gix,copilot,how to meal prep for a week on a budget,,2026-02-25T08:26:59.463Z,1025,103,True,True,0,0
copilot_sd_mm1rrq0r5pb7p1gix,copilot,what is the difference between stock and broth,,2026-02-25T08:27:04.456Z,584,195,True,True,5,0
copilot_sd_mm1rrq0r5pb7p1gix,copilot,how long does cooked chicken last in the fridge,,2026-02-25T08:27:13.931Z,497,169,True,True,3,0
copilot_sd_mm1rrq0r5pb7p1gix,copilot,how to make homemade pasta,,2026-02-25T08:27:16.760Z,695,199,True,True,10,0
copilot_sd_mm1rrq0r5pb7p1gix,copilot,what is the glycemic index of foods,,2026-02-25T08:27:19.194Z,431,115,True,True,7,0
copilot_sd_mm1rrq0r5pb7p1gix,copilot,best fermented foods for gut health,,2026-02-25T08:27:31.597Z,783,196,True,True,9,0
copilot_sd_mm1rrq0r5pb7p1gix,copilot,how to reduce food waste at home,,2026-02-25T08:27:43.125Z,735,137,True,False,0,0
copilot_sd_mm1rrq0r5pb7p1gix,copilot,what are the healthiest cooking oils,,2026-02-25T08:31:01.796Z,518,113,True,True,9,0
copilot_sd_mm1rrqnk2qcxm10tyn,copilot,what are the best anti-inflammatory foods,,2026-02-25T08:26:41.469Z,639,187,True,True,10,0
copilot_sd_mm1rrqnk2qcxm10tyn,copilot,what is the carnivore diet,,2026-02-25T08:26:43.584Z,639,181,True,True,12,0
copilot_sd_mm1rrqnk2qcxm10tyn,copilot,best foods to eat before a workout,,2026-02-25T08:26:50.010Z,608,150,True,False,9,0
copilot_sd_mm1rrqnk2qcxm10tyn,copilot,how to preserve food without refrigeration,,2026-02-25T08:26:51.790Z,977,167,True,False,0,0
copilot_sd_mm1rrqnk2qcxm10tyn,copilot,best meal delivery kits comparison,,2026-02-25T08:27:23.715Z,924,205,True,True,11,0
copilot_sd_mm1rrqnk2qcxm10tyn,copilot,how to make cold brew coffee at home,,2026-02-25T08:27:35.581Z,672,176,True,True,12,0
copilot_sd_mm1rrqnk2qcxm10tyn,copilot,how does food coloring affect children,,2026-02-25T08:28:07.961Z,637,189,True,False,7,0
copilot_sd_mm1rrqnk2qcxm10tyn,copilot,what is intuitive eating,,2026-02-25T08:28:16.242Z,616,111,True,False,0,0
copilot_sd_mm1rrqnk2qcxm10tyn,copilot,what are superfoods and are they real,,2026-02-25T08:28:26.418Z,829,293,True,True,7,0
copilot_sd_mm1rrqnk2qcxm10tyn,copilot,how to read a food nutrition label,,2026-02-25T08:30:12.311Z,679,193,True,True,11,0
copilot_sd_mm1rrr8qntkzo6069,copilot,what is the difference between civil and criminal law,,2026-02-25T08:27:03.195Z,564,103,True,False,0,0
copilot_sd_mm1rrr8qntkzo6069,copilot,what is power of attorney and how does it work,,2026-02-25T08:27:04.007Z,998,105,True,True,0,0
copilot_sd_mm1rrr8qntkzo6069,copilot,how to file a complaint against a company,,2026-02-25T08:27:09.208Z,680,167,True,True,3,0
copilot_sd_mm1rrr8qntkzo6069,copilot,how to dispute a medical bill,,2026-02-25T08:27:14.933Z,826,188,True,True,11,0
copilot_sd_mm1rrr8qntkzo6069,copilot,what is the difference between a will and a trust,,2026-02-25T08:27:20.518Z,786,149,True,False,0,0
copilot_sd_mm1rrr8qntkzo6069,copilot,what are tenant rights when renting,,2026-02-25T08:27:21.188Z,1322,317,True,True,5,0
copilot_sd_mm1rrr8qntkzo6069,copilot,how does small claims court work,,2026-02-25T08:27:22.205Z,714,178,True,True,8,0
copilot_sd_mm1rrr8qntkzo6069,copilot,what is fair use in copyright law,,2026-02-25T08:27:26.504Z,669,186,True,True,12,0
copilot_sd_mm1rrr8qntkzo6069,copilot,how to write a last will and testament,,2026-02-25T08:28:18.798Z,959,125,True,False,0,0
copilot_sd_mm1rrr8qntkzo6069,copilot,how to build a healthy plate according to nutritionists,,2026-02-25T08:30:21.521Z,577,154,True,True,8,0
copilot_sd_mm1rrrtd10253ied4u,copilot,how does the probate process work,,2026-02-25T08:26:50.994Z,527,146,True,True,6,0
copilot_sd_mm1rrrtd10253ied4u,copilot,what rights do employees have in the workplace,,2026-02-25T08:26:54.947Z,683,215,True,False,10,0
copilot_sd_mm1rrrtd10253ied4u,copilot,how to protect your intellectual property,,2026-02-25T08:26:58.602Z,564,152,True,False,11,0
copilot_sd_mm1rrrtd10253ied4u,copilot,how does workers compensation work,,2026-02-25T08:27:01.818Z,782,123,True,False,0,0
copilot_sd_mm1rrrtd10253ied4u,copilot,what are your rights if you are arrested,,2026-02-25T08:27:05.880Z,882,127,True,False,0,0
copilot_sd_mm1rrrtd10253ied4u,copilot,what is GDPR and who does it apply to,,2026-02-25T08:27:07.402Z,556,184,True,True,9,0
copilot_sd_mm1rrrtd10253ied4u,copilot,what is an LLC and how to form one,,2026-02-25T08:27:10.651Z,645,187,True,True,6,0
copilot_sd_mm1rrrtd10253ied4u,copilot,what is defamation and how to prove it,,2026-02-25T08:27:12.466Z,756,172,True,True,10,0
copilot_sd_mm1rrrtd10253ied4u,copilot,how to sue someone in small claims court,,2026-02-25T08:28:40.067Z,699,148,True,True,5,0
copilot_sd_mm1rrrtd10253ied4u,copilot,how to get out of a contract legally,,2026-02-25T08:28:42.505Z,862,109,True,False,0,0
copilot_sd_mm1rrseb1bvfoekdqc,copilot,what is the difference between a misdemeanor and a felony,,2026-02-25T08:26:42.473Z,499,175,True,True,5,0
copilot_sd_mm1rrseb1bvfoekdqc,copilot,what is progressive overload in weightlifting,,2026-02-25T08:26:51.326Z,616,91,True,False,0,0
copilot_sd_mm1rrseb1bvfoekdqc,copilot,what is the statute of limitations,,2026-02-25T08:26:58.935Z,366,115,True,True,4,0
copilot_sd_mm1rrseb1bvfoekdqc,copilot,best workout routine for weight loss,,2026-02-25T08:26:59.991Z,854,107,True,False,0,0
copilot_sd_mm1rrseb1bvfoekdqc,copilot,how to build muscle as a beginner,,2026-02-25T08:27:06.066Z,925,121,True,True,0,0
copilot_sd_mm1rrseb1bvfoekdqc,copilot,how many calories should I eat to lose weight,,2026-02-25T08:27:13.905Z,63,73,False,False,0,0
copilot_sd_mm1rrseb1bvfoekdqc,copilot,how to dispute a credit report error,,2026-02-25T08:27:16.159Z,652,182,True,True,10,0
copilot_sd_mm1rrseb1bvfoekdqc,copilot,how does medical malpractice work,,2026-02-25T08:27:19.345Z,1087,131,True,False,0,0
copilot_sd_mm1rrseb1bvfoekdqc,copilot,what is a non-disclosure agreement,,2026-02-25T08:27:46.934Z,565,97,True,True,0,0
copilot_sd_mm1rrseb1bvfoekdqc,copilot,how to trademark a business name,,2026-02-25T08:28:04.274Z,612,141,True,True,10,0
copilot_sd_mm1rrszb7jdtdubjn,copilot,how to fix bad posture from sitting,,2026-02-25T08:26:44.695Z,917,109,True,False,0,0
copilot_sd_mm1rrszb7jdtdubjn,copilot,what is the best time of day to work out,,2026-02-25T08:26:51.192Z,478,126,True,True,7,0
copilot_sd_mm1rrszb7jdtdubjn,copilot,how does protein synthesis work in muscles,,2026-02-25T08:26:55.244Z,517,132,True,False,0,0
copilot_sd_mm1rrszb7jdtdubjn,copilot,how to stretch properly before and after exercise,,2026-02-25T08:26:57.858Z,595,140,True,True,8,0
copilot_sd_mm1rrszb7jdtdubjn,copilot,best home workout equipment on a budget,,2026-02-25T08:27:04.162Z,662,169,True,True,10,0
copilot_sd_mm1rrszb7jdtdubjn,copilot,how to improve running endurance,,2026-02-25T08:27:50.250Z,709,125,True,False,0,0
copilot_sd_mm1rrszb7jdtdubjn,copilot,best supplements for muscle growth,,2026-02-25T08:28:08.559Z,674,173,True,True,7,0
copilot_sd_mm1rrszb7jdtdubjn,copilot,what is the difference between cardio and HIIT,,2026-02-25T08:28:13.176Z,373,77,True,True,0,0
copilot_sd_mm1rrszb7jdtdubjn,copilot,what is the difference between free weights and machines,,2026-02-25T08:28:28.485Z,648,111,True,False,0,0
copilot_sd_mm1rrszb7jdtdubjn,copilot,how to train for a marathon as a beginner,,2026-02-25T08:28:31.717Z,1054,113,True,False,0,0
copilot_sd_mm1rrtjg22bd8b6zby,copilot,what is a caloric deficit and how to calculate it,,2026-02-25T08:26:37.638Z,822,111,True,True,0,0
copilot_sd_mm1rrtjg22bd8b6zby,copilot,what is the best exercise for mental health,,2026-02-25T08:26:40.432Z,658,121,True,False,0,0
copilot_sd_mm1rrtjg22bd8b6zby,copilot,how to improve flexibility and mobility,,2026-02-25T08:26:47.803Z,814,115,True,True,0,0
copilot_sd_mm1rrtjg22bd8b6zby,copilot,what causes delayed onset muscle soreness,,2026-02-25T08:26:54.808Z,507,174,True,False,6,0
copilot_sd_mm1rrtjg22bd8b6zby,copilot,how to recover from overtraining,,2026-02-25T08:27:04.557Z,685,183,True,False,7,0
copilot_sd_mm1rrtjg22bd8b6zby,copilot,best exercises for lower back pain,,2026-02-25T08:27:07.036Z,644,185,True,False,7,0
copilot_sd_mm1rrtjg22bd8b6zby,copilot,best exercises for core strength,,2026-02-25T08:27:24.529Z,900,113,True,True,0,0
copilot_sd_mm1rrtjg22bd8b6zby,copilot,how does zone 2 cardio training work,,2026-02-25T08:27:31.121Z,881,113,True,False,0,0
copilot_sd_mm1rrtjg22bd8b6zby,copilot,how to lose belly fat effectively,,2026-02-25T08:27:37.183Z,947,111,True,False,0,0
copilot_sd_mm1rrtjg22bd8b6zby,copilot,how to create a workout schedule,,2026-02-25T08:29:40.982Z,960,107,True,True,0,0
copilot_sd_mm1rru3whaxz4fxh8,copilot,what age should kids start learning to read,,2026-02-25T08:26:47.186Z,514,97,True,False,0,0
copilot_sd_mm1rru3whaxz4fxh8,copilot,what is gentle parenting,,2026-02-25T08:26:50.987Z,655,186,True,True,5,0
copilot_sd_mm1rru3whaxz4fxh8,copilot,what is the difference between authoritative and authoritarian parenting,,2026-02-25T08:26:51.876Z,641,87,True,True,0,0
copilot_sd_mm1rru3whaxz4fxh8,copilot,best books for new parents,,2026-02-25T08:26:55.058Z,774,200,True,True,15,0
copilot_sd_mm1rru3whaxz4fxh8,copilot,how much screen time is too much for kids,,2026-02-25T08:27:11.715Z,797,115,True,False,0,0
copilot_sd_mm1rru3whaxz4fxh8,copilot,how to raise financially responsible children,,2026-02-25T08:27:16.009Z,1198,139,True,False,0,0
copilot_sd_mm1rru3whaxz4fxh8,copilot,how to talk to kids about death,,2026-02-25T08:27:25.450Z,848,131,True,False,0,0
copilot_sd_mm1rru3whaxz4fxh8,copilot,what is the difference between aerobic and anaerobic exercise,,2026-02-25T08:27:30.455Z,461,190,True,True,3,0
copilot_sd_mm1rru3whaxz4fxh8,copilot,best ways to discipline a child without yelling,,2026-02-25T08:28:41.143Z,1155,185,True,False,0,0
copilot_sd_mm1rru3whaxz4fxh8,copilot,how to handle a toddler meltdown,,2026-02-25T08:29:27.278Z,728,139,True,False,0,0
copilot_sd_mm1rrunvad8h8ol4r,copilot,how to encourage a growth mindset in children,,2026-02-25T08:26:55.129Z,1121,183,True,False,0,0
copilot_sd_mm1rrunvad8h8ol4r,copilot,what is helicopter parenting and its effects,,2026-02-25T08:26:55.142Z,708,175,True,False,6,0
copilot_sd_mm1rrunvad8h8ol4r,copilot,how to co-parent effectively after divorce,,2026-02-25T08:26:56.140Z,852,119,True,False,0,0
copilot_sd_mm1rrunvad8h8ol4r,copilot,what are signs of ADHD in children,,2026-02-25T08:27:09.945Z,641,182,True,True,13,0
copilot_sd_mm1rrunvad8h8ol4r,copilot,how to prepare a child for a new sibling,,2026-02-25T08:27:16.206Z,906,129,True,False,0,0
copilot_sd_mm1rrunvad8h8ol4r,copilot,best educational apps for kids,,2026-02-25T08:27:19.393Z,761,177,True,True,13,0
copilot_sd_mm1rrunvad8h8ol4r,copilot,how to talk to teens about social media,,2026-02-25T08:27:25.667Z,693,172,True,False,5,0
copilot_sd_mm1rrunvad8h8ol4r,copilot,what are the stages of child development,,2026-02-25T08:27:29.074Z,436,140,True,True,6,0
copilot_sd_mm1rrunvad8h8ol4r,copilot,what is attachment theory in child development,,2026-02-25T08:29:28.348Z,933,97,True,True,0,0
copilot_sd_mm1rrunvad8h8ol4r,copilot,how to help a child with anxiety,,2026-02-25T08:33:36.653Z,963,123,True,False,0,0
copilot_sd_mm1rrv7u2duvb0ao8m,copilot,what caused the fall of the Roman Empire,,2026-02-25T08:27:04.556Z,661,160,True,True,8,0
copilot_sd_mm1rrv7u2duvb0ao8m,copilot,how did the civil rights movement change America,,2026-02-25T08:27:08.147Z,709,170,True,True,4,0
copilot_sd_mm1rrv7u2duvb0ao8m,copilot,what caused the Great Depression,,2026-02-25T08:27:10.096Z,586,182,True,True,6,0
copilot_sd_mm1rrv7u2duvb0ao8m,copilot,how did the Industrial Revolution change society,,2026-02-25T08:27:10.917Z,875,117,True,False,0,0
copilot_sd_mm1rrv7u2duvb0ao8m,copilot,how did the Cold War end,,2026-02-25T08:27:14.658Z,547,157,True,True,6,0
copilot_sd_mm1rrv7u2duvb0ao8m,copilot,what was the significance of the Magna Carta,,2026-02-25T08:27:18.205Z,543,181,True,True,5,0
copilot_sd_mm1rrv7u2duvb0ao8m,copilot,how to stop a child from lying,,2026-02-25T08:27:50.470Z,1120,163,True,False,0,0
copilot_sd_mm1rrv7u2duvb0ao8m,copilot,what was the significance of the printing press,,2026-02-25T08:28:26.663Z,560,186,True,True,5,0
copilot_sd_mm1rrv7u2duvb0ao8m,copilot,how did World War 1 start,,2026-02-25T08:30:15.187Z,473,113,True,True,0,0
copilot_sd_mm1rrv7u2duvb0ao8m,copilot,what was the Manhattan Project,,2026-02-25T08:31:30.186Z,547,192,True,True,9,0
copilot_sd_mm1rrvs22p47eqctrr,copilot,what was the Berlin Wall and why was it built,,2026-02-25T08:27:02.919Z,589,167,True,True,6,0
copilot_sd_mm1rrvs22p47eqctrr,copilot,what was the significance of the Treaty of Versailles,,2026-02-25T08:27:09.497Z,455,136,True,True,0,0
copilot_sd_mm1rrvs22p47eqctrr,copilot,how did slavery shape the American economy,,2026-02-25T08:27:12.588Z,677,182,True,True,0,0
copilot_sd_mm1rrvs22p47eqctrr,copilot,what was the significance of the moon landing,,2026-02-25T08:27:12.599Z,635,186,True,True,7,0
copilot_sd_mm1rrvs22p47eqctrr,copilot,what is the history of the United Nations,,2026-02-25T08:27:25.840Z,731,172,True,True,7,0
copilot_sd_mm1rrvs22p47eqctrr,copilot,how did the internet change the world,,2026-02-25T08:28:05.419Z,691,200,True,True,11,0
copilot_sd_mm1rrvs22p47eqctrr,copilot,what caused World War 2,,2026-02-25T08:28:30.982Z,722,171,True,True,10,0
copilot_sd_mm1rrvs22p47eqctrr,copilot,how did colonialism shape the modern world,,2026-02-25T08:28:37.668Z,606,151,True,True,7,0
copilot_sd_mm1rrvs22p47eqctrr,copilot,how did the French Revolution start,,2026-02-25T08:30:37.625Z,626,173,True,True,5,0
copilot_sd_mm1rrvs22p47eqctrr,copilot,how did the Black Death change Europe,,2026-02-25T08:31:42.031Z,531,135,True,True,8,0
copilot_sd_mm1rrwclbrbzqlj3d,copilot,how does evolution work,,2026-02-25T08:26:46.058Z,739,117,True,False,0,0
copilot_sd_mm1rrwclbrbzqlj3d,copilot,what is epigenetics,,2026-02-25T08:26:50.738Z,451,166,True,True,6,0
copilot_sd_mm1rrwclbrbzqlj3d,copilot,how does vaccination work,,2026-02-25T08:26:51.343Z,531,181,True,True,5,0
copilot_sd_mm1rrwclbrbzqlj3d,copilot,what is the theory of relativity explained simply,,2026-02-25T08:26:58.099Z,460,165,True,True,4,0
copilot_sd_mm1rrwclbrbzqlj3d,copilot,how does mRNA vaccine technology work,,2026-02-25T08:26:58.265Z,623,186,True,True,6,0
copilot_sd_mm1rrwclbrbzqlj3d,copilot,what is the difference between nuclear fission and fusion,,2026-02-25T08:27:06.198Z,573,175,True,True,4,0
copilot_sd_mm1rrwclbrbzqlj3d,copilot,what was the space race about,,2026-02-25T08:27:14.160Z,753,178,True,True,13,0
copilot_sd_mm1rrwclbrbzqlj3d,copilot,how does quantum entanglement work,,2026-02-25T08:27:30.512Z,558,146,True,False,6,0
copilot_sd_mm1rrwclbrbzqlj3d,copilot,how does the gut-brain axis work,,2026-02-25T08:28:40.211Z,653,193,True,False,7,0
copilot_sd_mm1rrwclbrbzqlj3d,copilot,what is dark matter,,2026-02-25T08:32:10.060Z,600,177,True,True,10,0
copilot_sd_mm1rrww1127v1s794t,copilot,what is neuroplasticity,,2026-02-25T08:26:44.994Z,493,89,True,False,0,0
copilot_sd_mm1rrww1127v1s794t,copilot,how does the human genome work,,2026-02-25T08:26:54.317Z,1040,137,True,False,0,0
copilot_sd_mm1rrww1127v1s794t,copilot,what is antibiotic resistance,,2026-02-25T08:27:00.873Z,512,165,True,True,8,0
copilot_sd_mm1rrww1127v1s794t,copilot,how did the universe begin,,2026-02-25T08:27:14.110Z,623,187,True,True,5,0
copilot_sd_mm1rrww1127v1s794t,copilot,how does student loan forgiveness work,,2026-02-25T08:27:25.346Z,705,170,True,True,6,0
copilot_sd_mm1rrww1127v1s794t,copilot,how to study effectively for exams,,2026-02-25T08:27:51.058Z,573,154,True,True,8,0
copilot_sd_mm1rrww1127v1s794t,copilot,best online learning platforms comparison,,2026-02-25T08:28:10.706Z,708,179,True,True,9,0
copilot_sd_mm1rrww1127v1s794t,copilot,what is the difference between a PhD and a professional doctorate,,2026-02-25T08:28:53.628Z,455,153,True,True,6,0
copilot_sd_mm1rrww1127v1s794t,copilot,how does the carbon cycle work,,2026-02-25T08:30:22.516Z,539,132,True,True,7,0
copilot_sd_mm1rrww1127v1s794t,copilot,what is the difference between GMO and hybrid crops,,2026-02-25T08:35:10.191Z,585,210,True,True,6,0
copilot_sd_mm1rrxgfws7kyp0c,copilot,what is the Socratic method of teaching,,2026-02-25T08:26:47.876Z,622,99,True,False,0,0
copilot_sd_mm1rrxgfws7kyp0c,copilot,what is project-based learning,,2026-02-25T08:27:00.214Z,359,114,True,True,7,0
copilot_sd_mm1rrxgfws7kyp0c,copilot,how to speed read effectively,,2026-02-25T08:27:09.312Z,1402,195,True,False,0,0
copilot_sd_mm1rrxgfws7kyp0c,copilot,what is the Feynman technique for learning,,2026-02-25T08:27:10.791Z,641,113,True,False,0,0
copilot_sd_mm1rrxgfws7kyp0c,copilot,how does the US education system compare to other countries,,2026-02-25T08:27:17.789Z,800,252,True,True,12,0
copilot_sd_mm1rrxgfws7kyp0c,copilot,what are the best MOOCs for data science,,2026-02-25T08:27:25.636Z,767,198,True,True,6,0
copilot_sd_mm1rrxgfws7kyp0c,copilot,how to pay for college without student loans,,2026-02-25T08:27:38.201Z,732,201,True,True,9,0
copilot_sd_mm1rrxgfws7kyp0c,copilot,how to memorize things quickly,,2026-02-25T08:28:04.013Z,808,135,True,True,0,0
copilot_sd_mm1rrxgfws7kyp0c,copilot,what is the difference between associate and bachelor degree,,2026-02-25T08:28:24.375Z,571,187,True,True,6,0
copilot_sd_mm1rrxgfws7kyp0c,copilot,how to choose a college major,,2026-02-25T08:28:41.841Z,1020,137,True,False,0,0
copilot_sd_mm1rry0t10qlsrlyzp,copilot,what is experiential learning,,2026-02-25T08:26:46.879Z,484,101,True,False,0,0
copilot_sd_mm1rry0t10qlsrlyzp,copilot,what is quantitative easing,,2026-02-25T08:26:59.631Z,502,163,True,True,7,0
copilot_sd_mm1rry0t10qlsrlyzp,copilot,how does monetary policy affect inflation,,2026-02-25T08:27:06.495Z,764,212,True,True,5,0
copilot_sd_mm1rry0t10qlsrlyzp,copilot,how does the European Central Bank work,,2026-02-25T08:27:08.144Z,523,142,True,True,9,0
copilot_sd_mm1rry0t10qlsrlyzp,copilot,how to get scholarships for college,,2026-02-25T08:27:08.205Z,693,195,True,True,6,0
copilot_sd_mm1rry0t10qlsrlyzp,copilot,what causes stagflation,,2026-02-25T08:27:15.978Z,615,182,True,True,8,0
copilot_sd_mm1rry0t10qlsrlyzp,copilot,what is a trade deficit,,2026-02-25T08:27:22.511Z,534,171,True,True,5,0
copilot_sd_mm1rry0t10qlsrlyzp,copilot,how does international trade work,,2026-02-25T08:28:30.611Z,621,186,True,True,7,0
copilot_sd_mm1rry0t10qlsrlyzp,copilot,what is the difference between fiscal and monetary policy,,2026-02-25T08:28:53.898Z,613,182,True,True,8,0
copilot_sd_mm1rry0t10qlsrlyzp,copilot,what is GDP and how is it calculated,,2026-02-25T08:29:14.208Z,465,142,True,True,4,0
copilot_sd_mm1rrykgie09hpq2n,copilot,what is venture capital and how does it work,,2026-02-25T08:27:02.922Z,653,194,True,True,8,0
copilot_sd_mm1rrykgie09hpq2n,copilot,how does the debt ceiling work,,2026-02-25T08:27:07.196Z,705,195,True,True,8,0
copilot_sd_mm1rrykgie09hpq2n,copilot,what is a competitive analysis,,2026-02-25T08:27:10.448Z,687,105,True,False,0,0
copilot_sd_mm1rrykgie09hpq2n,copilot,what is the Laffer curve,,2026-02-25T08:27:15.522Z,453,97,True,False,0,0
copilot_sd_mm1rrykgie09hpq2n,copilot,how to validate a business idea,,2026-02-25T08:27:42.433Z,1086,153,True,False,0,0
copilot_sd_mm1rrykgie09hpq2n,copilot,how does universal basic income work,,2026-02-25T08:28:27.512Z,672,202,True,True,6,0
copilot_sd_mm1rrykgie09hpq2n,copilot,how does venture capital funding work,,2026-02-25T08:28:59.438Z,725,181,True,True,4,0
copilot_sd_mm1rrykgie09hpq2n,copilot,how do tariffs work,,2026-02-25T08:29:11.522Z,701,190,True,True,13,0
copilot_sd_mm1rrykgie09hpq2n,copilot,how does the minimum wage affect the economy,,2026-02-25T08:30:01.762Z,885,187,True,True,0,0
copilot_sd_mm1rrykgie09hpq2n,copilot,what is game theory in economics,,2026-02-25T08:30:36.999Z,582,174,True,True,5,0
copilot_sd_mm1rrz4w1fsqfsdwgk,copilot,what is a SWOT analysis,,2026-02-25T08:26:53.295Z,379,89,True,False,0,0
copilot_sd_mm1rrz4w1fsqfsdwgk,copilot,what is a pitch deck and what should it include,,2026-02-25T08:27:10.463Z,972,127,True,False,0,0
copilot_sd_mm1rrz4w1fsqfsdwgk,copilot,what is product market fit,,2026-02-25T08:27:12.712Z,444,140,True,True,9,0
copilot_sd_mm1rrz4w1fsqfsdwgk,copilot,how to create a minimum viable product,,2026-02-25T08:27:15.208Z,831,186,True,True,6,0
copilot_sd_mm1rrz4w1fsqfsdwgk,copilot,how to scale a small business,,2026-02-25T08:27:17.277Z,756,181,True,True,8,0
copilot_sd_mm1rrz4w1fsqfsdwgk,copilot,what is the difference between sole proprietorship and LLC,,2026-02-25T08:27:21.687Z,776,193,True,True,4,0
copilot_sd_mm1rrz4w1fsqfsdwgk,copilot,how to create a pricing strategy,,2026-02-25T08:28:20.329Z,1255,183,True,False,0,0
copilot_sd_mm1rrz4w1fsqfsdwgk,copilot,how does a franchise model work,,2026-02-25T08:28:25.428Z,904,109,True,False,0,0
copilot_sd_mm1rrz4w1fsqfsdwgk,copilot,what is the difference between B2B and B2C,,2026-02-25T08:28:43.482Z,600,182,True,True,7,0
copilot_sd_mm1rrz4w1fsqfsdwgk,copilot,how to build a SaaS business,,2026-02-25T08:30:45.715Z,1186,153,True,False,0,0
copilot_sd_mm1rrzq11n6axydbu4,copilot,what is the difference between revenue and profit,,2026-02-25T08:26:45.440Z,450,93,True,False,0,0
copilot_sd_mm1rrzq11n6axydbu4,copilot,how does email marketing work,,2026-02-25T08:26:52.238Z,1077,113,True,True,0,0
copilot_sd_mm1rrzq11n6axydbu4,copilot,how to build an email list from scratch,,2026-02-25T08:27:08.388Z,942,115,True,False,0,0
copilot_sd_mm1rrzq11n6axydbu4,copilot,what is conversion rate optimization,,2026-02-25T08:27:10.078Z,498,165,True,True,8,0
copilot_sd_mm1rrzq11n6axydbu4,copilot,how to create a social media strategy,,2026-02-25T08:27:15.482Z,1107,153,True,False,0,0
copilot_sd_mm1rrzq11n6axydbu4,copilot,what is influencer marketing,,2026-02-25T08:27:25.364Z,391,124,True,True,5,0
copilot_sd_mm1rrzq11n6axydbu4,copilot,what is the difference between SEO and SEM,,2026-02-25T08:28:20.141Z,456,133,True,True,6,0
copilot_sd_mm1rrzq11n6axydbu4,copilot,what is an exit strategy in business,,2026-02-25T08:29:06.221Z,782,85,True,True,0,0
copilot_sd_mm1rrzq11n6axydbu4,copilot,how does programmatic advertising work,,2026-02-25T08:29:25.313Z,723,183,True,True,6,0
copilot_sd_mm1rrzq11n6axydbu4,copilot,how to measure business success with KPIs,,2026-02-25T08:29:25.681Z,578,158,True,True,5,0
copilot_sd_mm1rs09u1i3s9dq2gc,copilot,what is a marketing funnel,,2026-02-25T08:26:58.456Z,609,159,True,True,6,0
copilot_sd_mm1rs09u1i3s9dq2gc,copilot,how to measure marketing ROI,,2026-02-25T08:27:02.142Z,679,168,True,True,5,0
copilot_sd_mm1rs09u1i3s9dq2gc,copilot,how to do keyword research for SEO,,2026-02-25T08:27:04.440Z,1346,141,True,False,0,0
copilot_sd_mm1rs09u1i3s9dq2gc,copilot,what is the difference between a landing page and homepage,,2026-02-25T08:27:05.952Z,509,85,True,True,0,0
copilot_sd_mm1rs09u1i3s9dq2gc,copilot,what is the difference between organic and paid social media,,2026-02-25T08:27:06.973Z,674,182,True,True,6,0
copilot_sd_mm1rs09u1i3s9dq2gc,copilot,what is cognitive behavioral therapy,,2026-02-25T08:27:07.202Z,683,93,True,False,0,0
copilot_sd_mm1rs09u1i3s9dq2gc,copilot,how does Google Ads work,,2026-02-25T08:27:09.250Z,657,140,True,True,7,0
copilot_sd_mm1rs09u1i3s9dq2gc,copilot,what is brand positioning,,2026-02-25T08:27:10.139Z,592,93,True,True,0,0
copilot_sd_mm1rs09u1i3s9dq2gc,copilot,what is affiliate marketing,,2026-02-25T08:27:25.601Z,606,166,True,True,5,0
copilot_sd_mm1rs09u1i3s9dq2gc,copilot,how does remarketing work,,2026-02-25T08:28:20.066Z,985,127,True,True,0,0
copilot_sd_mm1rs0tvikrz7qubk,copilot,what is the difference between psychologist and psychiatrist,,2026-02-25T08:26:44.507Z,586,111,True,False,0,0
copilot_sd_mm1rs0tvikrz7qubk,copilot,what are the Big 5 personality traits,,2026-02-25T08:26:54.106Z,406,85,True,False,0,0
copilot_sd_mm1rs0tvikrz7qubk,copilot,what is attachment theory,,2026-02-25T08:26:56.960Z,834,99,True,False,0,0
copilot_sd_mm1rs0tvikrz7qubk,copilot,what are the stages of grief,,2026-02-25T08:26:58.245Z,648,99,True,False,0,0
copilot_sd_mm1rs0tvikrz7qubk,copilot,how does confirmation bias work,,2026-02-25T08:27:10.341Z,622,186,True,True,13,0
copilot_sd_mm1rs0tvikrz7qubk,copilot,how does trauma affect the brain,,2026-02-25T08:27:15.151Z,734,160,True,True,7,0
copilot_sd_mm1rs0tvikrz7qubk,copilot,how does Maslow hierarchy of needs work,,2026-02-25T08:27:24.449Z,924,123,True,False,0,0
copilot_sd_mm1rs0tvikrz7qubk,copilot,how does classical conditioning work,,2026-02-25T08:27:37.080Z,741,123,True,False,0,0
copilot_sd_mm1rs0tvikrz7qubk,copilot,how does social comparison theory work,,2026-02-25T08:27:50.468Z,594,158,True,True,6,0
copilot_sd_mm1rs0tvikrz7qubk,copilot,what is the dunning-kruger effect,,2026-02-25T08:28:44.053Z,549,99,True,False,0,0
copilot_sd_mm1rs1d324bukzz7rw,copilot,how does solar energy work,,2026-02-25T08:27:08.029Z,692,191,True,True,0,0
copilot_sd_mm1rs1d324bukzz7rw,copilot,what is the difference between weather and climate,,2026-02-25T08:27:12.083Z,506,185,True,True,6,0
copilot_sd_mm1rs1d324bukzz7rw,copilot,how does carbon capture technology work,,2026-02-25T08:27:19.409Z,687,163,True,True,8,0
copilot_sd_mm1rs1d324bukzz7rw,copilot,what is the difference between anxiety and depression,,2026-02-25T08:27:46.832Z,544,169,True,True,9,0
copilot_sd_mm1rs1d324bukzz7rw,copilot,what is emotional regulation and how to improve it,,2026-02-25T08:27:53.201Z,1180,163,True,False,0,0
copilot_sd_mm1rs1d324bukzz7rw,copilot,what is the psychology of motivation,,2026-02-25T08:28:25.981Z,901,129,True,False,0,0
copilot_sd_mm1rs1d324bukzz7rw,copilot,how does therapy help with mental health,,2026-02-25T08:28:28.204Z,628,107,True,False,0,0
copilot_sd_mm1rs1d324bukzz7rw,copilot,how does the placebo effect work,,2026-02-25T08:28:28.862Z,562,141,True,False,6,0
copilot_sd_mm1rs1d324bukzz7rw,copilot,what is biodiversity and why does it matter,,2026-02-25T08:28:47.860Z,632,180,True,True,5,0
copilot_sd_mm1rs1d324bukzz7rw,copilot,how does positive reinforcement work,,2026-02-25T08:29:47.412Z,785,115,True,False,0,0
copilot_sd_mm1rs1yu14p42jddfj,copilot,how does deforestation affect climate change,,2026-02-25T08:26:59.457Z,616,205,True,True,6,0
copilot_sd_mm1rs1yu14p42jddfj,copilot,what is greenwashing,,2026-02-25T08:26:59.720Z,415,97,True,False,0,0
copilot_sd_mm1rs1yu14p42jddfj,copilot,how does ocean acidification work,,2026-02-25T08:27:00.396Z,501,121,True,False,5,0
copilot_sd_mm1rs1yu14p42jddfj,copilot,how to make your home more energy efficient,,2026-02-25T08:27:02.352Z,506,130,True,True,0,0
copilot_sd_mm1rs1yu14p42jddfj,copilot,what is the circular economy,,2026-02-25T08:27:05.466Z,487,173,True,True,6,0
copilot_sd_mm1rs1yu14p42jddfj,copilot,what is environmental justice,,2026-02-25T08:27:08.837Z,549,160,True,True,6,0
copilot_sd_mm1rs1yu14p42jddfj,copilot,what is the Paris Agreement,,2026-02-25T08:27:14.494Z,589,173,True,True,7,0
copilot_sd_mm1rs1yu14p42jddfj,copilot,what are the effects of microplastics on health,,2026-02-25T08:27:15.061Z,642,195,True,False,15,0
copilot_sd_mm1rs1yu14p42jddfj,copilot,how does electric vehicle adoption affect emissions,,2026-02-25T08:27:20.965Z,757,195,True,True,9,0
copilot_sd_mm1rs1yu14p42jddfj,copilot,how does wind energy work,,2026-02-25T08:27:35.431Z,564,187,True,True,6,0
copilot_sd_mm1rs2k46cn73c8hf,copilot,what is gerrymandering,,2026-02-25T08:26:43.541Z,491,93,True,False,0,0
copilot_sd_mm1rs2k46cn73c8hf,copilot,what is net zero emissions,,2026-02-25T08:26:51.952Z,552,176,True,True,9,0
copilot_sd_mm1rs2k46cn73c8hf,copilot,what is the difference between the House and Senate,,2026-02-25T08:26:54.915Z,577,189,True,True,5,0
copilot_sd_mm1rs2k46cn73c8hf,copilot,how does ranked choice voting work,,2026-02-25T08:26:55.750Z,613,182,True,True,5,0
copilot_sd_mm1rs2k46cn73c8hf,copilot,what is lobbying and how does it affect politics,,2026-02-25T08:26:58.344Z,613,182,True,True,11,0
copilot_sd_mm1rs2k46cn73c8hf,copilot,how does sustainable agriculture work,,2026-02-25T08:27:03.356Z,657,158,True,True,7,0
copilot_sd_mm1rs2k46cn73c8hf,copilot,how does NATO work,,2026-02-25T08:27:04.300Z,562,139,True,False,6,0
copilot_sd_mm1rs2k46cn73c8hf,copilot,how does the US Supreme Court work,,2026-02-25T08:27:15.594Z,685,191,True,True,7,0
copilot_sd_mm1rs2k46cn73c8hf,copilot,how do coral reefs die,,2026-02-25T08:27:44.439Z,670,186,True,False,8,0
copilot_sd_mm1rs2k46cn73c8hf,copilot,what is the difference between renewable and nonrenewable energy,,2026-02-25T08:28:49.622Z,545,85,True,True,0,0
copilot_sd_mm1rs340ktwc4bohl,copilot,what is the difference between foreign policy and domestic policy,,2026-02-25T08:26:56.326Z,390,83,True,True,0,0
copilot_sd_mm1rs340ktwc4bohl,copilot,how does a bill become a law in the US,,2026-02-25T08:27:08.131Z,783,238,True,True,11,0
copilot_sd_mm1rs340ktwc4bohl,copilot,what is universal healthcare and how does it work,,2026-02-25T08:27:15.006Z,659,197,True,True,9,0
copilot_sd_mm1rs340ktwc4bohl,copilot,how does the United Nations work,,2026-02-25T08:27:16.207Z,672,172,True,True,3,0
copilot_sd_mm1rs340ktwc4bohl,copilot,what is campaign finance reform,,2026-02-25T08:27:19.101Z,621,166,True,False,8,0
copilot_sd_mm1rs340ktwc4bohl,copilot,what is the difference between democracy and republic,,2026-02-25T08:27:22.835Z,518,103,True,True,0,0
copilot_sd_mm1rs340ktwc4bohl,copilot,how does immigration policy work in the US,,2026-02-25T08:27:25.581Z,719,249,True,True,6,0
copilot_sd_mm1rs340ktwc4bohl,copilot,how does the World Bank work,,2026-02-25T08:27:28.509Z,754,205,True,True,10,0
copilot_sd_mm1rs340ktwc4bohl,copilot,what is political polarization,,2026-02-25T08:29:28.356Z,472,185,True,True,12,0
copilot_sd_mm1rs340ktwc4bohl,copilot,how does the IMF work,,2026-02-25T08:30:02.171Z,704,206,True,True,8,0
copilot_sd_mm1rs3nytaspr9m29,copilot,how to build better habits,,2026-02-25T08:26:50.736Z,1028,175,True,False,0,0
copilot_sd_mm1rs3nytaspr9m29,copilot,what is minimalism and how to practice it,,2026-02-25T08:26:58.430Z,1113,145,True,False,0,0
copilot_sd_mm1rs3nytaspr9m29,copilot,best books on self improvement,,2026-02-25T08:27:04.498Z,733,137,True,False,0,0
copilot_sd_mm1rs3nytaspr9m29,copilot,how to improve morning routine,,2026-02-25T08:27:05.822Z,847,129,True,False,0,0
copilot_sd_mm1rs3nytaspr9m29,copilot,how do sanctions work in international relations,,2026-02-25T08:27:07.355Z,863,221,True,True,11,0
copilot_sd_mm1rs3nytaspr9m29,copilot,what are the benefits of journaling,,2026-02-25T08:27:08.494Z,627,103,True,False,0,0
copilot_sd_mm1rs3nytaspr9m29,copilot,what is the difference between left wing and right wing politics,,2026-02-25T08:27:11.261Z,487,120,True,True,11,0
copilot_sd_mm1rs3nytaspr9m29,copilot,what is the KonMari method,,2026-02-25T08:28:20.502Z,619,164,True,True,6,0
copilot_sd_mm1rs3nytaspr9m29,copilot,how to practice mindfulness for beginners,,2026-02-25T08:28:25.496Z,1060,159,True,False,0,0
copilot_sd_mm1rs3nytaspr9m29,copilot,how to stop doom scrolling,,2026-02-25T08:28:43.464Z,899,123,True,False,0,0
copilot_sd_mm1rs48u29krfpexj6,copilot,what are the benefits of cold showers,,2026-02-25T08:26:52.503Z,558,171,True,False,8,0
copilot_sd_mm1rs48u29krfpexj6,copilot,how to break bad habits,,2026-02-25T08:27:05.840Z,591,131,True,True,10,0
copilot_sd_mm1rs48u29krfpexj6,copilot,what is digital minimalism,,2026-02-25T08:27:08.495Z,594,87,True,False,0,0
copilot_sd_mm1rs48u29krfpexj6,copilot,how to set boundaries in relationships,,2026-02-25T08:27:11.390Z,946,131,True,False,0,0
copilot_sd_mm1rs48u29krfpexj6,copilot,how to improve focus and concentration,,2026-02-25T08:27:13.328Z,1133,161,True,False,0,0
copilot_sd_mm1rs48u29krfpexj6,copilot,what is the difference between introversion and shyness,,2026-02-25T08:27:15.468Z,712,200,True,True,4,0
copilot_sd_mm1rs48u29krfpexj6,copilot,how to create a capsule wardrobe,,2026-02-25T08:27:53.000Z,750,144,True,True,9,0
copilot_sd_mm1rs48u29krfpexj6,copilot,what are the best personal finance books,,2026-02-25T08:28:05.899Z,789,178,True,True,11,0
copilot_sd_mm1rs48u29krfpexj6,copilot,how to declutter your home,,2026-02-25T08:28:57.298Z,911,145,True,False,0,0
copilot_sd_mm1rs48u29krfpexj6,copilot,what are the benefits of gratitude practice,,2026-02-25T08:33:37.710Z,645,127,True,False,0,0
gemini_sd_mm0zlrco1myeo8481c,gemini,how does a credit score work,US,2026-02-24T19:17:22.771Z,449,31,True,True,10,0
gemini_sd_mm0zlrco1myeo8481c,gemini,best programming languages to learn in 2024,US,2026-02-24T19:17:41.156Z,515,36,True,True,0,0
gemini_sd_mm0zlrco1myeo8481c,gemini,what are the symptoms of type 2 diabetes,US,2026-02-24T19:17:41.397Z,356,21,True,False,11,0
gemini_sd_mm0zlrco1myeo8481c,gemini,how to treat a sprained ankle at home,US,2026-02-24T19:17:48.973Z,394,35,True,False,6,0
gemini_sd_mm0zlrco1myeo8481c,gemini,what causes inflation,US,2026-02-24T19:17:52.938Z,470,29,True,True,17,0
gemini_sd_mm109d0ikxlyyry5b,gemini,best programming languages to learn in 2024,US,2026-02-24T19:36:12.150Z,481,39,True,True,0,0
gemini_sd_mm109d0ikxlyyry5b,gemini,what causes inflation,US,2026-02-24T19:36:14.035Z,514,36,True,True,17,0
gemini_sd_mm109d0ikxlyyry5b,gemini,what are the symptoms of type 2 diabetes,US,2026-02-24T19:36:28.251Z,379,24,True,False,12,0
gemini_sd_mm109d0ikxlyyry5b,gemini,what are the health benefits of intermittent fasting,US,2026-02-24T19:36:30.885Z,502,33,True,True,7,0
gemini_sd_mm109d0ikxlyyry5b,gemini,how to treat a sprained ankle at home,US,2026-02-24T19:36:38.578Z,381,31,True,False,7,0
gemini_sd_mm109d0ikxlyyry5b,gemini,how does a credit score work,US,2026-02-24T19:37:03.415Z,484,43,True,True,6,0
gemini_sd_mm109d0ikxlyyry5b,gemini,best cities to live in the United States,US,2026-02-24T19:37:41.029Z,560,27,True,True,0,0
gemini_sd_mm109d0ikxlyyry5b,gemini,what is the difference between machine learning and deep learning,US,2026-02-24T19:38:22.269Z,451,32,True,True,6,0
gemini_sd_mm109d0ikxlyyry5b,gemini,how long does it take to learn Python,US,2026-02-24T19:39:17.973Z,403,22,True,True,0,0
gemini_sd_mm109d0ikxlyyry5b,gemini,how does compound interest work,US,2026-02-24T19:39:56.286Z,381,30,True,True,11,0
gemini_sd_mm10flrp21lhcblnt7,gemini,symptoms of vitamin D deficiency,US,2026-02-24T19:40:43.747Z,413,23,True,True,0,0
gemini_sd_mm10flrp21lhcblnt7,gemini,how does the stock market work,US,2026-02-24T19:40:44.132Z,508,40,True,True,11,0
gemini_sd_mm10flrp21lhcblnt7,gemini,what is quantum computing,US,2026-02-24T19:40:46.272Z,504,27,True,True,12,0
gemini_sd_mm10flrp21lhcblnt7,gemini,explain blockchain technology,US,2026-02-24T19:40:47.255Z,504,36,True,True,0,0
gemini_sd_mm10flrp21lhcblnt7,gemini,what is the Mediterranean diet,US,2026-02-24T19:40:50.905Z,399,22,True,True,13,0
gemini_sd_mm10flrp21lhcblnt7,gemini,what is the difference between a Roth IRA and traditional IRA,US,2026-02-24T19:40:54.543Z,537,39,True,True,11,0
gemini_sd_mm10flrp21lhcblnt7,gemini,what is the FIRE movement,US,2026-02-24T19:40:55.210Z,439,24,True,True,4,0
gemini_sd_mm10flrp21lhcblnt7,gemini,what are the best programming languages for AI,US,2026-02-24T19:41:01.709Z,533,29,True,True,0,0
gemini_sd_mm10flrp21lhcblnt7,gemini,how to start investing with little money,US,2026-02-24T19:41:04.270Z,451,35,True,True,0,0
gemini_sd_mm10flrp21lhcblnt7,gemini,how to negotiate a salary,US,2026-02-24T19:41:04.603Z,566,38,True,True,1,0
gemini_sd_mm10gtek1n3xcn3cma,gemini,how does the immune system work,,2026-02-24T19:50:48.727Z,0,0,False,False,0,0
gemini_sd_mm10gtek1n3xcn3cma,gemini,what is the difference between SQL and NoSQL,US,2026-02-24T19:41:39.853Z,466,32,True,True,1,0
gemini_sd_mm10gtek1n3xcn3cma,gemini,what is a 401k plan,US,2026-02-24T19:41:42.979Z,443,32,True,True,7,0
gemini_sd_mm10gtek1n3xcn3cma,gemini,how to improve credit score fast,US,2026-02-24T19:41:48.163Z,558,30,True,True,0,0
gemini_sd_mm10gtek1n3xcn3cma,gemini,what is DevOps,US,2026-02-24T19:41:52.516Z,417,24,True,True,13,0
gemini_sd_mm10gtek1n3xcn3cma,gemini,best practices for remote work productivity,US,2026-02-24T19:41:54.446Z,572,38,True,True,18,0
gemini_sd_mm10gtek1n3xcn3cma,gemini,how to write a cover letter,US,2026-02-24T19:42:03.547Z,460,32,True,True,0,0
gemini_sd_mm10gtek1n3xcn3cma,gemini,how does photosynthesis work,US,2026-02-24T19:42:13.008Z,385,21,True,False,12,0
gemini_sd_mm10gtek1n3xcn3cma,gemini,what are the causes of climate change,US,2026-02-24T19:42:13.189Z,503,32,True,True,16,0
gemini_sd_mm10gtek1n3xcn3cma,gemini,what foods are high in protein,US,2026-02-24T19:42:40.893Z,431,23,True,True,4,0
gemini_sd_mm10tlv2nrm6maakm,gemini,what are the benefits of meditation,US,2026-02-24T19:51:50.395Z,374,26,True,False,0,0
gemini_sd_mm10tlv2nrm6maakm,gemini,best ways to learn a new language,US,2026-02-24T19:51:50.743Z,511,34,True,True,0,0
gemini_sd_mm10tlv2nrm6maakm,gemini,how to start a podcast,US,2026-02-24T19:51:54.694Z,443,37,True,True,0,0
gemini_sd_mm10tlv2nrm6maakm,gemini,what are the best passive income ideas,US,2026-02-24T19:52:01.812Z,511,37,True,True,0,0
gemini_sd_mm10tlv2nrm6maakm,gemini,what is search engine optimization,US,2026-02-24T19:52:10.009Z,391,27,True,False,17,0
gemini_sd_mm10tlv2nrm6maakm,gemini,how to lower blood pressure naturally,US,2026-02-24T19:52:10.735Z,521,33,True,True,17,0
gemini_sd_mm10tlv2nrm6maakm,gemini,how does CRISPR gene editing work,US,2026-02-24T19:52:18.419Z,430,33,True,False,7,0
gemini_sd_mm10tlv2nrm6maakm,gemini,what is the gig economy,US,2026-02-24T19:52:20.486Z,372,28,True,True,8,0
gemini_sd_mm10tlv2nrm6maakm,gemini,what is content marketing,US,2026-02-24T19:52:30.512Z,359,24,True,True,9,0
gemini_sd_mm10tlv2nrm6maakm,gemini,how does electric car battery work,US,2026-02-24T19:52:33.923Z,470,33,True,True,9,0
gemini_sd_mm11a7kx7k03wrusb,gemini,what is UX design,US,2026-02-24T20:05:07.361Z,441,36,True,True,1,0
gemini_sd_mm11a7kx7k03wrusb,gemini,what are the best productivity apps,US,2026-02-24T20:05:11.551Z,522,50,True,True,0,0
gemini_sd_mm11a7kx7k03wrusb,gemini,what is cloud computing,US,2026-02-24T20:05:14.787Z,397,18,True,True,7,0
gemini_sd_mm11a7kx7k03wrusb,gemini,what is the Pomodoro technique,US,2026-02-24T20:05:17.965Z,401,30,True,True,12,0
gemini_sd_mm11a7kx7k03wrusb,gemini,how does mortgage work,US,2026-02-24T20:05:23.095Z,468,35,True,True,1,0
gemini_sd_mm11a7kx7k03wrusb,gemini,how to save money on groceries,US,2026-02-24T20:05:30.204Z,497,36,True,False,9,0
gemini_sd_mm11a7kx7k03wrusb,gemini,how to start a side hustle,US,2026-02-24T20:05:41.103Z,528,40,True,True,0,0
gemini_sd_mm11a7kx7k03wrusb,gemini,best exercises for weight loss,US,2026-02-24T20:06:22.028Z,439,28,True,True,7,0
gemini_sd_mm11a7kx7k03wrusb,gemini,what is the difference between type 1 and type 2 diabetes,US,2026-02-24T20:06:38.143Z,479,30,True,True,10,0
gemini_sd_mm11a7kx7k03wrusb,gemini,how does artificial intelligence work,US,2026-02-24T20:07:41.252Z,509,46,True,True,12,0
gemini_sd_mm11f2a51osn9enptj,gemini,best ways to learn programming,US,2026-02-24T20:08:36.448Z,540,48,True,True,0,0
gemini_sd_mm11f2a51osn9enptj,gemini,what are the best foods for gut health,US,2026-02-24T20:08:41.614Z,434,33,True,True,15,0
gemini_sd_mm11f2a51osn9enptj,gemini,what are the causes of insomnia,US,2026-02-24T20:08:44.120Z,496,30,True,True,6,0
gemini_sd_mm11f2a51osn9enptj,gemini,how to write a resume with no experience,US,2026-02-24T20:08:54.598Z,500,42,True,True,0,0
gemini_sd_mm11f2a51osn9enptj,gemini,how does DNA testing work,US,2026-02-24T20:09:13.324Z,445,28,True,True,7,0
gemini_sd_mm11f2a51osn9enptj,gemini,how to reduce carbon footprint,US,2026-02-24T20:09:15.632Z,521,33,True,True,11,0
gemini_sd_mm11f2a51osn9enptj,gemini,what is agile methodology,US,2026-02-24T20:10:02.809Z,413,33,True,True,8,0
gemini_sd_mm11f2a51osn9enptj,gemini,how does inflation affect the economy,US,2026-02-24T20:10:19.377Z,457,27,True,True,7,0
gemini_sd_mm11f2a51osn9enptj,gemini,what is the difference between a virus and bacteria,US,2026-02-24T20:10:46.060Z,448,35,True,True,11,0
gemini_sd_mm11f2a51osn9enptj,gemini,how does the human brain work,US,2026-02-24T20:13:46.614Z,504,39,True,True,14,0
gemini_sd_mm11n9q11nfpjxqp10,gemini,what is cryptocurrency mining,US,2026-02-24T20:14:45.421Z,395,28,True,True,9,0
gemini_sd_mm11n9q11nfpjxqp10,gemini,what is supply chain management,US,2026-02-24T20:14:45.884Z,428,30,True,True,10,0
gemini_sd_mm11n9q11nfpjxqp10,gemini,how does the electoral college work,US,2026-02-24T20:14:51.354Z,400,30,True,False,7,0
gemini_sd_mm11n9q11nfpjxqp10,gemini,what are the benefits of exercise,US,2026-02-24T20:14:51.373Z,432,25,True,True,0,0
gemini_sd_mm11n9q11nfpjxqp10,gemini,how to read a nutrition label,US,2026-02-24T20:14:51.603Z,436,34,True,True,4,0
gemini_sd_mm11n9q11nfpjxqp10,gemini,how does GPS work,US,2026-02-24T20:14:54.370Z,489,30,True,True,7,0
gemini_sd_mm11n9q11nfpjxqp10,gemini,how to set SMART goals,US,2026-02-24T20:15:18.003Z,438,32,True,True,0,0
gemini_sd_mm11n9q11nfpjxqp10,gemini,what is technical SEO,US,2026-02-24T20:15:25.325Z,447,37,True,True,15,0
gemini_sd_mm11n9q11nfpjxqp10,gemini,best ways to improve sleep quality,US,2026-02-24T20:15:43.983Z,533,33,True,True,6,0
gemini_sd_mm11n9q11nfpjxqp10,gemini,what is the difference between socialism and capitalism,US,2026-02-24T20:20:59.209Z,437,28,True,True,5,0
gemini_sd_mm11wa4otzj712vjm,gemini,how does a search engine work,US,2026-02-24T20:21:45.061Z,403,30,True,True,6,0
gemini_sd_mm11wa4otzj712vjm,gemini,what is the difference between introvert and extrovert,US,2026-02-24T20:21:50.603Z,396,23,True,True,9,0
gemini_sd_mm11wa4otzj712vjm,gemini,how to improve your credit score,US,2026-02-24T20:21:51.767Z,445,30,True,True,0,0
gemini_sd_mm11wa4otzj712vjm,gemini,what are the symptoms of depression,US,2026-02-24T20:21:51.866Z,352,21,True,False,11,0
gemini_sd_mm11wa4otzj712vjm,gemini,how does stem cell therapy work,US,2026-02-24T20:21:55.714Z,473,28,True,True,7,0
gemini_sd_mm11wa4otzj712vjm,gemini,what is the difference between a trademark and a patent,US,2026-02-24T20:21:58.409Z,455,34,True,True,9,0
gemini_sd_mm11wa4otzj712vjm,gemini,what is behavioral economics,US,2026-02-24T20:21:58.614Z,466,28,True,True,9,0
gemini_sd_mm11wa4otzj712vjm,gemini,best ways to stay motivated,US,2026-02-24T20:22:12.474Z,456,37,True,True,6,0
gemini_sd_mm11wa4otzj712vjm,gemini,how to prepare for a job interview,US,2026-02-24T20:22:32.367Z,438,47,True,False,0,0
gemini_sd_mm11wa4otzj712vjm,gemini,how to build an emergency fund,US,2026-02-24T20:24:06.285Z,452,32,True,True,0,0
gemini_sd_mm120jeb1tusbzwthg,gemini,how to deal with imposter syndrome,US,2026-02-24T20:25:09.836Z,462,35,True,True,5,0
gemini_sd_mm120jeb1tusbzwthg,gemini,how does a mutual fund work,US,2026-02-24T20:25:11.907Z,436,28,True,True,8,0
gemini_sd_mm120jeb1tusbzwthg,gemini,how does social media algorithm work,US,2026-02-24T20:25:21.334Z,457,33,True,True,13,0
gemini_sd_mm120jeb1tusbzwthg,gemini,what are the benefits of reading books,US,2026-02-24T20:25:22.384Z,440,24,True,True,0,0
gemini_sd_mm120jeb1tusbzwthg,gemini,how to overcome procrastination,US,2026-02-24T20:25:28.062Z,506,41,True,True,8,0
gemini_sd_mm120jeb1tusbzwthg,gemini,what are the best ways to network professionally,US,2026-02-24T20:25:31.929Z,470,40,True,True,5,0
gemini_sd_mm120jeb1tusbzwthg,gemini,what are the best investment strategies for beginners,US,2026-02-24T20:26:01.539Z,642,36,True,True,8,0
gemini_sd_mm120jeb1tusbzwthg,gemini,what is the difference between coaching and mentoring,US,2026-02-24T20:26:12.643Z,423,29,True,True,6,0
gemini_sd_mm120jeb1tusbzwthg,gemini,what is the difference between manager and leader,US,2026-02-24T20:27:10.260Z,431,39,False,True,7,0
gemini_sd_mm1q6q082gwqb0qqd,gemini,how does compound interest work,,2026-02-25T07:50:58.147Z,0,0,False,False,0,0
gemini_sd_mm1q6q082gwqb0qqd,gemini,what are the symptoms of type 2 diabetes,US,2026-02-25T07:43:14.789Z,391,18,True,False,1,0
gemini_sd_mm1q6q082gwqb0qqd,gemini,how does a credit score work,US,2026-02-25T07:43:17.174Z,528,44,True,True,11,0
gemini_sd_mm1q6q082gwqb0qqd,gemini,what are the health benefits of intermittent fasting,US,2026-02-25T07:43:22.677Z,396,23,True,True,7,0
gemini_sd_mm1q6q082gwqb0qqd,gemini,how to treat a sprained ankle at home,US,2026-02-25T07:43:26.421Z,372,37,True,False,5,0
gemini_sd_mm1q6q082gwqb0qqd,gemini,how long does it take to learn Python,US,2026-02-25T07:43:32.215Z,449,27,True,True,0,0
gemini_sd_mm1q6q082gwqb0qqd,gemini,best programming languages to learn in 2024,US,2026-02-25T07:44:08.406Z,467,34,True,True,0,0
gemini_sd_mm1q6q082gwqb0qqd,gemini,what causes inflation,US,2026-02-25T07:44:37.909Z,380,27,True,False,7,0
gemini_sd_mm1q6q082gwqb0qqd,gemini,best cities to live in the United States,US,2026-02-25T07:44:50.716Z,578,24,True,True,0,0
gemini_sd_mm1q6q082gwqb0qqd,gemini,what is the difference between machine learning and deep learning,US,2026-02-25T07:46:14.613Z,436,29,True,True,7,0
gemini_sd_mm1q6rb61sxg1g0is8,gemini,what is the Mediterranean diet,US,2026-02-25T07:42:02.239Z,391,25,True,True,10,0
gemini_sd_mm1q6rb61sxg1g0is8,gemini,symptoms of vitamin D deficiency,US,2026-02-25T07:43:11.746Z,436,22,True,True,0,0
gemini_sd_mm1q6rb61sxg1g0is8,gemini,how does the stock market work,US,2026-02-25T07:43:14.772Z,406,27,True,True,10,0
gemini_sd_mm1q6rb61sxg1g0is8,gemini,what is the difference between a Roth IRA and traditional IRA,US,2026-02-25T07:43:15.584Z,458,32,True,True,9,0
gemini_sd_mm1q6rb61sxg1g0is8,gemini,what are the best programming languages for AI,US,2026-02-25T07:43:21.614Z,553,31,True,True,0,0
gemini_sd_mm1q6rb61sxg1g0is8,gemini,how to start investing with little money,US,2026-02-25T07:43:26.560Z,546,31,True,True,0,0
gemini_sd_mm1q6rb61sxg1g0is8,gemini,what is quantum computing,US,2026-02-25T07:43:26.735Z,475,27,True,True,13,0
gemini_sd_mm1q6rb61sxg1g0is8,gemini,explain blockchain technology,US,2026-02-25T07:43:26.774Z,494,39,True,True,0,0
gemini_sd_mm1q6rb61sxg1g0is8,gemini,what is the FIRE movement,US,2026-02-25T07:43:31.887Z,446,27,True,True,5,0
gemini_sd_mm1q6rb61sxg1g0is8,gemini,how to negotiate a salary,US,2026-02-25T07:43:45.706Z,531,40,True,True,1,0
gemini_sd_mm1q6sg01i5d5iugg0,gemini,how does the immune system work,,2026-02-25T07:48:01.401Z,0,0,False,False,0,0
gemini_sd_mm1q6sg01i5d5iugg0,gemini,what is DevOps,US,2026-02-25T07:41:44.833Z,388,16,True,True,12,0
gemini_sd_mm1q6sg01i5d5iugg0,gemini,how to improve credit score fast,US,2026-02-25T07:41:49.741Z,547,31,True,True,0,0
gemini_sd_mm1q6sg01i5d5iugg0,gemini,best practices for remote work productivity,US,2026-02-25T07:41:50.468Z,580,39,True,True,8,0
gemini_sd_mm1q6sg01i5d5iugg0,gemini,what are the causes of climate change,US,2026-02-25T07:41:51.312Z,521,30,True,False,17,0
gemini_sd_mm1q6sg01i5d5iugg0,gemini,how to write a cover letter,US,2026-02-25T07:41:52.052Z,471,37,True,True,0,0
gemini_sd_mm1q6sg01i5d5iugg0,gemini,what foods are high in protein,US,2026-02-25T07:42:16.185Z,363,22,True,True,7,0
gemini_sd_mm1q6sg01i5d5iugg0,gemini,what is a 401k plan,US,2026-02-25T07:42:23.993Z,454,27,True,True,6,0
gemini_sd_mm1q6sg01i5d5iugg0,gemini,what is the difference between SQL and NoSQL,US,2026-02-25T07:43:46.263Z,523,37,True,True,5,0
gemini_sd_mm1q6sg01i5d5iugg0,gemini,how does photosynthesis work,US,2026-02-25T07:45:18.929Z,380,27,True,False,10,0
gemini_sd_mm1q6t7f100xi6cca2,gemini,what is search engine optimization,US,2026-02-25T07:41:49.101Z,484,31,True,True,17,0
gemini_sd_mm1q6t7f100xi6cca2,gemini,how does CRISPR gene editing work,US,2026-02-25T07:43:08.392Z,386,29,True,False,9,0
gemini_sd_mm1q6t7f100xi6cca2,gemini,how to start a podcast,US,2026-02-25T07:43:20.278Z,437,37,True,True,0,0
gemini_sd_mm1q6t7f100xi6cca2,gemini,what are the benefits of meditation,US,2026-02-25T07:43:20.695Z,439,24,True,True,0,0
gemini_sd_mm1q6t7f100xi6cca2,gemini,what is the gig economy,US,2026-02-25T07:43:22.889Z,421,26,True,True,11,0
gemini_sd_mm1q6t7f100xi6cca2,gemini,what are the best passive income ideas,US,2026-02-25T07:43:27.295Z,559,32,True,True,0,0
gemini_sd_mm1q6t7f100xi6cca2,gemini,best ways to learn a new language,US,2026-02-25T07:43:31.476Z,498,41,True,True,0,0
gemini_sd_mm1q6t7f100xi6cca2,gemini,how does electric car battery work,US,2026-02-25T07:44:14.638Z,465,23,True,True,6,0
gemini_sd_mm1q6t7f100xi6cca2,gemini,what is content marketing,US,2026-02-25T07:44:20.513Z,395,26,True,True,9,0
gemini_sd_mm1q6t7f100xi6cca2,gemini,how to lower blood pressure naturally,US,2026-02-25T07:46:18.409Z,488,32,True,True,14,0
gemini_sd_mm1q6uyl2r2ozt4kcf,gemini,how to improve public speaking skills,US,2026-02-25T07:43:15.832Z,450,33,True,True,0,0
gemini_sd_mm1q6uyl2r2ozt4kcf,gemini,what is the difference between HTTP and HTTPS,US,2026-02-25T07:43:15.869Z,405,31,True,True,6,0
gemini_sd_mm1q6uyl2r2ozt4kcf,gemini,how to create a budget,US,2026-02-25T07:43:27.322Z,431,36,True,True,0,0
gemini_sd_mm1q6uyl2r2ozt4kcf,gemini,how does the federal reserve work,US,2026-02-25T07:43:29.366Z,484,42,True,True,14,0
gemini_sd_mm1q6uyl2r2ozt4kcf,gemini,how to write a business plan,US,2026-02-25T07:43:31.388Z,455,41,True,False,0,0
gemini_sd_mm1q6uyl2r2ozt4kcf,gemini,what are the symptoms of anxiety disorder,US,2026-02-25T07:43:37.236Z,367,28,True,False,15,0
gemini_sd_mm1q6uyl2r2ozt4kcf,gemini,how does a VPN work,US,2026-02-25T07:44:48.219Z,383,26,True,False,14,0
gemini_sd_mm1q6uyl2r2ozt4kcf,gemini,best ways to reduce stress,US,2026-02-25T07:44:55.339Z,397,31,True,True,4,0
gemini_sd_mm1q6uyl2r2ozt4kcf,gemini,what is the difference between affect and effect,US,2026-02-25T07:45:03.893Z,356,27,True,True,10,0
gemini_sd_mm1q6uyl2r2ozt4kcf,gemini,what is project management methodology,US,2026-02-25T07:45:21.936Z,474,38,True,True,9,0
gemini_sd_mm1q6wex1so6w57j7x,gemini,what is cloud computing,US,2026-02-25T07:41:32.604Z,353,17,True,True,6,0
gemini_sd_mm1q6wex1so6w57j7x,gemini,what is the difference between type 1 and type 2 diabetes,US,2026-02-25T07:41:43.312Z,403,31,True,True,1,0
gemini_sd_mm1q6wex1so6w57j7x,gemini,what is UX design,US,2026-02-25T07:41:44.635Z,388,26,True,True,8,0
gemini_sd_mm1q6wex1so6w57j7x,gemini,best exercises for weight loss,US,2026-02-25T07:41:45.943Z,424,26,True,True,8,0
gemini_sd_mm1q6wex1so6w57j7x,gemini,how does mortgage work,US,2026-02-25T07:41:46.555Z,445,34,True,True,7,0
gemini_sd_mm1q6wex1so6w57j7x,gemini,what is the Pomodoro technique,US,2026-02-25T07:41:46.953Z,366,26,True,False,10,0
gemini_sd_mm1q6wex1so6w57j7x,gemini,how to save money on groceries,US,2026-02-25T07:41:51.801Z,574,38,True,False,7,0
gemini_sd_mm1q6wex1so6w57j7x,gemini,what are the best productivity apps,US,2026-02-25T07:41:52.774Z,464,36,True,True,0,0
gemini_sd_mm1q6wex1so6w57j7x,gemini,how to start a side hustle,US,2026-02-25T07:41:54.588Z,541,34,True,True,0,0
gemini_sd_mm1q6wex1so6w57j7x,gemini,how does artificial intelligence work,US,2026-02-25T07:43:15.672Z,516,42,True,True,10,0
gemini_sd_mm1q6x4y1dw01zpy5w,gemini,what is the difference between a virus and bacteria,,2026-02-25T07:49:30.844Z,0,0,False,False,0,0
gemini_sd_mm1q6x4y1dw01zpy5w,gemini,how to reduce carbon footprint,US,2026-02-25T07:42:12.656Z,608,36,True,True,10,0
gemini_sd_mm1q6x4y1dw01zpy5w,gemini,how does DNA testing work,US,2026-02-25T07:43:14.785Z,458,35,True,False,9,0
gemini_sd_mm1q6x4y1dw01zpy5w,gemini,what is agile methodology,US,2026-02-25T07:43:16.355Z,398,29,True,True,10,0
gemini_sd_mm1q6x4y1dw01zpy5w,gemini,what are the best foods for gut health,US,2026-02-25T07:43:17.852Z,452,27,True,True,12,0
gemini_sd_mm1q6x4y1dw01zpy5w,gemini,how to write a resume with no experience,US,2026-02-25T07:43:18.625Z,449,34,True,True,0,0
gemini_sd_mm1q6x4y1dw01zpy5w,gemini,what are the causes of insomnia,US,2026-02-25T07:43:20.918Z,396,29,True,True,7,0
gemini_sd_mm1q6x4y1dw01zpy5w,gemini,best ways to learn programming,US,2026-02-25T07:43:35.103Z,501,48,True,True,0,0
gemini_sd_mm1q6x4y1dw01zpy5w,gemini,how does inflation affect the economy,US,2026-02-25T07:44:46.845Z,497,32,True,True,6,0
gemini_sd_mm1q6x4y1dw01zpy5w,gemini,how does the human brain work,US,2026-02-25T07:47:08.131Z,461,38,True,False,11,0
gemini_sd_mm1q6xpsfpj9wecu0,gemini,how to read a nutrition label,US,2026-02-25T07:41:48.898Z,420,27,True,True,10,0
gemini_sd_mm1q6xpsfpj9wecu0,gemini,how to set SMART goals,US,2026-02-25T07:41:50.775Z,491,38,True,True,0,0
gemini_sd_mm1q6xpsfpj9wecu0,gemini,what are the benefits of exercise,US,2026-02-25T07:41:51.893Z,488,23,True,True,0,0
gemini_sd_mm1q6xpsfpj9wecu0,gemini,what is supply chain management,US,2026-02-25T07:41:52.326Z,348,25,True,False,12,0
gemini_sd_mm1q6xpsfpj9wecu0,gemini,how does the electoral college work,US,2026-02-25T07:41:52.816Z,414,34,True,True,18,0
gemini_sd_mm1q6xpsfpj9wecu0,gemini,best ways to improve sleep quality,US,2026-02-25T07:41:53.171Z,444,37,True,True,10,0
gemini_sd_mm1q6xpsfpj9wecu0,gemini,how does GPS work,US,2026-02-25T07:41:54.075Z,445,37,True,False,13,0
gemini_sd_mm1q6xpsfpj9wecu0,gemini,what is technical SEO,US,2026-02-25T07:41:57.373Z,468,34,True,False,16,0
gemini_sd_mm1q6xpsfpj9wecu0,gemini,what is the difference between socialism and capitalism,US,2026-02-25T07:42:03.333Z,514,28,True,True,11,0
gemini_sd_mm1q6xpsfpj9wecu0,gemini,what is cryptocurrency mining,US,2026-02-25T07:42:27.947Z,503,37,True,True,14,0
gemini_sd_mm1q6y9t28h3o6nw9i,gemini,what is behavioral economics,US,2026-02-25T07:41:52.923Z,445,29,True,True,7,0
gemini_sd_mm1q6y9t28h3o6nw9i,gemini,what are the symptoms of depression,US,2026-02-25T07:41:54.955Z,346,18,True,False,12,0
gemini_sd_mm1q6y9t28h3o6nw9i,gemini,how does stem cell therapy work,US,2026-02-25T07:41:56.898Z,410,29,True,False,12,0
gemini_sd_mm1q6y9t28h3o6nw9i,gemini,what is the difference between a trademark and a patent,US,2026-02-25T07:41:58.376Z,432,30,True,True,10,0
gemini_sd_mm1q6y9t28h3o6nw9i,gemini,how to improve your credit score,US,2026-02-25T07:41:59.217Z,487,31,True,True,0,0
gemini_sd_mm1q6y9t28h3o6nw9i,gemini,what is the difference between introvert and extrovert,US,2026-02-25T07:41:59.684Z,370,20,True,True,3,0
gemini_sd_mm1q6y9t28h3o6nw9i,gemini,how to build an emergency fund,US,2026-02-25T07:42:00.481Z,486,40,True,True,0,0
gemini_sd_mm1q6y9t28h3o6nw9i,gemini,how to prepare for a job interview,US,2026-02-25T07:42:06.368Z,459,43,True,True,0,0
gemini_sd_mm1q6y9t28h3o6nw9i,gemini,best ways to stay motivated,US,2026-02-25T07:43:02.581Z,460,43,True,True,8,0
gemini_sd_mm1q6y9t28h3o6nw9i,gemini,how does a search engine work,US,2026-02-25T07:43:19.936Z,332,21,True,False,7,0
gemini_sd_mm1q6yw61fxy9kva6l,gemini,how to deal with imposter syndrome,US,2026-02-25T07:43:08.643Z,464,37,True,True,3,0
gemini_sd_mm1q6yw61fxy9kva6l,gemini,what are the side effects of metformin,US,2026-02-25T07:43:18.433Z,386,25,True,False,0,0
gemini_sd_mm1q6yw61fxy9kva6l,gemini,what is the difference between manager and leader,US,2026-02-25T07:43:18.898Z,394,34,True,True,5,0
gemini_sd_mm1q6yw61fxy9kva6l,gemini,how to overcome procrastination,US,2026-02-25T07:43:21.501Z,472,48,True,True,9,0
gemini_sd_mm1q6yw61fxy9kva6l,gemini,what are the benefits of reading books,US,2026-02-25T07:43:23.634Z,404,21,True,True,0,0
gemini_sd_mm1q6yw61fxy9kva6l,gemini,what are the best ways to network professionally,US,2026-02-25T07:43:25.038Z,498,41,True,True,1,0
gemini_sd_mm1q6yw61fxy9kva6l,gemini,how does a mutual fund work,US,2026-02-25T07:43:27.954Z,461,33,True,True,3,0
gemini_sd_mm1q6yw61fxy9kva6l,gemini,how does social media algorithm work,US,2026-02-25T07:43:30.527Z,511,34,True,True,14,0
gemini_sd_mm1q6yw61fxy9kva6l,gemini,what are the best investment strategies for beginners,US,2026-02-25T07:43:38.940Z,577,55,True,True,6,0
gemini_sd_mm1q6yw61fxy9kva6l,gemini,what is the difference between coaching and mentoring,US,2026-02-25T07:44:50.324Z,434,35,True,True,3,0
gemini_sd_mm1q6zhi50840gmeg,gemini,how does the digestive system work,,2026-02-25T07:49:16.157Z,0,0,False,False,0,0
gemini_sd_mm1q6zhi50840gmeg,gemini,symptoms of thyroid problems in women,US,2026-02-25T07:43:09.317Z,461,26,True,True,19,0
gemini_sd_mm1q6zhi50840gmeg,gemini,what is the DASH diet,US,2026-02-25T07:43:15.231Z,339,23,True,True,6,0
gemini_sd_mm1q6zhi50840gmeg,gemini,what causes high blood pressure,US,2026-02-25T07:43:15.507Z,485,25,True,True,14,0
gemini_sd_mm1q6zhi50840gmeg,gemini,what are the benefits of omega-3 fatty acids,US,2026-02-25T07:43:17.286Z,427,25,True,True,13,0
gemini_sd_mm1q6zhi50840gmeg,gemini,what is the difference between HDL and LDL cholesterol,US,2026-02-25T07:43:18.090Z,417,23,True,True,8,0
gemini_sd_mm1q6zhi50840gmeg,gemini,symptoms of kidney disease,US,2026-02-25T07:43:29.075Z,406,20,True,True,0,0
gemini_sd_mm1q6zhi50840gmeg,gemini,how to prevent type 2 diabetes,US,2026-02-25T07:43:36.788Z,517,32,True,True,12,0
gemini_sd_mm1q6zhi50840gmeg,gemini,how to lower cholesterol naturally,US,2026-02-25T07:43:40.140Z,420,26,True,True,11,0
gemini_sd_mm1q6zhi50840gmeg,gemini,how does the lymphatic system work,US,2026-02-25T07:47:23.425Z,395,24,True,True,9,0
gemini_sd_mm1q702bjowrgjq6a,gemini,what causes migraines,US,2026-02-25T07:43:16.181Z,426,26,True,False,14,0
gemini_sd_mm1q702bjowrgjq6a,gemini,what are the signs of a heart attack,US,2026-02-25T07:43:17.355Z,356,28,True,False,11,0
gemini_sd_mm1q702bjowrgjq6a,gemini,how to boost immune system naturally,US,2026-02-25T07:43:21.627Z,422,35,True,True,7,0
gemini_sd_mm1q702bjowrgjq6a,gemini,how long does it take to see results from exercise,US,2026-02-25T07:43:31.945Z,385,27,True,True,4,0
gemini_sd_mm1q702bjowrgjq6a,gemini,how does chemotherapy work,US,2026-02-25T07:43:37.093Z,488,26,True,True,1,0
gemini_sd_mm1q702bjowrgjq6a,gemini,best foods to eat for heart health,US,2026-02-25T07:43:41.831Z,392,31,True,True,10,0
gemini_sd_mm1q702bjowrgjq6a,gemini,what are symptoms of iron deficiency,US,2026-02-25T07:43:43.117Z,423,20,True,False,15,0
gemini_sd_mm1q702bjowrgjq6a,gemini,what is rheumatoid arthritis,US,2026-02-25T07:43:44.029Z,437,23,True,True,14,0
gemini_sd_mm1q702bjowrgjq6a,gemini,how to manage chronic pain,US,2026-02-25T07:44:48.624Z,410,30,True,False,10,0
gemini_sd_mm1q702bjowrgjq6a,gemini,what is the difference between Alzheimer and dementia,US,2026-02-25T07:44:51.072Z,336,16,True,False,8,0
gemini_sd_mm1q70ndxhsolo5nx,gemini,how does the respiratory system work,,2026-02-25T07:50:21.527Z,0,0,False,False,0,0
gemini_sd_mm1q70ndxhsolo5nx,gemini,what is the difference between a cold and the flu,US,2026-02-25T07:41:47.211Z,414,25,True,True,2,0
gemini_sd_mm1q70ndxhsolo5nx,gemini,how does insulin work in the body,US,2026-02-25T07:41:49.571Z,358,23,True,True,12,0
gemini_sd_mm1q70ndxhsolo5nx,gemini,what foods to avoid with high cholesterol,US,2026-02-25T07:41:52.981Z,442,30,True,True,7,0
gemini_sd_mm1q70ndxhsolo5nx,gemini,what is the difference between Python and JavaScript,US,2026-02-25T07:41:53.260Z,575,46,True,True,12,0
gemini_sd_mm1q70ndxhsolo5nx,gemini,what is PCOS and how to treat it,US,2026-02-25T07:41:56.322Z,452,35,True,True,12,0
gemini_sd_mm1q70ndxhsolo5nx,gemini,how to improve gut microbiome,US,2026-02-25T07:41:57.415Z,471,31,True,True,13,0
gemini_sd_mm1q70ndxhsolo5nx,gemini,how to recover from a torn ACL,US,2026-02-25T07:41:58.645Z,557,35,True,True,1,0
gemini_sd_mm1q70ndxhsolo5nx,gemini,what causes autoimmune diseases,US,2026-02-25T07:41:59.339Z,484,24,True,True,7,0
gemini_sd_mm1q70ndxhsolo5nx,gemini,symptoms of sleep apnea,US,2026-02-25T07:42:01.504Z,389,19,True,False,0,0
gemini_sd_mm1q718k1w8fmqw27n,gemini,what is Docker and how does it work,US,2026-02-25T07:43:11.204Z,429,26,True,True,6,0
gemini_sd_mm1q718k1w8fmqw27n,gemini,what is the difference between TCP and UDP,US,2026-02-25T07:43:18.583Z,402,37,True,True,7,0
gemini_sd_mm1q718k1w8fmqw27n,gemini,how does a neural network work,US,2026-02-25T07:43:19.233Z,540,39,True,False,16,0
gemini_sd_mm1q718k1w8fmqw27n,gemini,how does public key cryptography work,US,2026-02-25T07:43:23.049Z,525,39,True,True,12,0
gemini_sd_mm1q718k1w8fmqw27n,gemini,what is the difference between REST and GraphQL,US,2026-02-25T07:43:24.586Z,479,30,True,True,8,0
gemini_sd_mm1q718k1w8fmqw27n,gemini,how does garbage collection work in programming,US,2026-02-25T07:43:26.841Z,408,31,True,False,0,0
gemini_sd_mm1q718k1w8fmqw27n,gemini,best practices for API design,US,2026-02-25T07:43:30.189Z,482,42,True,True,0,0
gemini_sd_mm1q718k1w8fmqw27n,gemini,what is Kubernetes,US,2026-02-25T07:43:30.600Z,376,24,True,True,10,0
gemini_sd_mm1q718k1w8fmqw27n,gemini,how does a compiler work,US,2026-02-25T07:43:32.002Z,487,28,True,True,8,0
gemini_sd_mm1q718k1w8fmqw27n,gemini,what is a large language model,US,2026-02-25T07:43:35.041Z,412,28,True,True,6,0
gemini_sd_mm1q71s8sermr4pxb,gemini,what is the difference between monolith and microservices,,2026-02-25T07:49:37.976Z,0,0,False,False,0,0
gemini_sd_mm1q71s8sermr4pxb,gemini,how does HTTPS encryption work,US,2026-02-25T07:41:49.220Z,414,27,True,True,10,0
gemini_sd_mm1q71s8sermr4pxb,gemini,what is serverless computing,US,2026-02-25T07:41:51.630Z,374,21,True,True,14,0
gemini_sd_mm1q71s8sermr4pxb,gemini,what is CI/CD pipeline,US,2026-02-25T07:41:52.184Z,413,31,True,True,11,0
gemini_sd_mm1q71s8sermr4pxb,gemini,how does rate limiting work in APIs,US,2026-02-25T07:41:52.436Z,498,38,True,True,11,0
gemini_sd_mm1q71s8sermr4pxb,gemini,best practices for database indexing,US,2026-02-25T07:42:01.931Z,537,53,True,True,7,0
gemini_sd_mm1q71s8sermr4pxb,gemini,what is WebAssembly,US,2026-02-25T07:42:06.384Z,388,28,True,True,6,0
gemini_sd_mm1q71s8sermr4pxb,gemini,how does OAuth 2.0 work,US,2026-02-25T07:42:11.995Z,543,49,True,True,11,0
gemini_sd_mm1q71s8sermr4pxb,gemini,what is the difference between SQL JOIN types,US,2026-02-25T07:43:14.775Z,414,30,True,True,0,0
gemini_sd_mm1q71s8sermr4pxb,gemini,how does React state management work,US,2026-02-25T07:45:04.920Z,480,47,True,True,4,0
gemini_sd_mm1q72bh2avtuo6cu6,gemini,how does Redis caching work,US,2026-02-25T07:43:02.720Z,475,38,True,False,1,0
gemini_sd_mm1q72bh2avtuo6cu6,gemini,what is machine learning overfitting,US,2026-02-25T07:43:12.276Z,415,28,True,True,4,0
gemini_sd_mm1q72bh2avtuo6cu6,gemini,how does term life insurance work,US,2026-02-25T07:43:26.421Z,534,35,True,True,10,0
gemini_sd_mm1q72bh2avtuo6cu6,gemini,what is the difference between stack and heap memory,US,2026-02-25T07:43:50.464Z,437,25,True,True,9,0
gemini_sd_mm1q72bh2avtuo6cu6,gemini,what is the difference between SSD and HDD,US,2026-02-25T07:43:56.126Z,429,31,True,True,5,0
gemini_sd_mm1q72bh2avtuo6cu6,gemini,how does load balancing work,US,2026-02-25T07:44:10.558Z,420,31,True,True,6,0
gemini_sd_mm1q72bh2avtuo6cu6,gemini,best practices for web security,US,2026-02-25T07:44:26.647Z,530,35,True,True,12,0
gemini_sd_mm1q72bh2avtuo6cu6,gemini,how does a hash table work,US,2026-02-25T07:44:53.965Z,484,32,True,True,9,0
gemini_sd_mm1q72bh2avtuo6cu6,gemini,what is TypeScript and why use it,US,2026-02-25T07:44:56.376Z,458,32,True,True,0,0
gemini_sd_mm1q72bh2avtuo6cu6,gemini,how does browser rendering work,US,2026-02-25T07:45:06.750Z,450,30,True,True,8,0
gemini_sd_mm1q72wqzwme5uzgr,gemini,how does index fund investing work,US,2026-02-25T07:41:43.741Z,461,23,True,True,5,0
gemini_sd_mm1q72wqzwme5uzgr,gemini,what is a home equity loan vs HELOC,US,2026-02-25T07:41:51.603Z,450,31,True,True,1,0
gemini_sd_mm1q72wqzwme5uzgr,gemini,how to calculate net worth,US,2026-02-25T07:41:52.893Z,345,23,True,True,5,0
gemini_sd_mm1q72wqzwme5uzgr,gemini,what is dollar cost averaging,US,2026-02-25T07:41:53.969Z,374,21,True,True,9,0
gemini_sd_mm1q72wqzwme5uzgr,gemini,how does capital gains tax work,US,2026-02-25T07:41:54.426Z,511,28,True,True,16,0
gemini_sd_mm1q72wqzwme5uzgr,gemini,what is the difference between chapter 7 and chapter 13 bankruptcy,US,2026-02-25T07:41:59.923Z,504,34,True,True,7,0
gemini_sd_mm1q72wqzwme5uzgr,gemini,how does a health savings account work,US,2026-02-25T07:42:00.803Z,428,32,True,False,16,0
gemini_sd_mm1q72wqzwme5uzgr,gemini,how to pay off student loans faster,US,2026-02-25T07:42:10.951Z,468,30,True,True,3,0
gemini_sd_mm1q72wqzwme5uzgr,gemini,what is a good debt-to-income ratio,US,2026-02-25T07:42:39.625Z,409,25,True,True,10,0
gemini_sd_mm1q72wqzwme5uzgr,gemini,what is the difference between stocks and bonds,US,2026-02-25T07:44:44.452Z,428,26,True,True,7,0
gemini_sd_mm1q73gp1wyykcwmf9,gemini,how to create a debt snowball plan,US,2026-02-25T07:42:29.934Z,434,29,True,True,0,0
gemini_sd_mm1q73gp1wyykcwmf9,gemini,how does a balance transfer work,US,2026-02-25T07:43:10.473Z,462,30,True,True,1,0
gemini_sd_mm1q73gp1wyykcwmf9,gemini,what is an adjustable rate mortgage,US,2026-02-25T07:43:19.583Z,449,25,True,True,10,0
gemini_sd_mm1q73gp1wyykcwmf9,gemini,what are tax deductions vs tax credits,US,2026-02-25T07:43:20.573Z,432,26,True,True,7,0
gemini_sd_mm1q73gp1wyykcwmf9,gemini,how to save for retirement in your 30s,US,2026-02-25T07:43:26.775Z,548,39,True,True,8,0
gemini_sd_mm1q73gp1wyykcwmf9,gemini,how does margin trading work,US,2026-02-25T07:43:26.878Z,480,32,True,True,1,0
gemini_sd_mm1q73gp1wyykcwmf9,gemini,what is private mortgage insurance,US,2026-02-25T07:43:29.637Z,434,24,True,True,8,0
gemini_sd_mm1q73gp1wyykcwmf9,gemini,what is the 4 percent rule for retirement,US,2026-02-25T07:43:30.302Z,486,31,True,True,12,0
gemini_sd_mm1q73gp1wyykcwmf9,gemini,what is an ETF and how does it work,US,2026-02-25T07:43:32.491Z,476,32,True,True,8,0
gemini_sd_mm1q73gp1wyykcwmf9,gemini,how to invest in real estate with little money,US,2026-02-25T07:43:35.396Z,570,36,True,True,14,0
gemini_sd_mm1q740y21yq9gmlcs,gemini,how does real estate appreciation work,US,2026-02-25T07:42:20.824Z,429,26,True,False,6,0
gemini_sd_mm1q740y21yq9gmlcs,gemini,what is the difference between gross and net income,US,2026-02-25T07:43:12.694Z,397,28,True,True,3,0
gemini_sd_mm1q740y21yq9gmlcs,gemini,how does Social Security work,US,2026-02-25T07:43:17.985Z,503,37,True,True,10,0
gemini_sd_mm1q740y21yq9gmlcs,gemini,what is a fiduciary financial advisor,US,2026-02-25T07:43:21.924Z,505,35,True,True,15,0
gemini_sd_mm1q740y21yq9gmlcs,gemini,what is a dividend reinvestment plan,US,2026-02-25T07:43:22.856Z,413,32,True,True,3,0
gemini_sd_mm1q740y21yq9gmlcs,gemini,what is a target date fund,US,2026-02-25T07:43:25.796Z,387,18,True,True,6,0
gemini_sd_mm1q740y21yq9gmlcs,gemini,how to negotiate a lower interest rate on credit card,US,2026-02-25T07:43:27.205Z,513,34,True,True,0,0
gemini_sd_mm1q740y21yq9gmlcs,gemini,how does options trading work,US,2026-02-25T07:43:34.806Z,491,36,True,True,14,0
gemini_sd_mm1q740y21yq9gmlcs,gemini,what causes stock market crashes,US,2026-02-25T07:43:36.375Z,566,35,True,True,12,0
gemini_sd_mm1q740y21yq9gmlcs,gemini,how to build wealth in your 20s,US,2026-02-25T07:44:56.830Z,556,48,True,True,9,0
gemini_sd_mm1q74ld2eee02a1m3,gemini,how to transition careers without experience,US,2026-02-25T07:43:16.146Z,501,47,True,True,1,0
gemini_sd_mm1q74ld2eee02a1m3,gemini,how does peer to peer lending work,US,2026-02-25T07:43:17.767Z,488,34,True,True,9,0
gemini_sd_mm1q74ld2eee02a1m3,gemini,how to ask for a promotion,US,2026-02-25T07:43:21.481Z,505,38,True,True,2,0
gemini_sd_mm1q74ld2eee02a1m3,gemini,what is emotional intelligence in the workplace,US,2026-02-25T07:43:21.657Z,487,35,True,True,9,0
gemini_sd_mm1q74ld2eee02a1m3,gemini,how to file taxes for the first time,US,2026-02-25T07:43:22.315Z,415,30,True,True,0,0
gemini_sd_mm1q74ld2eee02a1m3,gemini,what are the best remote work jobs,US,2026-02-25T07:43:23.754Z,466,27,True,True,5,0
gemini_sd_mm1q74ld2eee02a1m3,gemini,what is umbrella insurance,US,2026-02-25T07:43:27.381Z,390,26,True,False,8,0
gemini_sd_mm1q74ld2eee02a1m3,gemini,how to deal with a difficult coworker,US,2026-02-25T07:43:29.283Z,438,34,True,True,0,0
gemini_sd_mm1q74ld2eee02a1m3,gemini,what is the difference between hard skills and soft skills,US,2026-02-25T07:43:32.451Z,400,20,True,True,6,0
gemini_sd_mm1q74ld2eee02a1m3,gemini,what is the difference between active and passive investing,US,2026-02-25T07:43:51.998Z,453,25,True,True,7,0
gemini_sd_mm1q756ftqvqwzsmi,gemini,how to deal with burnout at work,US,2026-02-25T07:42:00.515Z,559,43,True,True,5,0
gemini_sd_mm1q756ftqvqwzsmi,gemini,what is a performance improvement plan,US,2026-02-25T07:42:01.815Z,426,27,True,True,0,0
gemini_sd_mm1q756ftqvqwzsmi,gemini,what are the best high paying jobs without a degree,US,2026-02-25T07:42:03.569Z,445,25,True,True,7,0
gemini_sd_mm1q756ftqvqwzsmi,gemini,what is the difference between a resume and a CV,US,2026-02-25T07:42:04.026Z,410,33,True,True,0,0
gemini_sd_mm1q756ftqvqwzsmi,gemini,what is work-life balance and how to achieve it,US,2026-02-25T07:42:04.271Z,413,31,True,True,1,0
gemini_sd_mm1q756ftqvqwzsmi,gemini,how to become a project manager,US,2026-02-25T07:42:07.985Z,437,40,True,True,0,0
gemini_sd_mm1q756ftqvqwzsmi,gemini,how to build a personal brand on LinkedIn,US,2026-02-25T07:42:10.295Z,581,54,True,True,0,0
gemini_sd_mm1q756ftqvqwzsmi,gemini,what is the best way to find a job in 2024,US,2026-02-25T07:42:16.293Z,552,33,True,True,14,0
gemini_sd_mm1q756ftqvqwzsmi,gemini,how to become a UX designer with no experience,US,2026-02-25T07:42:28.801Z,516,42,True,True,0,0
gemini_sd_mm1q756ftqvqwzsmi,gemini,how to negotiate a job offer,US,2026-02-25T07:42:35.279Z,491,40,True,True,2,0
gemini_sd_mm1q75r12bms9ypef4,gemini,what is a side hustle and how to start one,US,2026-02-25T07:42:06.021Z,510,31,True,True,4,0
gemini_sd_mm1q75r12bms9ypef4,gemini,how to handle a layoff,US,2026-02-25T07:43:16.890Z,509,40,True,True,0,0
gemini_sd_mm1q75r12bms9ypef4,gemini,what is upskilling and why does it matter,US,2026-02-25T07:43:19.059Z,416,32,True,False,6,0
gemini_sd_mm1q75r12bms9ypef4,gemini,what skills do employers look for most,US,2026-02-25T07:43:20.579Z,498,25,True,True,0,0
gemini_sd_mm1q75r12bms9ypef4,gemini,what is the gig economy and is it worth it,US,2026-02-25T07:43:22.188Z,423,25,True,True,6,0
gemini_sd_mm1q75r12bms9ypef4,gemini,how to get a job at a top tech company,US,2026-02-25T07:43:24.797Z,569,36,True,True,5,0
gemini_sd_mm1q75r12bms9ypef4,gemini,how to write a LinkedIn profile summary,US,2026-02-25T07:43:26.447Z,511,44,True,True,0,0
gemini_sd_mm1q75r12bms9ypef4,gemini,what makes a good manager,US,2026-02-25T07:43:42.319Z,416,27,True,True,0,0
gemini_sd_mm1q75r12bms9ypef4,gemini,how to become a data scientist,US,2026-02-25T07:43:45.385Z,449,32,True,True,0,0
gemini_sd_mm1q75r12bms9ypef4,gemini,how to give constructive feedback at work,US,2026-02-25T07:44:50.504Z,428,35,True,True,0,0
gemini_sd_mm1q76cc1xhx8w39qy,gemini,how to become a freelancer,US,2026-02-25T07:42:43.872Z,595,42,True,True,0,0
gemini_sd_mm1q76cc1xhx8w39qy,gemini,what is the difference between leadership and management,US,2026-02-25T07:43:02.400Z,485,46,False,True,1,0
gemini_sd_mm1q76cc1xhx8w39qy,gemini,what are the benefits of mentorship,US,2026-02-25T07:43:10.337Z,387,20,True,True,0,0
gemini_sd_mm1q76cc1xhx8w39qy,gemini,how to improve time management skills,US,2026-02-25T07:43:16.518Z,437,34,True,True,0,0
gemini_sd_mm1q76cc1xhx8w39qy,gemini,how to network when you are introverted,US,2026-02-25T07:43:23.348Z,505,31,True,True,4,0
gemini_sd_mm1q76cc1xhx8w39qy,gemini,best certifications for career advancement in tech,US,2026-02-25T07:43:23.786Z,468,30,True,True,4,0
gemini_sd_mm1q76cc1xhx8w39qy,gemini,how to build confidence at work,US,2026-02-25T07:43:29.831Z,518,41,True,True,4,0
gemini_sd_mm1q76cc1xhx8w39qy,gemini,how to create a 5-year career plan,US,2026-02-25T07:43:48.085Z,505,46,True,True,0,0
gemini_sd_mm1q76cc1xhx8w39qy,gemini,what is organizational culture,US,2026-02-25T07:43:49.631Z,439,31,True,True,7,0
gemini_sd_mm1q76cc1xhx8w39qy,gemini,what is professional development,US,2026-02-25T07:43:59.917Z,360,32,True,True,6,0
gemini_sd_mm1q76xv1ckphqzfhu,gemini,how to stay safe when traveling alone,US,2026-02-25T07:43:14.282Z,567,39,True,True,0,0
gemini_sd_mm1q76xv1ckphqzfhu,gemini,what is the difference between visa types,US,2026-02-25T07:43:22.851Z,461,35,True,True,10,0
gemini_sd_mm1q76xv1ckphqzfhu,gemini,best places to visit in Europe on a budget,US,2026-02-25T07:43:23.062Z,631,36,True,True,0,0
gemini_sd_mm1q76xv1ckphqzfhu,gemini,what documents do you need to travel internationally,US,2026-02-25T07:43:26.169Z,485,33,True,False,12,0
gemini_sd_mm1q76xv1ckphqzfhu,gemini,how to avoid jet lag,US,2026-02-25T07:43:26.471Z,481,34,True,True,8,0
gemini_sd_mm1q76xv1ckphqzfhu,gemini,best countries for digital nomads,US,2026-02-25T07:43:28.450Z,555,35,True,True,6,0
gemini_sd_mm1q76xv1ckphqzfhu,gemini,how to ace a technical interview,US,2026-02-25T07:43:34.184Z,489,47,True,True,0,0
gemini_sd_mm1q76xv1ckphqzfhu,gemini,how to travel cheaply around the world,US,2026-02-25T07:43:35.543Z,557,36,True,False,0,0
gemini_sd_mm1q76xv1ckphqzfhu,gemini,what is travel hacking with credit card points,US,2026-02-25T07:43:48.508Z,493,34,True,True,4,0
gemini_sd_mm1q76xv1ckphqzfhu,gemini,best travel insurance companies,US,2026-02-25T07:44:39.530Z,501,26,True,True,0,0
gemini_sd_mm1q77jm1o3kx6ebmj,gemini,best time to visit Japan,US,2026-02-25T07:42:12.537Z,505,35,True,True,0,0
gemini_sd_mm1q77jm1o3kx6ebmj,gemini,how does travel rewards credit card work,US,2026-02-25T07:42:14.538Z,496,31,True,True,13,0
gemini_sd_mm1q77jm1o3kx6ebmj,gemini,how to find cheap flights,US,2026-02-25T07:42:17.660Z,486,34,True,True,9,0
gemini_sd_mm1q77jm1o3kx6ebmj,gemini,best carry on luggage for frequent flyers,US,2026-02-25T07:42:17.676Z,478,27,True,True,5,0
gemini_sd_mm1q77jm1o3kx6ebmj,gemini,what vaccinations do you need for international travel,US,2026-02-25T07:42:20.617Z,472,35,True,False,11,0
gemini_sd_mm1q77jm1o3kx6ebmj,gemini,best countries to retire abroad,US,2026-02-25T07:42:29.394Z,480,23,True,True,4,0
gemini_sd_mm1q77jm1o3kx6ebmj,gemini,what is slow travel,US,2026-02-25T07:42:31.404Z,451,30,True,True,9,0
gemini_sd_mm1q77jm1o3kx6ebmj,gemini,how to pack light for a long trip,US,2026-02-25T07:42:56.157Z,468,36,True,True,0,0
gemini_sd_mm1q77jm1o3kx6ebmj,gemini,what to do if your passport is stolen abroad,US,2026-02-25T07:43:38.955Z,488,44,True,False,15,0
gemini_sd_mm1q77jm1o3kx6ebmj,gemini,best apps for traveling internationally,US,2026-02-25T07:44:18.059Z,494,31,True,True,0,0
gemini_sd_mm1q784k20ew0xgji0,gemini,what is a travel itinerary and how to plan one,US,2026-02-25T07:42:09.482Z,499,39,True,True,0,0
gemini_sd_mm1q784k20ew0xgji0,gemini,how to travel solo safely as a woman,US,2026-02-25T07:42:11.378Z,565,40,True,True,0,0
gemini_sd_mm1q784k20ew0xgji0,gemini,how to travel with dietary restrictions,US,2026-02-25T07:42:16.420Z,495,32,True,True,0,0
gemini_sd_mm1q784k20ew0xgji0,gemini,best way to exchange currency when traveling,US,2026-02-25T07:42:19.258Z,571,35,True,True,0,0
gemini_sd_mm1q784k20ew0xgji0,gemini,how to get global entry and TSA precheck,US,2026-02-25T07:42:20.262Z,476,38,True,True,11,0
gemini_sd_mm1q784k20ew0xgji0,gemini,what are the most underrated travel destinations,US,2026-02-25T07:42:22.316Z,552,34,True,True,0,0
gemini_sd_mm1q784k20ew0xgji0,gemini,what is the difference between baking soda and baking powder,US,2026-02-25T07:42:25.689Z,462,25,True,True,2,0
gemini_sd_mm1q784k20ew0xgji0,gemini,how to make sourdough bread from scratch,US,2026-02-25T07:42:32.138Z,537,49,True,False,0,0
gemini_sd_mm1q784k20ew0xgji0,gemini,best meal prep ideas for the week,US,2026-02-25T07:42:37.511Z,433,29,True,True,0,0
gemini_sd_mm1q784k20ew0xgji0,gemini,how to season a cast iron skillet,US,2026-02-25T07:42:38.360Z,443,36,True,False,0,0
gemini_sd_mm1q78phun2t8pgip,gemini,what is the difference between vegan and plant-based diet,US,2026-02-25T07:42:01.670Z,349,28,True,True,2,0
gemini_sd_mm1q78phun2t8pgip,gemini,how to reduce food waste at home,US,2026-02-25T07:42:11.866Z,488,30,True,True,6,0
gemini_sd_mm1q78phun2t8pgip,gemini,what are the healthiest cooking oils,US,2026-02-25T07:42:12.924Z,501,31,True,True,8,0
gemini_sd_mm1q78phun2t8pgip,gemini,best high protein meals for muscle building,US,2026-02-25T07:42:13.169Z,483,31,True,True,6,0
gemini_sd_mm1q78phun2t8pgip,gemini,best fermented foods for gut health,US,2026-02-25T07:42:17.538Z,445,27,True,True,11,0
gemini_sd_mm1q78phun2t8pgip,gemini,what is the glycemic index of foods,US,2026-02-25T07:42:19.414Z,418,24,True,True,4,0
gemini_sd_mm1q78phun2t8pgip,gemini,how to meal prep for a week on a budget,US,2026-02-25T07:42:21.016Z,532,44,True,True,0,0
gemini_sd_mm1q78phun2t8pgip,gemini,how long does cooked chicken last in the fridge,US,2026-02-25T07:43:14.393Z,243,10,True,True,1,0
gemini_sd_mm1q78phun2t8pgip,gemini,what is the difference between stock and broth,US,2026-02-25T07:43:31.965Z,485,39,True,True,6,0
gemini_sd_mm1q78phun2t8pgip,gemini,how to make homemade pasta,US,2026-02-25T07:43:42.877Z,545,35,True,True,0,0
gemini_sd_mm1q79a21x3dmknmol,gemini,best foods to eat before a workout,US,2026-02-25T07:43:11.405Z,440,32,True,False,6,0
gemini_sd_mm1q79a21x3dmknmol,gemini,what is intuitive eating,US,2026-02-25T07:43:19.212Z,525,42,True,True,14,0
gemini_sd_mm1q79a21x3dmknmol,gemini,what is the carnivore diet,US,2026-02-25T07:43:19.914Z,404,20,True,True,6,0
gemini_sd_mm1q79a21x3dmknmol,gemini,how to make cold brew coffee at home,US,2026-02-25T07:43:20.282Z,426,37,True,True,0,0
gemini_sd_mm1q79a21x3dmknmol,gemini,what are superfoods and are they real,US,2026-02-25T07:43:23.662Z,415,30,True,False,9,0
gemini_sd_mm1q79a21x3dmknmol,gemini,how to preserve food without refrigeration,US,2026-02-25T07:43:24.289Z,496,38,True,True,5,0
gemini_sd_mm1q79a21x3dmknmol,gemini,how to read a food nutrition label,US,2026-02-25T07:43:24.735Z,478,35,True,True,7,0
gemini_sd_mm1q79a21x3dmknmol,gemini,best meal delivery kits comparison,US,2026-02-25T07:43:39.173Z,570,50,True,True,6,0
gemini_sd_mm1q79a21x3dmknmol,gemini,what are the best anti-inflammatory foods,US,2026-02-25T07:43:53.381Z,354,18,True,True,0,0
gemini_sd_mm1q79a21x3dmknmol,gemini,how does food coloring affect children,US,2026-02-25T07:44:02.889Z,498,29,True,False,14,0
gemini_sd_mm1q79v628mv1psg99,gemini,what is the difference between a will and a trust,US,2026-02-25T07:42:07.619Z,505,44,True,True,8,0
gemini_sd_mm1q79v628mv1psg99,gemini,what is power of attorney and how does it work,US,2026-02-25T07:42:08.201Z,443,31,True,True,8,0
gemini_sd_mm1q79v628mv1psg99,gemini,how to dispute a medical bill,US,2026-02-25T07:42:18.145Z,501,37,True,True,5,0
gemini_sd_mm1q79v628mv1psg99,gemini,what are tenant rights when renting,US,2026-02-25T07:42:18.161Z,622,36,True,False,1,0
gemini_sd_mm1q79v628mv1psg99,gemini,how to build a healthy plate according to nutritionists,US,2026-02-25T07:42:21.011Z,432,34,True,True,7,0
gemini_sd_mm1q79v628mv1psg99,gemini,what is the difference between civil and criminal law,US,2026-02-25T07:42:23.787Z,440,35,True,True,5,0
gemini_sd_mm1q79v628mv1psg99,gemini,how does small claims court work,US,2026-02-25T07:42:33.287Z,568,40,True,False,21,0
gemini_sd_mm1q79v628mv1psg99,gemini,how to file a complaint against a company,US,2026-02-25T07:42:44.572Z,490,46,True,True,0,0
gemini_sd_mm1q79v628mv1psg99,gemini,what is fair use in copyright law,US,2026-02-25T07:42:53.574Z,498,38,True,True,8,0
gemini_sd_mm1q79v628mv1psg99,gemini,how to write a last will and testament,US,2026-02-25T07:43:11.191Z,503,36,True,True,10,0
gemini_sd_mm1q7afm2qdn3pwges,gemini,how to protect your intellectual property,US,2026-02-25T07:42:05.074Z,492,38,True,True,9,0
gemini_sd_mm1q7afm2qdn3pwges,gemini,how does the probate process work,US,2026-02-25T07:42:09.643Z,443,38,True,False,15,0
gemini_sd_mm1q7afm2qdn3pwges,gemini,what is an LLC and how to form one,US,2026-02-25T07:42:10.259Z,417,30,True,True,8,0
gemini_sd_mm1q7afm2qdn3pwges,gemini,what is GDPR and who does it apply to,US,2026-02-25T07:42:12.783Z,519,34,True,False,20,0
gemini_sd_mm1q7afm2qdn3pwges,gemini,how to get out of a contract legally,US,2026-02-25T07:42:17.551Z,558,34,True,True,8,0
gemini_sd_mm1q7afm2qdn3pwges,gemini,what is defamation and how to prove it,US,2026-02-25T07:42:18.523Z,431,36,True,True,6,0
gemini_sd_mm1q7afm2qdn3pwges,gemini,how to sue someone in small claims court,US,2026-02-25T07:42:34.853Z,534,42,True,True,9,0
gemini_sd_mm1q7afm2qdn3pwges,gemini,what rights do employees have in the workplace,US,2026-02-25T07:42:38.311Z,461,31,True,True,0,0
gemini_sd_mm1q7afm2qdn3pwges,gemini,what are your rights if you are arrested,US,2026-02-25T07:43:11.851Z,539,34,True,True,0,0
gemini_sd_mm1q7afm2qdn3pwges,gemini,how does workers compensation work,US,2026-02-25T07:43:38.982Z,475,31,True,True,11,0
gemini_sd_mm1q7b0v2dqzrelyq5,gemini,how to trademark a business name,US,2026-02-25T07:42:04.052Z,503,35,True,True,14,0
gemini_sd_mm1q7b0v2dqzrelyq5,gemini,how does medical malpractice work,US,2026-02-25T07:42:09.790Z,550,36,True,True,10,0
gemini_sd_mm1q7b0v2dqzrelyq5,gemini,what is the statute of limitations,US,2026-02-25T07:42:12.828Z,437,27,True,True,8,0
gemini_sd_mm1q7b0v2dqzrelyq5,gemini,what is the difference between a misdemeanor and a felony,US,2026-02-25T07:42:17.792Z,418,30,True,True,10,0
gemini_sd_mm1q7b0v2dqzrelyq5,gemini,how to dispute a credit report error,US,2026-02-25T07:42:21.957Z,560,50,True,True,11,0
gemini_sd_mm1q7b0v2dqzrelyq5,gemini,what is progressive overload in weightlifting,US,2026-02-25T07:42:24.071Z,396,28,True,True,5,0
gemini_sd_mm1q7b0v2dqzrelyq5,gemini,how to build muscle as a beginner,US,2026-02-25T07:42:30.483Z,473,34,True,True,0,0
gemini_sd_mm1q7b0v2dqzrelyq5,gemini,what is a non-disclosure agreement,US,2026-02-25T07:42:45.161Z,418,24,True,True,4,0
gemini_sd_mm1q7b0v2dqzrelyq5,gemini,how many calories should I eat to lose weight,US,2026-02-25T07:42:58.849Z,365,24,True,True,3,0
gemini_sd_mm1q7b0v2dqzrelyq5,gemini,best workout routine for weight loss,US,2026-02-25T07:43:04.246Z,413,27,True,True,0,0
gemini_sd_mm1q7bm8j8qdxf0b2,gemini,best supplements for muscle growth,US,2026-02-25T07:43:21.225Z,508,40,True,True,0,0
gemini_sd_mm1q7bm8j8qdxf0b2,gemini,how to fix bad posture from sitting,US,2026-02-25T07:43:22.212Z,439,34,True,True,3,0
gemini_sd_mm1q7bm8j8qdxf0b2,gemini,how to train for a marathon as a beginner,US,2026-02-25T07:43:24.053Z,439,36,True,True,5,0
gemini_sd_mm1q7bm8j8qdxf0b2,gemini,best home workout equipment on a budget,US,2026-02-25T07:43:25.326Z,450,36,True,True,0,0
gemini_sd_mm1q7bm8j8qdxf0b2,gemini,what is the difference between cardio and HIIT,US,2026-02-25T07:43:26.824Z,476,27,True,True,4,0
gemini_sd_mm1q7bm8j8qdxf0b2,gemini,what is the difference between free weights and machines,US,2026-02-25T07:43:28.243Z,478,26,True,True,8,0
gemini_sd_mm1q7bm8j8qdxf0b2,gemini,what is the best time of day to work out,US,2026-02-25T07:43:29.562Z,433,20,True,True,4,0
gemini_sd_mm1q7bm8j8qdxf0b2,gemini,how to stretch properly before and after exercise,US,2026-02-25T07:43:37.315Z,437,35,True,True,7,0
gemini_sd_mm1q7bm8j8qdxf0b2,gemini,how to improve running endurance,US,2026-02-25T07:44:02.793Z,444,34,True,True,2,0
gemini_sd_mm1q7bm8j8qdxf0b2,gemini,how does protein synthesis work in muscles,US,2026-02-25T07:46:27.176Z,482,31,True,True,8,0
gemini_sd_mm1q7c6d2qp3mdbvzr,gemini,what causes delayed onset muscle soreness,US,2026-02-25T07:42:09.313Z,436,31,True,True,4,0
gemini_sd_mm1q7c6d2qp3mdbvzr,gemini,best exercises for core strength,US,2026-02-25T07:42:37.681Z,508,33,True,True,6,0
gemini_sd_mm1q7c6d2qp3mdbvzr,gemini,how to recover from overtraining,US,2026-02-25T07:43:13.454Z,441,34,True,True,3,0
gemini_sd_mm1q7c6d2qp3mdbvzr,gemini,how to lose belly fat effectively,US,2026-02-25T07:43:16.325Z,496,36,True,True,8,0
gemini_sd_mm1q7c6d2qp3mdbvzr,gemini,what is a caloric deficit and how to calculate it,US,2026-02-25T07:43:22.241Z,404,30,True,False,9,0
gemini_sd_mm1q7c6d2qp3mdbvzr,gemini,what is the best exercise for mental health,US,2026-02-25T07:43:24.306Z,400,24,True,True,4,0
gemini_sd_mm1q7c6d2qp3mdbvzr,gemini,how does zone 2 cardio training work,US,2026-02-25T07:43:27.117Z,479,28,True,False,9,0
gemini_sd_mm1q7c6d2qp3mdbvzr,gemini,best exercises for lower back pain,US,2026-02-25T07:43:31.600Z,419,30,True,True,9,0
gemini_sd_mm1q7c6d2qp3mdbvzr,gemini,how to create a workout schedule,US,2026-02-25T07:43:47.483Z,464,43,True,True,0,0
gemini_sd_mm1q7c6d2qp3mdbvzr,gemini,how to improve flexibility and mobility,US,2026-02-25T07:45:33.206Z,490,38,True,True,6,0
gemini_sd_mm1q7cr23c7126vxg,gemini,how much screen time is too much for kids,US,2026-02-25T07:43:10.150Z,382,29,True,True,4,0
gemini_sd_mm1q7cr23c7126vxg,gemini,what is the difference between aerobic and anaerobic exercise,US,2026-02-25T07:43:21.334Z,348,25,True,True,6,0
gemini_sd_mm1q7cr23c7126vxg,gemini,best ways to discipline a child without yelling,US,2026-02-25T07:43:21.869Z,491,42,True,True,4,0
gemini_sd_mm1q7cr23c7126vxg,gemini,what is gentle parenting,US,2026-02-25T07:43:21.983Z,451,36,True,True,10,0
gemini_sd_mm1q7cr23c7126vxg,gemini,how to raise financially responsible children,US,2026-02-25T07:43:24.143Z,534,37,True,True,2,0
gemini_sd_mm1q7cr23c7126vxg,gemini,how to handle a toddler meltdown,US,2026-02-25T07:43:28.051Z,543,41,True,True,0,0
gemini_sd_mm1q7cr23c7126vxg,gemini,what age should kids start learning to read,US,2026-02-25T07:43:30.061Z,425,25,True,True,1,0
gemini_sd_mm1q7cr23c7126vxg,gemini,what is the difference between authoritative and authoritarian parenting,US,2026-02-25T07:43:34.374Z,444,40,True,True,8,0
gemini_sd_mm1q7cr23c7126vxg,gemini,best books for new parents,US,2026-02-25T07:43:36.662Z,542,35,True,True,0,0
gemini_sd_mm1q7cr23c7126vxg,gemini,how to talk to kids about death,US,2026-02-25T07:43:53.341Z,607,48,True,True,2,0
gemini_sd_mm1q7dam1jwjous8bz,gemini,how to encourage a growth mindset in children,,2026-02-25T07:47:57.980Z,0,0,False,False,0,0
gemini_sd_mm1q7dam1jwjous8bz,gemini,what is helicopter parenting and its effects,US,2026-02-25T07:42:36.828Z,410,23,True,True,7,0
gemini_sd_mm1q7dam1jwjous8bz,gemini,best educational apps for kids,US,2026-02-25T07:43:17.623Z,493,26,True,True,0,0
gemini_sd_mm1q7dam1jwjous8bz,gemini,how to talk to teens about social media,US,2026-02-25T07:43:20.176Z,507,40,True,True,1,0
gemini_sd_mm1q7dam1jwjous8bz,gemini,how to prepare a child for a new sibling,US,2026-02-25T07:43:22.878Z,476,30,True,True,2,0
gemini_sd_mm1q7dam1jwjous8bz,gemini,what are the stages of child development,US,2026-02-25T07:43:23.640Z,482,40,True,True,10,0
gemini_sd_mm1q7dam1jwjous8bz,gemini,what are signs of ADHD in children,US,2026-02-25T07:43:26.365Z,490,32,True,False,11,0
gemini_sd_mm1q7dam1jwjous8bz,gemini,how to co-parent effectively after divorce,US,2026-02-25T07:43:30.076Z,606,39,True,True,2,0
gemini_sd_mm1q7dam1jwjous8bz,gemini,what is attachment theory in child development,US,2026-02-25T07:44:49.030Z,431,23,True,True,12,0
gemini_sd_mm1q7dam1jwjous8bz,gemini,how to help a child with anxiety,US,2026-02-25T07:44:52.304Z,468,34,True,True,4,0
gemini_sd_mm1q7dvlzjgyxukhi,gemini,how to stop a child from lying,US,2026-02-25T07:42:10.375Z,513,36,True,True,1,0
gemini_sd_mm1q7dvlzjgyxukhi,gemini,what caused the fall of the Roman Empire,US,2026-02-25T07:42:11.184Z,532,36,True,False,11,0
gemini_sd_mm1q7dvlzjgyxukhi,gemini,what was the significance of the printing press,US,2026-02-25T07:42:15.080Z,456,29,True,True,5,0
gemini_sd_mm1q7dvlzjgyxukhi,gemini,what caused the Great Depression,US,2026-02-25T07:42:19.388Z,453,27,True,True,8,0
gemini_sd_mm1q7dvlzjgyxukhi,gemini,how did the Cold War end,US,2026-02-25T07:42:21.885Z,435,30,True,True,9,0
gemini_sd_mm1q7dvlzjgyxukhi,gemini,how did the Industrial Revolution change society,US,2026-02-25T07:42:31.822Z,480,27,True,True,10,0
gemini_sd_mm1q7dvlzjgyxukhi,gemini,how did the civil rights movement change America,US,2026-02-25T07:42:32.506Z,503,31,True,False,15,0
gemini_sd_mm1q7dvlzjgyxukhi,gemini,how did World War 1 start,US,2026-02-25T07:42:52.199Z,406,37,True,True,7,0
gemini_sd_mm1q7dvlzjgyxukhi,gemini,what was the significance of the Magna Carta,US,2026-02-25T07:43:52.061Z,492,28,True,True,14,0
gemini_sd_mm1q7dvlzjgyxukhi,gemini,what was the Manhattan Project,US,2026-02-25T07:49:52.201Z,459,27,True,True,9,0
gemini_sd_mm1q7egr1xzbb5l3rn,gemini,how did the Black Death change Europe,US,2026-02-25T07:43:17.655Z,564,39,True,True,8,0
gemini_sd_mm1q7egr1xzbb5l3rn,gemini,how did the internet change the world,US,2026-02-25T07:43:19.108Z,484,37,True,True,3,0
gemini_sd_mm1q7egr1xzbb5l3rn,gemini,what was the significance of the Treaty of Versailles,US,2026-02-25T07:43:21.022Z,495,37,True,True,10,0
gemini_sd_mm1q7egr1xzbb5l3rn,gemini,what was the Berlin Wall and why was it built,US,2026-02-25T07:43:23.989Z,461,32,True,False,8,0
gemini_sd_mm1q7egr1xzbb5l3rn,gemini,what caused World War 2,US,2026-02-25T07:43:25.120Z,378,22,True,False,9,0
gemini_sd_mm1q7egr1xzbb5l3rn,gemini,what is the history of the United Nations,US,2026-02-25T07:43:33.663Z,530,45,True,True,13,0
gemini_sd_mm1q7egr1xzbb5l3rn,gemini,what was the significance of the moon landing,US,2026-02-25T07:43:40.288Z,480,33,True,False,14,0
gemini_sd_mm1q7egr1xzbb5l3rn,gemini,how did slavery shape the American economy,US,2026-02-25T07:43:44.279Z,494,33,True,True,6,0
gemini_sd_mm1q7egr1xzbb5l3rn,gemini,how did colonialism shape the modern world,US,2026-02-25T07:44:10.181Z,473,30,True,False,11,0
gemini_sd_mm1q7egr1xzbb5l3rn,gemini,how did the French Revolution start,US,2026-02-25T07:44:44.191Z,447,30,True,False,16,0
gemini_sd_mm1q7f1i1bjp8g619i,gemini,what was the space race about,,2026-02-25T07:48:17.682Z,0,0,False,False,0,0
gemini_sd_mm1q7f1i1bjp8g619i,gemini,what is epigenetics,,2026-02-25T07:49:21.157Z,0,0,False,False,0,0
gemini_sd_mm1q7f1i1bjp8g619i,gemini,what is dark matter,,2026-02-25T07:49:25.735Z,0,0,False,False,0,0
gemini_sd_mm1q7f1i1bjp8g619i,gemini,how does the gut-brain axis work,US,2026-02-25T07:43:14.645Z,439,22,True,True,12,0
gemini_sd_mm1q7f1i1bjp8g619i,gemini,how does vaccination work,US,2026-02-25T07:43:16.006Z,424,26,True,True,5,0
gemini_sd_mm1q7f1i1bjp8g619i,gemini,what is the difference between nuclear fission and fusion,US,2026-02-25T07:43:16.488Z,470,29,True,True,10,0
gemini_sd_mm1q7f1i1bjp8g619i,gemini,what is the theory of relativity explained simply,US,2026-02-25T07:43:36.263Z,440,32,True,False,0,0
gemini_sd_mm1q7f1i1bjp8g619i,gemini,how does evolution work,US,2026-02-25T07:43:50.620Z,384,27,True,False,12,0
gemini_sd_mm1q7f1i1bjp8g619i,gemini,how does quantum entanglement work,US,2026-02-25T07:44:11.712Z,523,29,True,True,3,0
gemini_sd_mm1q7f1i1bjp8g619i,gemini,how does mRNA vaccine technology work,US,2026-02-25T07:53:08.434Z,371,26,True,True,12,0
gemini_sd_mm1q7fme2605moz79c,gemini,what is antibiotic resistance,US,2026-02-25T07:42:16.465Z,347,29,True,False,8,0
gemini_sd_mm1q7fme2605moz79c,gemini,how did the universe begin,US,2026-02-25T07:42:17.494Z,449,32,True,False,0,0
gemini_sd_mm1q7fme2605moz79c,gemini,how does the carbon cycle work,US,2026-02-25T07:42:26.162Z,561,30,True,True,9,0
gemini_sd_mm1q7fme2605moz79c,gemini,what is the difference between GMO and hybrid crops,US,2026-02-25T07:42:26.312Z,422,21,True,True,5,0
gemini_sd_mm1q7fme2605moz79c,gemini,how to study effectively for exams,US,2026-02-25T07:42:29.735Z,402,33,True,True,0,0
gemini_sd_mm1q7fme2605moz79c,gemini,what is the difference between a PhD and a professional doctorate,US,2026-02-25T07:42:31.543Z,465,32,True,True,3,0
gemini_sd_mm1q7fme2605moz79c,gemini,how does student loan forgiveness work,US,2026-02-25T07:42:45.189Z,559,27,True,True,13,0
gemini_sd_mm1q7fme2605moz79c,gemini,best online learning platforms comparison,US,2026-02-25T07:42:46.139Z,556,48,True,True,10,0
gemini_sd_mm1q7fme2605moz79c,gemini,what is neuroplasticity,US,2026-02-25T07:43:58.486Z,425,27,True,True,10,0
gemini_sd_mm1q7fme2605moz79c,gemini,how does the human genome work,US,2026-02-25T07:52:39.581Z,487,30,True,True,5,0
gemini_sd_mm1q7g7e1lpd05n7xp,gemini,how does the US education system compare to other countries,US,2026-02-25T07:42:34.988Z,673,69,True,True,10,0
gemini_sd_mm1q7g7e1lpd05n7xp,gemini,what is project-based learning,US,2026-02-25T07:43:12.690Z,438,31,True,True,8,0
gemini_sd_mm1q7g7e1lpd05n7xp,gemini,what is the Socratic method of teaching,US,2026-02-25T07:43:16.784Z,428,32,True,True,0,0
gemini_sd_mm1q7g7e1lpd05n7xp,gemini,how to speed read effectively,US,2026-02-25T07:43:18.125Z,486,38,True,True,0,0
gemini_sd_mm1q7g7e1lpd05n7xp,gemini,how to choose a college major,US,2026-02-25T07:43:17.980Z,561,36,True,True,1,0
gemini_sd_mm1q7g7e1lpd05n7xp,gemini,how to pay for college without student loans,US,2026-02-25T07:43:18.215Z,597,30,True,True,8,0
gemini_sd_mm1q7g7e1lpd05n7xp,gemini,how to memorize things quickly,US,2026-02-25T07:43:37.429Z,423,31,True,True,0,0
gemini_sd_mm1q7g7e1lpd05n7xp,gemini,what is the Feynman technique for learning,US,2026-02-25T07:43:38.158Z,417,27,True,False,0,0
gemini_sd_mm1q7g7e1lpd05n7xp,gemini,what are the best MOOCs for data science,US,2026-02-25T07:43:50.756Z,484,30,True,True,5,0
gemini_sd_mm1q7g7e1lpd05n7xp,gemini,what is the difference between associate and bachelor degree,US,2026-02-25T07:45:11.503Z,355,17,True,True,3,0
gemini_sd_mm1q7gsx1wafqjuyyh,gemini,what is quantitative easing,US,2026-02-25T07:43:16.374Z,453,28,True,True,6,0
gemini_sd_mm1q7gsx1wafqjuyyh,gemini,what is GDP and how is it calculated,US,2026-02-25T07:43:19.681Z,477,30,True,False,15,0
gemini_sd_mm1q7gsx1wafqjuyyh,gemini,what is experiential learning,US,2026-02-25T07:43:23.026Z,366,31,True,True,9,0
gemini_sd_mm1q7gsx1wafqjuyyh,gemini,what is the difference between fiscal and monetary policy,US,2026-02-25T07:43:23.978Z,423,23,True,True,7,0
gemini_sd_mm1q7gsx1wafqjuyyh,gemini,what is a trade deficit,US,2026-02-25T07:43:34.896Z,461,26,True,True,5,0
gemini_sd_mm1q7gsx1wafqjuyyh,gemini,what causes stagflation,US,2026-02-25T07:44:04.920Z,477,25,True,True,9,0
gemini_sd_mm1q7gsx1wafqjuyyh,gemini,how does international trade work,US,2026-02-25T07:44:16.126Z,537,37,True,True,10,0
gemini_sd_mm1q7gsx1wafqjuyyh,gemini,how does the European Central Bank work,US,2026-02-25T07:44:59.356Z,470,26,True,False,14,0
gemini_sd_mm1q7gsx1wafqjuyyh,gemini,how to get scholarships for college,US,2026-02-25T07:45:38.048Z,537,40,True,True,12,0
gemini_sd_mm1q7gsx1wafqjuyyh,gemini,how does monetary policy affect inflation,US,2026-02-25T07:48:36.033Z,520,35,True,False,13,0
gemini_sd_mm1q7heb2bqyfdzj36,gemini,how does the debt ceiling work,US,2026-02-25T07:43:14.429Z,401,43,True,False,18,0
gemini_sd_mm1q7heb2bqyfdzj36,gemini,what is the Laffer curve,US,2026-02-25T07:43:15.172Z,390,23,True,True,5,0
gemini_sd_mm1q7heb2bqyfdzj36,gemini,what is a competitive analysis,US,2026-02-25T07:43:15.908Z,386,30,True,True,8,0
gemini_sd_mm1q7heb2bqyfdzj36,gemini,how do tariffs work,US,2026-02-25T07:43:19.627Z,522,40,True,True,14,0
gemini_sd_mm1q7heb2bqyfdzj36,gemini,how does venture capital funding work,US,2026-02-25T07:43:20.264Z,464,33,True,True,7,0
gemini_sd_mm1q7heb2bqyfdzj36,gemini,what is venture capital and how does it work,US,2026-02-25T07:43:20.957Z,498,39,True,True,9,0
gemini_sd_mm1q7heb2bqyfdzj36,gemini,how to validate a business idea,US,2026-02-25T07:43:21.848Z,454,48,True,True,0,0
gemini_sd_mm1q7heb2bqyfdzj36,gemini,what is game theory in economics,US,2026-02-25T07:43:24.341Z,478,36,True,True,10,0
gemini_sd_mm1q7heb2bqyfdzj36,gemini,how does universal basic income work,US,2026-02-25T07:44:06.004Z,453,32,True,True,8,0
gemini_sd_mm1q7heb2bqyfdzj36,gemini,how does the minimum wage affect the economy,US,2026-02-25T07:44:13.065Z,430,28,True,True,0,0
gemini_sd_mm1q7hy52kjwv3td5o,gemini,how to create a minimum viable product,US,2026-02-25T07:42:18.579Z,433,38,True,True,5,0
gemini_sd_mm1q7hy52kjwv3td5o,gemini,what is a SWOT analysis,US,2026-02-25T07:42:21.926Z,373,27,True,True,4,0
gemini_sd_mm1q7hy52kjwv3td5o,gemini,how does a franchise model work,US,2026-02-25T07:42:29.653Z,400,31,True,True,9,0
gemini_sd_mm1q7hy52kjwv3td5o,gemini,how to create a pricing strategy,US,2026-02-25T07:42:32.136Z,513,39,True,True,0,0
gemini_sd_mm1q7hy52kjwv3td5o,gemini,what is a pitch deck and what should it include,US,2026-02-25T07:42:33.276Z,428,41,True,True,1,0
gemini_sd_mm1q7hy52kjwv3td5o,gemini,what is product market fit,US,2026-02-25T07:42:35.319Z,382,31,True,True,5,0
gemini_sd_mm1q7hy52kjwv3td5o,gemini,what is the difference between sole proprietorship and LLC,US,2026-02-25T07:42:37.652Z,514,37,True,True,7,0
gemini_sd_mm1q7hy52kjwv3td5o,gemini,how to build a SaaS business,US,2026-02-25T07:42:42.884Z,527,44,True,True,2,0
gemini_sd_mm1q7hy52kjwv3td5o,gemini,how to scale a small business,US,2026-02-25T07:43:44.560Z,504,39,True,True,9,0
gemini_sd_mm1q7hy52kjwv3td5o,gemini,what is the difference between B2B and B2C,US,2026-02-25T07:43:52.925Z,379,26,True,True,7,0
gemini_sd_mm1q7iiw1ier51cljn,gemini,how to measure business success with KPIs,US,2026-02-25T07:42:20.511Z,578,47,True,True,9,0
gemini_sd_mm1q7iiw1ier51cljn,gemini,how does programmatic advertising work,US,2026-02-25T07:42:24.547Z,590,43,True,True,21,0
gemini_sd_mm1q7iiw1ier51cljn,gemini,what is conversion rate optimization,US,2026-02-25T07:42:28.471Z,479,31,True,True,7,0
gemini_sd_mm1q7iiw1ier51cljn,gemini,how does email marketing work,US,2026-02-25T07:42:30.000Z,470,38,True,True,7,0
gemini_sd_mm1q7iiw1ier51cljn,gemini,what is the difference between revenue and profit,US,2026-02-25T07:42:30.746Z,404,23,True,True,8,0
gemini_sd_mm1q7iiw1ier51cljn,gemini,what is the difference between SEO and SEM,US,2026-02-25T07:42:30.877Z,482,24,True,True,14,0
gemini_sd_mm1q7iiw1ier51cljn,gemini,how to build an email list from scratch,US,2026-02-25T07:42:32.231Z,458,44,True,True,0,0
gemini_sd_mm1q7iiw1ier51cljn,gemini,what is influencer marketing,US,2026-02-25T07:42:36.971Z,439,28,True,True,10,0
gemini_sd_mm1q7iiw1ier51cljn,gemini,how to create a social media strategy,US,2026-02-25T07:42:42.168Z,511,47,True,True,0,0
gemini_sd_mm1q7iiw1ier51cljn,gemini,what is an exit strategy in business,US,2026-02-25T07:44:09.444Z,428,32,True,True,3,0
gemini_sd_mm1q7j3a2icunhiwkz,gemini,what is a marketing funnel,US,2026-02-25T07:42:24.269Z,437,28,True,True,6,0
gemini_sd_mm1q7j3a2icunhiwkz,gemini,what is the difference between organic and paid social media,US,2026-02-25T07:42:44.699Z,451,26,True,True,5,0
gemini_sd_mm1q7j3a2icunhiwkz,gemini,how to measure marketing ROI,US,2026-02-25T07:42:47.804Z,498,41,True,True,4,0
gemini_sd_mm1q7j3a2icunhiwkz,gemini,how to do keyword research for SEO,US,2026-02-25T07:43:11.315Z,433,41,True,True,0,0
gemini_sd_mm1q7j3a2icunhiwkz,gemini,how does remarketing work,US,2026-02-25T07:43:14.964Z,430,26,True,True,6,0
gemini_sd_mm1q7j3a2icunhiwkz,gemini,what is the difference between a landing page and homepage,US,2026-02-25T07:43:17.885Z,425,35,True,True,4,0
gemini_sd_mm1q7j3a2icunhiwkz,gemini,what is brand positioning,US,2026-02-25T07:43:47.276Z,384,39,True,True,4,0
gemini_sd_mm1q7j3a2icunhiwkz,gemini,what is affiliate marketing,US,2026-02-25T07:43:49.758Z,469,37,True,True,11,0
gemini_sd_mm1q7j3a2icunhiwkz,gemini,how does Google Ads work,US,2026-02-25T07:43:51.617Z,612,38,True,True,19,0
gemini_sd_mm1q7j3a2icunhiwkz,gemini,what is cognitive behavioral therapy,US,2026-02-25T07:44:01.236Z,394,26,True,True,15,0
gemini_sd_mm1q7jny2r8qwny38m,gemini,how does Maslow hierarchy of needs work,,2026-02-25T07:48:25.382Z,0,0,False,False,0,0
gemini_sd_mm1q7jny2r8qwny38m,gemini,how does trauma affect the brain,US,2026-02-25T07:43:14.716Z,440,31,False,True,6,0
gemini_sd_mm1q7jny2r8qwny38m,gemini,how does social comparison theory work,US,2026-02-25T07:43:16.051Z,510,31,True,False,10,0
gemini_sd_mm1q7jny2r8qwny38m,gemini,what are the stages of grief,US,2026-02-25T07:43:17.052Z,396,32,True,True,5,0
gemini_sd_mm1q7jny2r8qwny38m,gemini,how does confirmation bias work,US,2026-02-25T07:43:17.170Z,450,26,True,True,5,0
gemini_sd_mm1q7jny2r8qwny38m,gemini,what is the dunning-kruger effect,US,2026-02-25T07:43:17.530Z,331,19,True,False,5,0
gemini_sd_mm1q7jny2r8qwny38m,gemini,what is attachment theory,US,2026-02-25T07:43:20.138Z,381,22,True,True,10,0
gemini_sd_mm1q7jny2r8qwny38m,gemini,what is the difference between psychologist and psychiatrist,US,2026-02-25T07:43:22.843Z,445,30,True,True,10,0
gemini_sd_mm1q7jny2r8qwny38m,gemini,how does classical conditioning work,US,2026-02-25T07:43:28.382Z,409,32,True,False,7,0
gemini_sd_mm1q7jny2r8qwny38m,gemini,what are the Big 5 personality traits,US,2026-02-25T07:43:47.837Z,335,30,True,False,0,0
gemini_sd_mm1q7k9mjdlj01a3e,gemini,how does solar energy work,,2026-02-25T07:48:30.577Z,0,0,False,False,0,0
gemini_sd_mm1q7k9mjdlj01a3e,gemini,what is the psychology of motivation,,2026-02-25T07:49:22.475Z,0,0,False,False,0,0
gemini_sd_mm1q7k9mjdlj01a3e,gemini,what is the difference between anxiety and depression,US,2026-02-25T07:42:18.777Z,419,31,True,True,12,0
gemini_sd_mm1q7k9mjdlj01a3e,gemini,how does positive reinforcement work,US,2026-02-25T07:42:21.637Z,444,36,True,True,9,0
gemini_sd_mm1q7k9mjdlj01a3e,gemini,how does the placebo effect work,US,2026-02-25T07:42:25.683Z,431,25,True,True,8,0
gemini_sd_mm1q7k9mjdlj01a3e,gemini,what is emotional regulation and how to improve it,US,2026-02-25T07:42:29.879Z,530,38,True,True,8,0
gemini_sd_mm1q7k9mjdlj01a3e,gemini,what is biodiversity and why does it matter,US,2026-02-25T07:42:51.818Z,402,31,True,False,10,0
gemini_sd_mm1q7k9mjdlj01a3e,gemini,how does therapy help with mental health,US,2026-02-25T07:43:30.863Z,496,35,True,True,8,0
gemini_sd_mm1q7k9mjdlj01a3e,gemini,how does carbon capture technology work,US,2026-02-25T07:46:16.362Z,639,36,True,False,16,0
gemini_sd_mm1q7k9mjdlj01a3e,gemini,what is the difference between weather and climate,US,2026-02-25T07:48:43.819Z,326,25,True,True,4,0
gemini_sd_mm1q7kv4lcaisoa31,gemini,what is the Paris Agreement,,2026-02-25T07:48:10.653Z,0,0,False,False,0,0
gemini_sd_mm1q7kv4lcaisoa31,gemini,what is the circular economy,US,2026-02-25T07:43:12.430Z,422,24,True,True,10,0
gemini_sd_mm1q7kv4lcaisoa31,gemini,how does ocean acidification work,US,2026-02-25T07:43:17.243Z,465,31,True,True,11,0
gemini_sd_mm1q7kv4lcaisoa31,gemini,how to make your home more energy efficient,US,2026-02-25T07:43:22.285Z,457,35,True,True,6,0
gemini_sd_mm1q7kv4lcaisoa31,gemini,how does electric vehicle adoption affect emissions,US,2026-02-25T07:43:23.816Z,508,36,True,True,9,0
gemini_sd_mm1q7kv4lcaisoa31,gemini,how does wind energy work,US,2026-02-25T07:43:29.218Z,464,29,True,True,6,0
gemini_sd_mm1q7kv4lcaisoa31,gemini,what is environmental justice,US,2026-02-25T07:43:31.190Z,389,20,True,False,7,0
gemini_sd_mm1q7kv4lcaisoa31,gemini,what is greenwashing,US,2026-02-25T07:43:34.121Z,444,24,True,True,10,0
gemini_sd_mm1q7kv4lcaisoa31,gemini,what are the effects of microplastics on health,US,2026-02-25T07:45:01.051Z,439,33,True,True,16,0
gemini_sd_mm1q7kv4lcaisoa31,gemini,how does deforestation affect climate change,US,2026-02-25T07:45:05.881Z,471,29,True,True,12,0
gemini_sd_mm1q7lgv6y5y19971,gemini,what is the difference between renewable and nonrenewable energy,,2026-02-25T07:50:19.563Z,0,0,False,False,0,0
gemini_sd_mm1q7lgv6y5y19971,gemini,how does the US Supreme Court work,US,2026-02-25T07:43:15.648Z,473,38,True,True,9,0
gemini_sd_mm1q7lgv6y5y19971,gemini,how do coral reefs die,US,2026-02-25T07:43:15.729Z,471,31,True,True,15,0
gemini_sd_mm1q7lgv6y5y19971,gemini,how does ranked choice voting work,US,2026-02-25T07:43:21.073Z,329,31,True,True,5,0
gemini_sd_mm1q7lgv6y5y19971,gemini,what is lobbying and how does it affect politics,US,2026-02-25T07:43:22.421Z,479,25,True,False,12,0
gemini_sd_mm1q7lgv6y5y19971,gemini,what is gerrymandering,US,2026-02-25T07:43:22.487Z,382,24,True,False,7,0
gemini_sd_mm1q7lgv6y5y19971,gemini,what is net zero emissions,US,2026-02-25T07:43:23.459Z,393,23,True,True,6,0
gemini_sd_mm1q7lgv6y5y19971,gemini,how does NATO work,US,2026-02-25T07:43:37.062Z,605,40,True,True,17,0
gemini_sd_mm1q7lgv6y5y19971,gemini,what is the difference between the House and Senate,US,2026-02-25T07:44:52.262Z,437,24,True,True,5,0
gemini_sd_mm1q7lgv6y5y19971,gemini,how does sustainable agriculture work,US,2026-02-25T07:44:58.772Z,476,26,True,True,14,0
gemini_sd_mm1q7m141hdjiv7rsl,gemini,what is the difference between democracy and republic,US,2026-02-25T07:43:22.730Z,413,30,True,True,7,0
gemini_sd_mm1q7m141hdjiv7rsl,gemini,what is universal healthcare and how does it work,US,2026-02-25T07:43:24.912Z,528,36,True,True,13,0
gemini_sd_mm1q7m141hdjiv7rsl,gemini,what is the difference between foreign policy and domestic policy,US,2026-02-25T07:43:25.512Z,421,30,True,True,5,0
gemini_sd_mm1q7m141hdjiv7rsl,gemini,what is campaign finance reform,US,2026-02-25T07:43:25.640Z,448,23,True,True,5,0
gemini_sd_mm1q7m141hdjiv7rsl,gemini,what is political polarization,US,2026-02-25T07:43:29.108Z,403,28,True,False,8,0
gemini_sd_mm1q7m141hdjiv7rsl,gemini,how does the IMF work,US,2026-02-25T07:43:32.988Z,588,40,True,True,20,0
gemini_sd_mm1q7m141hdjiv7rsl,gemini,how does immigration policy work in the US,US,2026-02-25T07:43:43.340Z,573,49,True,True,10,0
gemini_sd_mm1q7m141hdjiv7rsl,gemini,how does the United Nations work,US,2026-02-25T07:44:12.217Z,539,46,True,False,20,0
gemini_sd_mm1q7m141hdjiv7rsl,gemini,how does the World Bank work,US,2026-02-25T07:44:44.567Z,532,36,True,True,9,0
gemini_sd_mm1q7m141hdjiv7rsl,gemini,how does a bill become a law in the US,US,2026-02-25T07:44:51.394Z,481,41,True,False,8,0
gemini_sd_mm1q7mll2cx47q7a5f,gemini,how do sanctions work in international relations,US,2026-02-25T07:43:10.943Z,496,40,True,True,9,0
gemini_sd_mm1q7mll2cx47q7a5f,gemini,how to stop doom scrolling,US,2026-02-25T07:43:15.152Z,468,38,True,True,4,0
gemini_sd_mm1q7mll2cx47q7a5f,gemini,best books on self improvement,US,2026-02-25T07:43:23.459Z,512,33,True,True,0,0
gemini_sd_mm1q7mll2cx47q7a5f,gemini,what are the benefits of journaling,US,2026-02-25T07:43:30.121Z,410,28,True,True,0,0
gemini_sd_mm1q7mll2cx47q7a5f,gemini,how to build better habits,US,2026-02-25T07:43:34.898Z,457,43,True,True,0,0
gemini_sd_mm1q7mll2cx47q7a5f,gemini,how to improve morning routine,US,2026-02-25T07:43:35.994Z,416,32,True,True,0,0
gemini_sd_mm1q7mll2cx47q7a5f,gemini,what is minimalism and how to practice it,US,2026-02-25T07:43:40.499Z,525,43,True,True,10,0
gemini_sd_mm1q7mll2cx47q7a5f,gemini,how to practice mindfulness for beginners,US,2026-02-25T07:43:41.163Z,421,33,True,True,0,0
gemini_sd_mm1q7mll2cx47q7a5f,gemini,what is the difference between left wing and right wing politics,US,2026-02-25T07:44:51.910Z,500,47,True,True,8,0
gemini_sd_mm1q7mll2cx47q7a5f,gemini,what is the KonMari method,US,2026-02-25T07:45:10.180Z,474,33,True,True,7,0
gemini_sd_mm1q7n5r2bm3tazpxc,gemini,how to break bad habits,US,2026-02-25T07:43:14.943Z,470,33,True,True,7,0
gemini_sd_mm1q7n5r2bm3tazpxc,gemini,what is the difference between introversion and shyness,US,2026-02-25T07:43:16.411Z,372,26,True,True,5,0
gemini_sd_mm1q7n5r2bm3tazpxc,gemini,what is digital minimalism,US,2026-02-25T07:43:19.653Z,375,20,True,True,8,0
gemini_sd_mm1q7n5r2bm3tazpxc,gemini,how to set boundaries in relationships,US,2026-02-25T07:43:23.878Z,522,36,True,True,5,0
gemini_sd_mm1q7n5r2bm3tazpxc,gemini,how to declutter your home,US,2026-02-25T07:43:24.822Z,498,40,True,True,0,0
gemini_sd_mm1q7n5r2bm3tazpxc,gemini,how to improve focus and concentration,US,2026-02-25T07:43:25.934Z,505,40,True,True,0,0
gemini_sd_mm1q7n5r2bm3tazpxc,gemini,how to create a capsule wardrobe,US,2026-02-25T07:43:26.314Z,448,29,True,True,0,0
gemini_sd_mm1q7n5r2bm3tazpxc,gemini,what are the best personal finance books,US,2026-02-25T07:43:32.472Z,615,40,True,True,0,0
gemini_sd_mm1q7n5r2bm3tazpxc,gemini,what are the benefits of gratitude practice,US,2026-02-25T07:43:47.156Z,482,33,True,True,0,0
gemini_sd_mm1q7n5r2bm3tazpxc,gemini,what are the benefits of cold showers,US,2026-02-25T07:43:54.249Z,450,23,True,True,0,0
grok_sd_mm14470t1e3f722p6l,grok,what are the symptoms of type 2 diabetes,,2026-02-24T21:24:02.048Z,296,12,True,False,30,0
grok_sd_mm14470t1e3f722p6l,grok,how to treat a sprained ankle at home,,2026-02-24T21:24:13.799Z,598,45,True,False,35,0
grok_sd_mm14470t1e3f722p6l,grok,how long does it take to learn Python,,2026-02-24T21:24:28.446Z,474,10,True,True,30,0
grok_sd_mm14470t1e3f722p6l,grok,how does compound interest work,,2026-02-24T21:24:29.930Z,590,25,True,True,20,0
grok_sd_mm14470t1e3f722p6l,grok,best cities to live in the United States,,2026-02-24T21:24:30.081Z,640,44,True,True,40,0
grok_sd_mm14470t1e3f722p6l,grok,how does a credit score work,,2026-02-24T21:25:05.292Z,589,42,True,False,35,0
grok_sd_mm14470t1e3f722p6l,grok,what is the difference between machine learning and deep learning,,2026-02-24T21:25:06.790Z,535,11,True,True,25,0
grok_sd_mm14470t1e3f722p6l,grok,what are the health benefits of intermittent fasting,,2026-02-24T21:25:17.458Z,482,27,True,False,45,0
grok_sd_mm14470t1e3f722p6l,grok,what causes inflation,,2026-02-24T21:26:38.953Z,486,25,True,False,35,0
grok_sd_mm14470t1e3f722p6l,grok,best programming languages to learn in 2024,,2026-02-24T21:28:40.954Z,700,36,True,True,50,0
grok_sd_mm1447kx9s2yyg3sr,grok,what is the FIRE movement,,2026-02-24T21:24:17.212Z,518,38,True,False,30,0
grok_sd_mm1447kx9s2yyg3sr,grok,symptoms of vitamin D deficiency,,2026-02-24T21:24:20.102Z,284,28,True,False,35,0
grok_sd_mm1447kx9s2yyg3sr,grok,how to start investing with little money,,2026-02-24T21:24:28.693Z,652,50,True,True,40,0
grok_sd_mm1447kx9s2yyg3sr,grok,how to negotiate a salary,,2026-02-24T21:24:38.951Z,961,57,True,True,30,0
grok_sd_mm1447kx9s2yyg3sr,grok,explain blockchain technology,,2026-02-24T21:24:43.592Z,690,22,True,True,30,0
grok_sd_mm1447kx9s2yyg3sr,grok,what are the best programming languages for AI,,2026-02-24T21:24:58.261Z,657,11,True,True,40,0
grok_sd_mm1447kx9s2yyg3sr,grok,how does the stock market work,,2026-02-24T21:25:06.298Z,635,54,True,False,30,0
grok_sd_mm1447kx9s2yyg3sr,grok,what is the difference between a Roth IRA and traditional IRA,,2026-02-24T21:25:26.609Z,534,20,True,True,35,0
grok_sd_mm1447kx9s2yyg3sr,grok,what is the Mediterranean diet,,2026-02-24T21:25:47.198Z,513,77,True,False,30,0
grok_sd_mm1447kx9s2yyg3sr,grok,what is quantum computing,,2026-02-24T21:28:36.866Z,617,26,True,True,30,0
grok_sd_mm14485m7a9kn7jfe,grok,what is DevOps,,2026-02-24T21:24:11.291Z,593,24,True,True,30,0
grok_sd_mm14485m7a9kn7jfe,grok,how to write a cover letter,,2026-02-24T21:24:17.327Z,622,28,True,True,30,0
grok_sd_mm14485m7a9kn7jfe,grok,what is the difference between SQL and NoSQL,,2026-02-24T21:24:18.824Z,545,6,True,True,30,0
grok_sd_mm14485m7a9kn7jfe,grok,best practices for remote work productivity,,2026-02-24T21:24:19.509Z,611,48,True,True,35,0
grok_sd_mm14485m7a9kn7jfe,grok,how does the immune system work,,2026-02-24T21:24:33.652Z,639,55,True,False,25,0
grok_sd_mm14485m7a9kn7jfe,grok,what foods are high in protein,,2026-02-24T21:24:52.978Z,409,53,True,False,30,0
grok_sd_mm14485m7a9kn7jfe,grok,what are the causes of climate change,,2026-02-24T21:25:08.073Z,553,31,True,True,30,0
grok_sd_mm14485m7a9kn7jfe,grok,how to improve credit score fast,,2026-02-24T21:25:19.670Z,606,42,True,False,35,0
grok_sd_mm14485m7a9kn7jfe,grok,how does photosynthesis work,,2026-02-24T21:25:19.736Z,532,68,True,False,20,0
grok_sd_mm14485m7a9kn7jfe,grok,what is a 401k plan,,2026-02-24T21:27:11.884Z,469,26,True,False,25,0
grok_sd_mm1448pc27ydas65s8,grok,how does CRISPR gene editing work,,2026-02-24T21:24:16.565Z,645,39,True,False,25,0
grok_sd_mm1448pc27ydas65s8,grok,what is content marketing,,2026-02-24T21:24:31.897Z,425,9,True,True,25,0
grok_sd_mm1448pc27ydas65s8,grok,what is search engine optimization,,2026-02-24T21:24:47.724Z,512,20,True,True,30,0
grok_sd_mm1448pc27ydas65s8,grok,best ways to learn a new language,,2026-02-24T21:25:18.856Z,640,44,True,True,40,0
grok_sd_mm1448pc27ydas65s8,grok,how to lower blood pressure naturally,,2026-02-24T21:25:43.976Z,658,55,True,False,35,0
grok_sd_mm1448pc27ydas65s8,grok,what are the benefits of meditation,,2026-02-24T21:25:44.298Z,478,25,True,False,35,0
grok_sd_mm1448pc27ydas65s8,grok,how to start a podcast,,2026-02-24T21:25:53.374Z,790,61,True,False,35,0
grok_sd_mm1448pc27ydas65s8,grok,what is the gig economy,,2026-02-24T21:27:08.312Z,490,21,True,True,35,0
grok_sd_mm1448pc27ydas65s8,grok,how does electric car battery work,,2026-02-24T21:27:29.068Z,609,33,True,True,30,0
grok_sd_mm1448pc27ydas65s8,grok,what are the best passive income ideas,,2026-02-24T21:27:58.749Z,671,59,True,True,55,0
grok_sd_mm1449a62em71kiqxf,grok,how does a VPN work,,2026-02-24T21:24:23.977Z,626,28,True,True,30,0
grok_sd_mm1449a62em71kiqxf,grok,best ways to reduce stress,,2026-02-24T21:24:33.373Z,512,45,True,False,40,0
grok_sd_mm1449a62em71kiqxf,grok,what are the symptoms of anxiety disorder,,2026-02-24T21:24:39.923Z,312,12,True,False,35,0
grok_sd_mm1449a62em71kiqxf,grok,what is the difference between HTTP and HTTPS,,2026-02-24T21:24:55.915Z,471,16,True,True,30,0
grok_sd_mm1449a62em71kiqxf,grok,how to create a budget,,2026-02-24T21:25:12.627Z,832,36,True,True,30,0
grok_sd_mm1449a62em71kiqxf,grok,how to write a business plan,,2026-02-24T21:25:27.484Z,804,55,True,True,30,0
grok_sd_mm1449a62em71kiqxf,grok,what is project management methodology,,2026-02-24T21:25:41.844Z,650,12,True,True,25,0
grok_sd_mm1449a62em71kiqxf,grok,how does the federal reserve work,,2026-02-24T21:25:51.122Z,760,42,True,False,35,0
grok_sd_mm1449a62em71kiqxf,grok,how to improve public speaking skills,,2026-02-24T21:29:04.462Z,698,49,True,True,35,0
grok_sd_mm1449a62em71kiqxf,grok,what is the difference between affect and effect,,2026-02-24T21:29:08.046Z,339,20,True,False,30,0
grok_sd_mm1449un1ub0s7oklu,grok,what is cloud computing,,2026-02-24T21:24:15.983Z,381,8,True,True,30,0
grok_sd_mm1449un1ub0s7oklu,grok,how does mortgage work,,2026-02-24T21:24:19.797Z,578,30,True,False,25,0
grok_sd_mm1449un1ub0s7oklu,grok,what is the Pomodoro technique,,2026-02-24T21:24:38.221Z,426,27,True,False,30,0
grok_sd_mm1449un1ub0s7oklu,grok,best exercises for weight loss,,2026-02-24T21:24:38.550Z,642,37,True,True,40,0
grok_sd_mm1449un1ub0s7oklu,grok,what is UX design,,2026-02-24T21:24:51.417Z,450,18,True,True,25,0
grok_sd_mm1449un1ub0s7oklu,grok,how does artificial intelligence work,,2026-02-24T21:24:56.375Z,756,35,True,True,30,0
grok_sd_mm1449un1ub0s7oklu,grok,what is the difference between type 1 and type 2 diabetes,,2026-02-24T21:25:27.759Z,475,35,False,True,40,0
grok_sd_mm1449un1ub0s7oklu,grok,how to save money on groceries,,2026-02-24T21:27:25.144Z,509,58,True,False,45,0
grok_sd_mm1449un1ub0s7oklu,grok,what are the best productivity apps,,2026-02-24T21:27:33.628Z,499,36,True,False,50,0
grok_sd_mm1449un1ub0s7oklu,grok,how to start a side hustle,,2026-02-24T21:29:37.485Z,794,29,True,True,40,0
grok_sd_mm144afk180ek35f7s,grok,what are the causes of insomnia,,2026-02-24T21:24:05.260Z,546,54,True,False,35,0
grok_sd_mm144afk180ek35f7s,grok,how does the human brain work,,2026-02-24T21:24:09.326Z,729,24,True,False,40,0
grok_sd_mm144afk180ek35f7s,grok,how to write a resume with no experience,,2026-02-24T21:24:10.835Z,816,37,True,True,30,0
grok_sd_mm144afk180ek35f7s,grok,best ways to learn programming,,2026-02-24T21:24:24.164Z,731,18,True,True,30,0
grok_sd_mm144afk180ek35f7s,grok,how does inflation affect the economy,,2026-02-24T21:24:37.532Z,644,21,True,True,30,0
grok_sd_mm144afk180ek35f7s,grok,how to reduce carbon footprint,,2026-02-24T21:25:13.005Z,563,33,True,False,35,0
grok_sd_mm144afk180ek35f7s,grok,how does DNA testing work,,2026-02-24T21:25:33.777Z,639,54,True,False,35,0
grok_sd_mm144afk180ek35f7s,grok,what are the best foods for gut health,,2026-02-24T21:25:46.259Z,509,36,True,False,40,0
grok_sd_mm144afk180ek35f7s,grok,what is agile methodology,,2026-02-24T21:26:08.858Z,659,27,True,True,40,0
grok_sd_mm144afk180ek35f7s,grok,what is the difference between a virus and bacteria,,2026-02-24T21:29:26.157Z,449,15,True,True,25,0
grok_sd_mm144azw18f3a2ton9,grok,how does GPS work,,2026-02-24T21:30:47.056Z,0,0,False,False,0,0
grok_sd_mm144azw18f3a2ton9,grok,how to read a nutrition label,,2026-02-24T21:31:00.678Z,0,0,False,False,0,0
grok_sd_mm144azw18f3a2ton9,grok,what is supply chain management,,2026-02-24T21:24:07.605Z,432,17,True,False,25,0
grok_sd_mm144azw18f3a2ton9,grok,how to set SMART goals,,2026-02-24T21:24:11.624Z,708,60,True,False,30,0
grok_sd_mm144azw18f3a2ton9,grok,how does the electoral college work,,2026-02-24T21:24:22.013Z,563,47,True,False,30,0
grok_sd_mm144azw18f3a2ton9,grok,what is the difference between socialism and capitalism,,2026-02-24T21:24:23.635Z,566,11,True,True,25,0
grok_sd_mm144azw18f3a2ton9,grok,what is cryptocurrency mining,,2026-02-24T21:24:37.146Z,608,38,True,True,30,0
grok_sd_mm144azw18f3a2ton9,grok,what are the benefits of exercise,,2026-02-24T21:24:47.072Z,393,12,True,False,30,0
grok_sd_mm144azw18f3a2ton9,grok,what is technical SEO,,2026-02-24T21:26:24.729Z,655,23,True,True,35,0
grok_sd_mm144azw18f3a2ton9,grok,best ways to improve sleep quality,,2026-02-24T21:28:11.786Z,601,39,True,False,35,0
grok_sd_mm144bku1inkmns7y6,grok,what are the symptoms of depression,,2026-02-24T21:24:21.248Z,441,27,True,False,40,0
grok_sd_mm144bku1inkmns7y6,grok,what is behavioral economics,,2026-02-24T21:24:35.955Z,501,25,True,False,25,0
grok_sd_mm144bku1inkmns7y6,grok,how to improve your credit score,,2026-02-24T21:24:53.109Z,787,55,True,True,35,0
grok_sd_mm144bku1inkmns7y6,grok,how does stem cell therapy work,,2026-02-24T21:24:57.773Z,612,43,True,False,40,0
grok_sd_mm144bku1inkmns7y6,grok,how to build an emergency fund,,2026-02-24T21:24:59.221Z,647,47,True,True,30,0
grok_sd_mm144bku1inkmns7y6,grok,best ways to stay motivated,,2026-02-24T21:25:08.362Z,540,58,True,False,40,0
grok_sd_mm144bku1inkmns7y6,grok,how does a search engine work,,2026-02-24T21:25:21.042Z,650,20,True,True,30,0
grok_sd_mm144bku1inkmns7y6,grok,how to prepare for a job interview,,2026-02-24T21:26:43.837Z,707,31,True,True,30,0
grok_sd_mm144bku1inkmns7y6,grok,what is the difference between a trademark and a patent,,2026-02-24T21:28:07.016Z,470,35,True,True,25,0
grok_sd_mm144bku1inkmns7y6,grok,what is the difference between introvert and extrovert,,2026-02-24T21:28:13.952Z,497,22,True,True,30,0
grok_sd_mm144c6k23elv1stga,grok,how to overcome procrastination,,2026-02-24T21:24:10.996Z,619,33,True,False,30,0
grok_sd_mm144c6k23elv1stga,grok,what are the best investment strategies for beginners,,2026-02-24T21:24:19.740Z,666,57,True,True,35,0
grok_sd_mm144c6k23elv1stga,grok,what is the difference between manager and leader,,2026-02-24T21:24:22.458Z,572,15,True,True,30,0
grok_sd_mm144c6k23elv1stga,grok,what is the difference between coaching and mentoring,,2026-02-24T21:24:32.043Z,440,10,True,True,25,0
grok_sd_mm144c6k23elv1stga,grok,what are the benefits of reading books,,2026-02-24T21:24:32.047Z,485,35,True,False,35,0
grok_sd_mm144c6k23elv1stga,grok,how to deal with imposter syndrome,,2026-02-24T21:25:05.451Z,723,44,True,False,30,0
grok_sd_mm144c6k23elv1stga,grok,how does social media algorithm work,,2026-02-24T21:26:20.430Z,746,52,True,True,35,0
grok_sd_mm144c6k23elv1stga,grok,what are the best ways to network professionally,,2026-02-24T21:26:28.625Z,650,47,True,True,35,0
grok_sd_mm144c6k23elv1stga,grok,how does a mutual fund work,,2026-02-24T21:27:13.708Z,628,43,True,True,25,0
grok_sd_mm1s7wlj1lxs3r6nfo,grok,symptoms of thyroid problems in women,,2026-02-25T08:38:37.549Z,326,11,True,False,50,0
grok_sd_mm1s7wlj1lxs3r6nfo,grok,what is the DASH diet,,2026-02-25T08:38:42.354Z,417,15,True,False,31,0
grok_sd_mm1s7wlj1lxs3r6nfo,grok,how to prevent type 2 diabetes,,2026-02-25T08:39:21.698Z,637,43,True,True,35,0
grok_sd_mm1s7wlj1lxs3r6nfo,grok,how to lower cholesterol naturally,,2026-02-25T08:41:58.923Z,496,37,True,False,35,0
grok_sd_mm1s7wlj1lxs3r6nfo,grok,what causes high blood pressure,,2026-02-25T08:42:42.411Z,457,39,True,False,30,0
grok_sd_mm1s7wlj1lxs3r6nfo,grok,what is the difference between HDL and LDL cholesterol,,2026-02-25T08:43:48.962Z,344,11,True,True,30,0
grok_sd_mm1s7wlj1lxs3r6nfo,grok,what are the benefits of omega-3 fatty acids,,2026-02-25T08:44:55.199Z,526,41,True,False,45,0
grok_sd_mm1s7wlj1lxs3r6nfo,grok,how does the lymphatic system work,,2026-02-25T08:46:26.836Z,563,74,True,True,30,0
grok_sd_mm1s7wlj1lxs3r6nfo,grok,symptoms of kidney disease,,2026-02-25T08:47:10.679Z,420,21,True,False,35,0
grok_sd_mm1s7wlj1lxs3r6nfo,grok,how does the digestive system work,,2026-02-25T08:48:10.846Z,688,67,True,True,25,0
grok_sd_mm1s7xd3103ii11fdj,grok,what are the signs of a heart attack,,2026-02-25T08:39:28.486Z,392,17,True,False,30,0
grok_sd_mm1s7xd3103ii11fdj,grok,how does chemotherapy work,,2026-02-25T08:40:15.012Z,498,32,True,False,35,0
grok_sd_mm1s7xd3103ii11fdj,grok,best foods to eat for heart health,,2026-02-25T08:41:11.164Z,433,35,True,False,40,0
grok_sd_mm1s7xd3103ii11fdj,grok,how to boost immune system naturally,,2026-02-25T08:41:56.608Z,473,41,True,False,40,0
grok_sd_mm1s7xd3103ii11fdj,grok,how long does it take to see results from exercise,,2026-02-25T08:43:56.692Z,457,51,True,False,40,0
grok_sd_mm1s7xd3103ii11fdj,grok,what is the difference between Alzheimer and dementia,,2026-02-25T08:45:08.567Z,376,15,True,True,30,0
grok_sd_mm1s7xd3103ii11fdj,grok,what is rheumatoid arthritis,,2026-02-25T08:46:15.934Z,567,79,True,False,30,0
grok_sd_mm1s7xd3103ii11fdj,grok,what causes migraines,,2026-02-25T08:47:08.104Z,396,17,True,False,35,0
grok_sd_mm1s7xd3103ii11fdj,grok,how to manage chronic pain,,2026-02-25T08:48:05.464Z,616,61,True,False,40,0
grok_sd_mm1s7xd3103ii11fdj,grok,what are symptoms of iron deficiency,,2026-02-25T08:49:08.900Z,332,27,True,False,35,0
grok_sd_mm1s7xy8ubu9has9o,grok,how does insulin work in the body,,2026-02-25T08:39:31.422Z,475,43,True,False,25,0
grok_sd_mm1s7xy8ubu9has9o,grok,what is the difference between a cold and the flu,,2026-02-25T08:39:48.840Z,552,26,True,True,30,0
grok_sd_mm1s7xy8ubu9has9o,grok,what causes autoimmune diseases,,2026-02-25T08:44:31.639Z,460,37,True,False,40,0
grok_sd_mm1s7xy8ubu9has9o,grok,what is PCOS and how to treat it,,2026-02-25T08:47:01.916Z,651,53,True,False,35,0
grok_sd_mm1s7xy8ubu9has9o,grok,how does the respiratory system work,,2026-02-25T08:49:28.265Z,630,77,True,False,20,0
grok_sd_mm1s7xy8ubu9has9o,grok,symptoms of sleep apnea,,2026-02-25T08:51:49.753Z,356,31,True,False,40,0
grok_sd_mm1s7xy8ubu9has9o,grok,how to improve gut microbiome,,2026-02-25T08:54:38.078Z,643,45,True,True,40,0
grok_sd_mm1s7xy8ubu9has9o,grok,what foods to avoid with high cholesterol,,2026-02-25T08:55:09.783Z,523,28,True,True,35,0
grok_sd_mm1s7xy8ubu9has9o,grok,how to recover from a torn ACL,,2026-02-25T08:55:41.999Z,649,50,True,False,45,0
grok_sd_mm1s7xy8ubu9has9o,grok,what is the difference between Python and JavaScript,,2026-02-25T08:56:25.812Z,594,15,True,True,30,0
grok_sd_mm1s7yjw17emvc16w5,grok,what is Kubernetes,,2026-02-25T08:40:04.226Z,523,16,True,True,30,0
grok_sd_mm1s7yjw17emvc16w5,grok,how does public key cryptography work,,2026-02-25T08:40:39.643Z,755,26,True,True,20,0
grok_sd_mm1s7yjw17emvc16w5,grok,how does a compiler work,,2026-02-25T08:42:21.207Z,766,46,True,True,25,0
grok_sd_mm1s7yjw17emvc16w5,grok,what is the difference between TCP and UDP,,2026-02-25T08:44:50.190Z,469,12,True,True,30,0
grok_sd_mm1s7yjw17emvc16w5,grok,how does a neural network work,,2026-02-25T08:48:19.138Z,709,73,True,True,20,0
grok_sd_mm1s7yjw17emvc16w5,grok,best practices for API design,,2026-02-25T08:49:20.534Z,663,38,True,True,30,0
grok_sd_mm1s7yjw17emvc16w5,grok,what is the difference between REST and GraphQL,,2026-02-25T08:52:07.374Z,627,22,True,True,30,0
grok_sd_mm1s7yjw17emvc16w5,grok,how does garbage collection work in programming,,2026-02-25T08:54:19.936Z,731,18,True,True,30,0
grok_sd_mm1s7yjw17emvc16w5,grok,what is a large language model,,2026-02-25T08:56:29.040Z,451,18,True,True,30,0
grok_sd_mm1s7yjw17emvc16w5,grok,what is Docker and how does it work,,2026-02-25T08:57:02.359Z,539,29,True,True,30,0
grok_sd_mm1s7z3dhsn0tlk17,grok,what is the difference between monolith and microservices,,2026-02-25T08:41:16.269Z,564,13,True,True,30,0
grok_sd_mm1s7z3dhsn0tlk17,grok,how does React state management work,,2026-02-25T08:42:07.572Z,1044,47,True,True,30,0
grok_sd_mm1s7z3dhsn0tlk17,grok,what is CI/CD pipeline,,2026-02-25T08:43:05.104Z,492,18,True,True,25,0
grok_sd_mm1s7z3dhsn0tlk17,grok,how does HTTPS encryption work,,2026-02-25T08:45:30.049Z,703,28,True,True,30,0
grok_sd_mm1s7z3dhsn0tlk17,grok,how does rate limiting work in APIs,,2026-02-25T08:48:14.094Z,795,37,True,True,30,0
grok_sd_mm1s7z3dhsn0tlk17,grok,what is the difference between SQL JOIN types,,2026-02-25T08:49:20.555Z,560,18,True,True,20,0
grok_sd_mm1s7z3dhsn0tlk17,grok,best practices for database indexing,,2026-02-25T08:51:11.574Z,770,41,True,True,30,0
grok_sd_mm1s7z3dhsn0tlk17,grok,what is serverless computing,,2026-02-25T08:52:13.112Z,510,14,True,True,25,0
grok_sd_mm1s7z3dhsn0tlk17,grok,how does OAuth 2.0 work,,2026-02-25T08:53:54.895Z,799,37,True,True,30,0
grok_sd_mm1s7z3dhsn0tlk17,grok,what is WebAssembly,,2026-02-25T08:57:14.600Z,577,21,True,True,40,0
grok_sd_mm1s7zo41sp6ot1bq3,grok,how does a hash table work,,2026-02-25T08:40:59.070Z,761,31,True,True,25,0
grok_sd_mm1s7zo41sp6ot1bq3,grok,best practices for web security,,2026-02-25T08:42:03.700Z,823,79,True,True,30,0
grok_sd_mm1s7zo41sp6ot1bq3,grok,how does load balancing work,,2026-02-25T08:45:24.528Z,790,30,True,True,30,0
grok_sd_mm1s7zo41sp6ot1bq3,grok,how does browser rendering work,,2026-02-25T08:46:20.773Z,711,35,True,True,30,0
grok_sd_mm1s7zo41sp6ot1bq3,grok,what is the difference between stack and heap memory,,2026-02-25T08:47:15.289Z,513,12,True,True,30,0
grok_sd_mm1s7zo41sp6ot1bq3,grok,what is the difference between SSD and HDD,,2026-02-25T08:50:15.494Z,540,5,True,True,30,0
grok_sd_mm1s7zo41sp6ot1bq3,grok,what is TypeScript and why use it,,2026-02-25T08:52:55.986Z,550,53,True,True,25,0
grok_sd_mm1s7zo41sp6ot1bq3,grok,how does Redis caching work,,2026-02-25T08:56:00.180Z,745,40,True,True,25,0
grok_sd_mm1s7zo41sp6ot1bq3,grok,what is machine learning overfitting,,2026-02-25T08:56:37.101Z,439,14,True,True,30,0
grok_sd_mm1s7zo41sp6ot1bq3,grok,how does term life insurance work,,2026-02-25T08:57:43.277Z,557,36,True,True,30,0
grok_sd_mm1s808d2jdnufjqpu,grok,what is the difference between stocks and bonds,,2026-02-25T08:40:43.508Z,531,29,True,True,25,0
grok_sd_mm1s808d2jdnufjqpu,grok,how does index fund investing work,,2026-02-25T08:41:33.378Z,735,47,True,True,25,0
grok_sd_mm1s808d2jdnufjqpu,grok,what is a good debt-to-income ratio,,2026-02-25T08:42:09.544Z,463,27,True,False,40,0
grok_sd_mm1s808d2jdnufjqpu,grok,how to pay off student loans faster,,2026-02-25T08:43:25.012Z,718,60,True,False,40,0
grok_sd_mm1s808d2jdnufjqpu,grok,what is dollar cost averaging,,2026-02-25T08:50:56.741Z,449,21,True,True,30,0
grok_sd_mm1s808d2jdnufjqpu,grok,how to calculate net worth,,2026-02-25T08:51:40.699Z,541,18,True,False,30,0
grok_sd_mm1s808d2jdnufjqpu,grok,what is a home equity loan vs HELOC,,2026-02-25T08:53:34.687Z,489,30,True,True,30,0
grok_sd_mm1s808d2jdnufjqpu,grok,how does capital gains tax work,,2026-02-25T08:54:58.242Z,689,46,True,True,35,0
grok_sd_mm1s808d2jdnufjqpu,grok,how does a health savings account work,,2026-02-25T08:56:10.615Z,586,37,True,True,35,0
grok_sd_mm1s808d2jdnufjqpu,grok,what is the difference between chapter 7 and chapter 13 bankruptcy,,2026-02-25T08:57:41.799Z,597,47,True,False,35,0
grok_sd_mm1s80sd2pbec0hga5,grok,what is an ETF and how does it work,,2026-02-25T08:39:26.409Z,708,44,True,True,25,0
grok_sd_mm1s80sd2pbec0hga5,grok,how to save for retirement in your 30s,,2026-02-25T08:40:04.671Z,734,53,True,False,35,0
grok_sd_mm1s80sd2pbec0hga5,grok,what is the 4 percent rule for retirement,,2026-02-25T08:42:36.901Z,625,43,True,False,40,0
grok_sd_mm1s80sd2pbec0hga5,grok,how to invest in real estate with little money,,2026-02-25T08:43:32.872Z,870,58,True,True,40,0
grok_sd_mm1s80sd2pbec0hga5,grok,how does margin trading work,,2026-02-25T08:45:32.057Z,709,34,True,True,25,0
grok_sd_mm1s80sd2pbec0hga5,grok,what is private mortgage insurance,,2026-02-25T08:46:20.254Z,348,17,True,False,30,0
grok_sd_mm1s80sd2pbec0hga5,grok,what is an adjustable rate mortgage,,2026-02-25T08:48:37.056Z,510,37,True,True,25,0
grok_sd_mm1s80sd2pbec0hga5,grok,how does a balance transfer work,,2026-02-25T08:49:38.996Z,613,45,True,False,35,0
grok_sd_mm1s80sd2pbec0hga5,grok,how to create a debt snowball plan,,2026-02-25T08:56:50.594Z,615,44,True,False,25,0
grok_sd_mm1s80sd2pbec0hga5,grok,what are tax deductions vs tax credits,,2026-02-25T08:57:09.223Z,405,25,True,True,30,0
grok_sd_mm1s81bz20mps68x7v,grok,how does Social Security work,,2026-02-25T08:42:51.004Z,652,48,True,False,35,0
grok_sd_mm1s81bz20mps68x7v,grok,what causes stock market crashes,,2026-02-25T08:43:39.659Z,613,40,True,True,35,0
grok_sd_mm1s81bz20mps68x7v,grok,how does options trading work,,2026-02-25T08:47:13.646Z,860,23,True,True,25,0
grok_sd_mm1s81bz20mps68x7v,grok,what is the difference between gross and net income,,2026-02-25T08:48:10.489Z,467,26,True,True,30,0
grok_sd_mm1s81bz20mps68x7v,grok,how to negotiate a lower interest rate on credit card,,2026-02-25T08:49:24.681Z,607,46,True,False,35,0
grok_sd_mm1s81bz20mps68x7v,grok,what is a target date fund,,2026-02-25T08:50:00.068Z,422,23,True,False,30,0
grok_sd_mm1s81bz20mps68x7v,grok,what is a fiduciary financial advisor,,2026-02-25T08:52:44.189Z,478,19,True,True,30,0
grok_sd_mm1s81bz20mps68x7v,grok,how to build wealth in your 20s,,2026-02-25T08:54:12.564Z,772,48,True,True,35,0
grok_sd_mm1s81bz20mps68x7v,grok,what is a dividend reinvestment plan,,2026-02-25T08:54:55.079Z,456,29,True,False,30,0
grok_sd_mm1s81bz20mps68x7v,grok,how does real estate appreciation work,,2026-02-25T08:57:14.975Z,561,25,True,False,35,0
grok_sd_mm1s81w0guu6pw5gx,grok,how to file taxes for the first time,,2026-02-25T08:40:05.685Z,775,77,True,False,45,0
grok_sd_mm1s81w0guu6pw5gx,grok,how to ask for a promotion,,2026-02-25T08:42:13.340Z,878,58,True,True,30,0
grok_sd_mm1s81w0guu6pw5gx,grok,what is emotional intelligence in the workplace,,2026-02-25T08:43:19.134Z,490,28,True,False,25,0
grok_sd_mm1s81w0guu6pw5gx,grok,what is umbrella insurance,,2026-02-25T08:47:11.793Z,524,28,True,False,35,0
grok_sd_mm1s81w0guu6pw5gx,grok,how does peer to peer lending work,,2026-02-25T08:47:44.081Z,620,51,True,False,30,0
grok_sd_mm1s81w0guu6pw5gx,grok,what are the best remote work jobs,,2026-02-25T08:48:53.651Z,494,39,True,False,55,0
grok_sd_mm1s81w0guu6pw5gx,grok,what is the difference between active and passive investing,,2026-02-25T08:49:44.024Z,594,40,True,True,25,0
grok_sd_mm1s81w0guu6pw5gx,grok,how to deal with a difficult coworker,,2026-02-25T08:51:51.529Z,728,49,True,True,30,0
grok_sd_mm1s81w0guu6pw5gx,grok,how to transition careers without experience,,2026-02-25T08:52:23.285Z,877,31,True,True,35,0
grok_sd_mm1s81w0guu6pw5gx,grok,what is the difference between hard skills and soft skills,,2026-02-25T08:53:02.510Z,396,4,True,True,30,0
grok_sd_mm1s82gj1gw45jczgh,grok,how to negotiate a job offer,,2026-02-25T08:53:59.830Z,0,0,False,False,0,0
grok_sd_mm1s82gj1gw45jczgh,grok,what is a performance improvement plan,,2026-02-25T08:39:55.392Z,375,9,True,False,40,0
grok_sd_mm1s82gj1gw45jczgh,grok,how to deal with burnout at work,,2026-02-25T08:40:25.716Z,646,44,True,False,35,0
grok_sd_mm1s82gj1gw45jczgh,grok,how to become a project manager,,2026-02-25T08:42:07.890Z,798,22,True,True,30,0
grok_sd_mm1s82gj1gw45jczgh,grok,what is the difference between a resume and a CV,,2026-02-25T08:43:10.396Z,436,15,True,True,25,0
grok_sd_mm1s82gj1gw45jczgh,grok,what is work-life balance and how to achieve it,,2026-02-25T08:44:24.838Z,686,27,True,True,30,0
grok_sd_mm1s82gj1gw45jczgh,grok,what are the best high paying jobs without a degree,,2026-02-25T08:46:15.852Z,439,52,True,False,55,0
grok_sd_mm1s82gj1gw45jczgh,grok,how to build a personal brand on LinkedIn,,2026-02-25T08:53:14.917Z,721,26,True,False,40,0
grok_sd_mm1s82gj1gw45jczgh,grok,what is the best way to find a job in 2024,,2026-02-25T08:55:32.928Z,565,51,True,True,45,0
grok_sd_mm1s82gj1gw45jczgh,grok,how to become a UX designer with no experience,,2026-02-25T08:56:35.245Z,876,48,True,True,40,0
grok_sd_mm1s831x1kv0znglis,grok,how to handle a layoff,,2026-02-25T08:40:52.200Z,806,50,True,True,30,0
grok_sd_mm1s831x1kv0znglis,grok,how to become a data scientist,,2026-02-25T08:42:09.873Z,956,30,True,True,30,0
grok_sd_mm1s831x1kv0znglis,grok,what is upskilling and why does it matter,,2026-02-25T08:43:21.166Z,465,25,True,False,35,0
grok_sd_mm1s831x1kv0znglis,grok,what is the gig economy and is it worth it,,2026-02-25T08:43:39.848Z,677,47,True,False,40,0
grok_sd_mm1s831x1kv0znglis,grok,how to get a job at a top tech company,,2026-02-25T08:44:05.137Z,785,67,True,False,35,0
grok_sd_mm1s831x1kv0znglis,grok,how to write a LinkedIn profile summary,,2026-02-25T08:50:50.586Z,530,37,True,False,30,0
grok_sd_mm1s831x1kv0znglis,grok,what makes a good manager,,2026-02-25T08:52:31.400Z,597,33,True,True,35,0
grok_sd_mm1s831x1kv0znglis,grok,what skills do employers look for most,,2026-02-25T08:54:31.054Z,420,37,True,False,40,0
grok_sd_mm1s831x1kv0znglis,grok,how to give constructive feedback at work,,2026-02-25T08:56:04.010Z,771,62,True,True,25,0
grok_sd_mm1s831x1kv0znglis,grok,what is a side hustle and how to start one,,2026-02-25T08:56:46.258Z,694,29,True,False,40,0
grok_sd_mm1s83mk20bf52bdsd,grok,best certifications for career advancement in tech,,2026-02-25T08:39:54.837Z,585,39,True,False,55,0
grok_sd_mm1s83mk20bf52bdsd,grok,how to become a freelancer,,2026-02-25T08:46:21.320Z,901,28,True,True,30,0
grok_sd_mm1s83mk20bf52bdsd,grok,how to build confidence at work,,2026-02-25T08:47:18.579Z,564,48,True,False,35,0
grok_sd_mm1s83mk20bf52bdsd,grok,what is organizational culture,,2026-02-25T08:48:23.872Z,537,16,True,True,35,0
grok_sd_mm1s83mk20bf52bdsd,grok,what are the benefits of mentorship,,2026-02-25T08:50:22.304Z,461,31,True,False,35,0
grok_sd_mm1s83mk20bf52bdsd,grok,how to create a 5-year career plan,,2026-02-25T08:51:10.505Z,854,39,True,True,25,0
grok_sd_mm1s83mk20bf52bdsd,grok,how to improve time management skills,,2026-02-25T08:55:58.947Z,714,26,True,True,40,0
grok_sd_mm1s83mk20bf52bdsd,grok,what is professional development,,2026-02-25T08:59:35.654Z,371,10,True,False,30,0
grok_sd_mm1s83mk20bf52bdsd,grok,what is the difference between leadership and management,,2026-02-25T08:59:47.222Z,523,25,True,True,30,0
grok_sd_mm1s83mk20bf52bdsd,grok,how to network when you are introverted,,2026-02-25T09:00:52.223Z,668,29,True,False,30,0
grok_sd_mm1s8472o0gtdow0y,grok,best places to visit in Europe on a budget,,2026-02-25T08:40:27.546Z,466,47,True,False,55,0
grok_sd_mm1s8472o0gtdow0y,grok,how to travel cheaply around the world,,2026-02-25T08:41:04.042Z,636,64,True,False,55,0
grok_sd_mm1s8472o0gtdow0y,grok,best countries for digital nomads,,2026-02-25T08:45:39.174Z,577,39,True,True,50,0
grok_sd_mm1s8472o0gtdow0y,grok,how to ace a technical interview,,2026-02-25T08:46:23.476Z,1008,42,True,True,30,0
grok_sd_mm1s8472o0gtdow0y,grok,best travel insurance companies,,2026-02-25T08:48:21.909Z,423,43,True,False,65,0
grok_sd_mm1s8472o0gtdow0y,grok,how to avoid jet lag,,2026-02-25T08:49:11.081Z,764,52,True,True,40,0
grok_sd_mm1s8472o0gtdow0y,grok,what documents do you need to travel internationally,,2026-02-25T08:50:11.903Z,567,60,True,False,45,0
grok_sd_mm1s8472o0gtdow0y,grok,what is travel hacking with credit card points,,2026-02-25T08:52:53.948Z,528,42,True,False,35,0
grok_sd_mm1s8472o0gtdow0y,grok,how to stay safe when traveling alone,,2026-02-25T08:55:23.714Z,677,53,True,False,35,0
grok_sd_mm1s8472o0gtdow0y,grok,what is the difference between visa types,,2026-02-25T08:57:48.277Z,574,49,True,True,40,0
grok_sd_mm1s84r31nmw5teo3,grok,best carry on luggage for frequent flyers,,2026-02-25T08:39:15.183Z,607,36,True,False,55,0
grok_sd_mm1s84r31nmw5teo3,grok,best time to visit Japan,,2026-02-25T08:41:18.873Z,525,34,True,True,35,0
grok_sd_mm1s84r31nmw5teo3,grok,what to do if your passport is stolen abroad,,2026-02-25T08:41:19.528Z,527,63,True,False,45,0
grok_sd_mm1s84r31nmw5teo3,grok,how does travel rewards credit card work,,2026-02-25T08:42:08.103Z,639,58,True,False,35,0
grok_sd_mm1s84r31nmw5teo3,grok,what vaccinations do you need for international travel,,2026-02-25T08:43:00.121Z,546,61,True,False,40,0
grok_sd_mm1s84r31nmw5teo3,grok,best apps for traveling internationally,,2026-02-25T08:44:12.128Z,442,35,True,False,45,0
grok_sd_mm1s84r31nmw5teo3,grok,how to find cheap flights,,2026-02-25T08:52:39.413Z,676,66,True,False,40,0
grok_sd_mm1s84r31nmw5teo3,grok,how to pack light for a long trip,,2026-02-25T08:53:20.057Z,720,34,True,False,40,0
grok_sd_mm1s84r31nmw5teo3,grok,what is slow travel,,2026-02-25T08:54:02.900Z,448,13,True,True,40,0
grok_sd_mm1s84r31nmw5teo3,grok,best countries to retire abroad,,2026-02-25T08:58:05.033Z,648,65,True,False,50,0
grok_sd_mm1s85bj2hdfccbejp,grok,best way to exchange currency when traveling,,2026-02-25T08:40:26.321Z,490,43,True,False,45,0
grok_sd_mm1s85bj2hdfccbejp,grok,what are the most underrated travel destinations,,2026-02-25T08:41:51.220Z,437,26,False,False,55,0
grok_sd_mm1s85bj2hdfccbejp,grok,how to get global entry and TSA precheck,,2026-02-25T08:42:40.085Z,580,85,True,False,40,0
grok_sd_mm1s85bj2hdfccbejp,grok,how to travel solo safely as a woman,,2026-02-25T08:47:00.318Z,651,47,True,False,40,0
grok_sd_mm1s85bj2hdfccbejp,grok,what is the difference between baking soda and baking powder,,2026-02-25T08:48:44.701Z,413,19,True,True,25,0
grok_sd_mm1s85bj2hdfccbejp,grok,what is a travel itinerary and how to plan one,,2026-02-25T08:51:46.749Z,796,29,True,True,30,0
grok_sd_mm1s85bj2hdfccbejp,grok,how to make sourdough bread from scratch,,2026-02-25T08:52:07.831Z,839,101,True,False,25,0
grok_sd_mm1s85bj2hdfccbejp,grok,best meal prep ideas for the week,,2026-02-25T08:57:02.281Z,587,94,True,False,40,0
grok_sd_mm1s85bj2hdfccbejp,grok,how to season a cast iron skillet,,2026-02-25T08:57:23.448Z,578,82,True,True,30,0
grok_sd_mm1s85bj2hdfccbejp,grok,how to travel with dietary restrictions,,2026-02-25T08:58:03.007Z,619,67,True,False,30,0
grok_sd_mm1s85wv17qao05xe4,grok,best high protein meals for muscle building,,2026-02-25T08:40:41.559Z,510,67,True,False,40,0
grok_sd_mm1s85wv17qao05xe4,grok,what are the healthiest cooking oils,,2026-02-25T08:41:52.040Z,345,19,True,False,50,0
grok_sd_mm1s85wv17qao05xe4,grok,how to reduce food waste at home,,2026-02-25T08:43:05.851Z,558,43,True,False,35,0
grok_sd_mm1s85wv17qao05xe4,grok,how to make homemade pasta,,2026-02-25T08:46:33.334Z,733,91,True,False,25,0
grok_sd_mm1s85wv17qao05xe4,grok,how long does cooked chicken last in the fridge,,2026-02-25T08:47:15.249Z,279,15,True,False,40,0
grok_sd_mm1s85wv17qao05xe4,grok,what is the difference between stock and broth,,2026-02-25T08:50:59.502Z,433,24,True,True,30,0
grok_sd_mm1s85wv17qao05xe4,grok,best fermented foods for gut health,,2026-02-25T08:54:12.558Z,453,108,True,False,45,0
grok_sd_mm1s85wv17qao05xe4,grok,what is the difference between vegan and plant-based diet,,2026-02-25T08:54:21.847Z,483,21,True,True,30,0
grok_sd_mm1s85wv17qao05xe4,grok,how to meal prep for a week on a budget,,2026-02-25T08:55:08.977Z,744,44,True,False,35,0
grok_sd_mm1s85wv17qao05xe4,grok,what is the glycemic index of foods,,2026-02-25T08:58:46.988Z,509,17,True,False,35,0
grok_sd_mm1s86h92bz90xtv5k,grok,how to make cold brew coffee at home,,2026-02-25T08:57:37.731Z,0,0,False,False,0,0
grok_sd_mm1s86h92bz90xtv5k,grok,best foods to eat before a workout,,2026-02-25T08:42:13.744Z,470,57,True,False,35,0
grok_sd_mm1s86h92bz90xtv5k,grok,how does food coloring affect children,,2026-02-25T08:43:00.201Z,438,26,True,False,55,0
grok_sd_mm1s86h92bz90xtv5k,grok,what are superfoods and are they real,,2026-02-25T08:43:54.191Z,395,18,True,False,35,0
grok_sd_mm1s86h92bz90xtv5k,grok,what are the best anti-inflammatory foods,,2026-02-25T08:48:04.413Z,353,18,True,False,40,0
grok_sd_mm1s86h92bz90xtv5k,grok,how to preserve food without refrigeration,,2026-02-25T08:49:27.133Z,762,64,True,True,40,0
grok_sd_mm1s86h92bz90xtv5k,grok,how to read a food nutrition label,,2026-02-25T08:51:12.119Z,689,50,True,False,30,0
grok_sd_mm1s86h92bz90xtv5k,grok,what is the carnivore diet,,2026-02-25T08:52:34.977Z,456,14,True,False,30,0
grok_sd_mm1s86h92bz90xtv5k,grok,best meal delivery kits comparison,,2026-02-25T08:55:10.446Z,589,51,True,True,55,0
grok_sd_mm1s86h92bz90xtv5k,grok,what is intuitive eating,,2026-02-25T08:56:23.598Z,525,34,True,False,30,0
grok_sd_mm1s871j27iihs70gu,grok,how to dispute a medical bill,,2026-02-25T08:50:56.051Z,0,0,False,False,0,0
grok_sd_mm1s871j27iihs70gu,grok,how to write a last will and testament,,2026-02-25T08:40:58.057Z,983,54,True,True,40,0
grok_sd_mm1s871j27iihs70gu,grok,what is power of attorney and how does it work,,2026-02-25T08:41:34.607Z,563,50,True,False,40,0
grok_sd_mm1s871j27iihs70gu,grok,what are tenant rights when renting,,2026-02-25T08:43:34.343Z,700,64,True,False,45,0
grok_sd_mm1s871j27iihs70gu,grok,what is the difference between civil and criminal law,,2026-02-25T08:44:44.308Z,452,19,True,True,25,0
grok_sd_mm1s871j27iihs70gu,grok,how does small claims court work,,2026-02-25T08:44:56.723Z,722,62,True,False,35,0
grok_sd_mm1s871j27iihs70gu,grok,how to build a healthy plate according to nutritionists,,2026-02-25T08:45:42.525Z,631,51,True,True,40,0
grok_sd_mm1s871j27iihs70gu,grok,what is the difference between a will and a trust,,2026-02-25T08:47:01.427Z,471,13,True,True,30,0
grok_sd_mm1s871j27iihs70gu,grok,how to file a complaint against a company,,2026-02-25T08:53:03.392Z,590,58,True,False,40,0
grok_sd_mm1s871j27iihs70gu,grok,what is fair use in copyright law,,2026-02-25T08:55:12.319Z,587,52,True,False,40,0
grok_sd_mm1s87mh2bxm0iolbk,grok,how does the probate process work,,2026-02-25T08:53:23.167Z,0,0,False,False,0,0
grok_sd_mm1s87mh2bxm0iolbk,grok,how to protect your intellectual property,,2026-02-25T08:39:57.848Z,878,72,True,True,40,0
grok_sd_mm1s87mh2bxm0iolbk,grok,what rights do employees have in the workplace,,2026-02-25T08:40:24.638Z,712,46,True,False,35,0
grok_sd_mm1s87mh2bxm0iolbk,grok,how to sue someone in small claims court,,2026-02-25T08:42:50.579Z,730,73,True,False,35,0
grok_sd_mm1s87mh2bxm0iolbk,grok,what is GDPR and who does it apply to,,2026-02-25T08:44:11.341Z,519,38,True,True,35,0
grok_sd_mm1s87mh2bxm0iolbk,grok,how to get out of a contract legally,,2026-02-25T08:50:52.953Z,722,46,True,True,35,0
grok_sd_mm1s87mh2bxm0iolbk,grok,what is defamation and how to prove it,,2026-02-25T08:55:19.641Z,659,51,True,False,35,0
grok_sd_mm1s87mh2bxm0iolbk,grok,what is an LLC and how to form one,,2026-02-25T08:55:48.755Z,786,58,True,False,35,0
grok_sd_mm1s87mh2bxm0iolbk,grok,what are your rights if you are arrested,,2026-02-25T08:57:49.898Z,631,51,True,False,35,0
grok_sd_mm1s87mh2bxm0iolbk,grok,how does workers compensation work,,2026-02-25T09:00:13.160Z,729,64,True,False,40,0
grok_sd_mm1s887m1n05gq5gda,grok,what is the difference between a misdemeanor and a felony,,2026-02-25T08:40:15.471Z,447,23,True,True,30,0
grok_sd_mm1s887m1n05gq5gda,grok,what is a non-disclosure agreement,,2026-02-25T08:41:45.744Z,503,19,True,False,30,0
grok_sd_mm1s887m1n05gq5gda,grok,what is the statute of limitations,,2026-02-25T08:43:05.505Z,427,41,True,False,35,0
grok_sd_mm1s887m1n05gq5gda,grok,what is progressive overload in weightlifting,,2026-02-25T08:44:42.098Z,620,41,True,False,30,0
grok_sd_mm1s887m1n05gq5gda,grok,how to trademark a business name,,2026-02-25T08:46:08.944Z,711,74,True,False,35,0
grok_sd_mm1s887m1n05gq5gda,grok,how does medical malpractice work,,2026-02-25T08:49:28.829Z,717,61,True,False,40,0
grok_sd_mm1s887m1n05gq5gda,grok,how to dispute a credit report error,,2026-02-25T08:51:48.483Z,600,67,True,False,35,0
grok_sd_mm1s887m1n05gq5gda,grok,best workout routine for weight loss,,2026-02-25T08:54:32.797Z,621,38,True,True,40,0
grok_sd_mm1s887m1n05gq5gda,grok,how to build muscle as a beginner,,2026-02-25T08:56:02.764Z,763,102,True,True,30,0
grok_sd_mm1s887m1n05gq5gda,grok,how many calories should I eat to lose weight,,2026-02-25T08:57:24.956Z,531,31,True,False,35,0
grok_sd_mm1s88rsqmytxz150,grok,how to improve running endurance,,2026-02-25T08:40:09.609Z,814,46,True,False,35,0
grok_sd_mm1s88rsqmytxz150,grok,what is the best time of day to work out,,2026-02-25T08:42:16.029Z,588,45,True,True,35,0
grok_sd_mm1s88rsqmytxz150,grok,how to stretch properly before and after exercise,,2026-02-25T08:42:30.190Z,502,34,True,False,40,0
grok_sd_mm1s88rsqmytxz150,grok,best supplements for muscle growth,,2026-02-25T08:46:49.453Z,490,39,True,False,45,0
grok_sd_mm1s88rsqmytxz150,grok,how does protein synthesis work in muscles,,2026-02-25T08:51:35.159Z,664,46,True,False,35,0
grok_sd_mm1s88rsqmytxz150,grok,how to train for a marathon as a beginner,,2026-02-25T08:52:37.473Z,780,56,True,False,35,0
grok_sd_mm1s88rsqmytxz150,grok,what is the difference between cardio and HIIT,,2026-02-25T08:53:23.121Z,527,23,True,True,30,0
grok_sd_mm1s88rsqmytxz150,grok,what is the difference between free weights and machines,,2026-02-25T08:57:33.190Z,585,23,True,True,35,0
grok_sd_mm1s88rsqmytxz150,grok,how to fix bad posture from sitting,,2026-02-25T08:57:51.996Z,677,44,True,False,40,0
grok_sd_mm1s88rsqmytxz150,grok,best home workout equipment on a budget,,2026-02-25T09:00:30.326Z,535,42,True,False,50,0
grok_sd_mm1s89cg1d9r174p2x,grok,what is a caloric deficit and how to calculate it,,2026-02-25T08:57:00.270Z,0,0,False,False,0,0
grok_sd_mm1s89cg1d9r174p2x,grok,how to create a workout schedule,,2026-02-25T08:40:07.612Z,934,34,True,True,30,0
grok_sd_mm1s89cg1d9r174p2x,grok,how to improve flexibility and mobility,,2026-02-25T08:44:03.494Z,647,48,True,False,35,0
grok_sd_mm1s89cg1d9r174p2x,grok,how does zone 2 cardio training work,,2026-02-25T08:45:35.974Z,704,35,True,False,35,0
grok_sd_mm1s89cg1d9r174p2x,grok,what is the best exercise for mental health,,2026-02-25T08:50:27.443Z,455,28,True,False,40,0
grok_sd_mm1s89cg1d9r174p2x,grok,what causes delayed onset muscle soreness,,2026-02-25T08:51:17.969Z,421,25,True,False,35,0
grok_sd_mm1s89cg1d9r174p2x,grok,how to lose belly fat effectively,,2026-02-25T08:53:07.661Z,678,45,True,False,35,0
grok_sd_mm1s89cg1d9r174p2x,grok,best exercises for lower back pain,,2026-02-25T08:57:01.837Z,570,54,True,False,35,0
grok_sd_mm1s89cg1d9r174p2x,grok,how to recover from overtraining,,2026-02-25T08:57:59.456Z,664,47,True,True,35,0
grok_sd_mm1s89cg1d9r174p2x,grok,best exercises for core strength,,2026-02-25T09:00:41.702Z,541,43,True,False,35,0
grok_sd_mm1s89x11gqze9estj,grok,what is the difference between aerobic and anaerobic exercise,,2026-02-25T08:39:37.497Z,426,15,True,True,25,0
grok_sd_mm1s89x11gqze9estj,grok,best books for new parents,,2026-02-25T08:41:49.228Z,525,39,True,False,55,0
grok_sd_mm1s89x11gqze9estj,grok,what is the difference between authoritative and authoritarian parenting,,2026-02-25T08:43:28.476Z,502,19,True,True,35,0
grok_sd_mm1s89x11gqze9estj,grok,how to talk to kids about death,,2026-02-25T08:44:08.971Z,682,49,True,False,40,0
grok_sd_mm1s89x11gqze9estj,grok,what age should kids start learning to read,,2026-02-25T08:44:54.350Z,558,25,True,True,40,0
grok_sd_mm1s89x11gqze9estj,grok,how to handle a toddler meltdown,,2026-02-25T08:48:42.934Z,587,50,True,False,40,0
grok_sd_mm1s89x11gqze9estj,grok,how much screen time is too much for kids,,2026-02-25T08:50:44.711Z,480,24,True,False,35,0
grok_sd_mm1s89x11gqze9estj,grok,what is gentle parenting,,2026-02-25T08:51:27.159Z,528,36,True,False,40,0
grok_sd_mm1s89x11gqze9estj,grok,how to raise financially responsible children,,2026-02-25T08:52:16.678Z,594,45,True,False,45,0
grok_sd_mm1s89x11gqze9estj,grok,best ways to discipline a child without yelling,,2026-02-25T08:57:39.638Z,568,50,True,False,45,0
grok_sd_mm1s8ah12f5vcdf3mp,grok,what are the stages of child development,,2026-02-25T08:41:40.109Z,498,16,True,False,30,0
grok_sd_mm1s8ah12f5vcdf3mp,grok,what are signs of ADHD in children,,2026-02-25T08:43:36.203Z,504,17,True,False,35,0
grok_sd_mm1s8ah12f5vcdf3mp,grok,what is attachment theory in child development,,2026-02-25T08:45:34.752Z,613,40,True,False,25,0
grok_sd_mm1s8ah12f5vcdf3mp,grok,how to help a child with anxiety,,2026-02-25T08:46:09.828Z,619,51,True,False,40,0
grok_sd_mm1s8ah12f5vcdf3mp,grok,what is helicopter parenting and its effects,,2026-02-25T08:47:05.327Z,400,22,True,False,40,0
grok_sd_mm1s8ah12f5vcdf3mp,grok,how to talk to teens about social media,,2026-02-25T08:49:08.313Z,696,55,True,False,45,0
grok_sd_mm1s8ah12f5vcdf3mp,grok,how to co-parent effectively after divorce,,2026-02-25T08:50:20.757Z,668,48,True,False,40,0
grok_sd_mm1s8ah12f5vcdf3mp,grok,how to encourage a growth mindset in children,,2026-02-25T08:50:53.676Z,687,60,True,True,40,0
grok_sd_mm1s8ah12f5vcdf3mp,grok,how to prepare a child for a new sibling,,2026-02-25T08:51:46.055Z,599,44,True,False,40,0
grok_sd_mm1s8ah12f5vcdf3mp,grok,best educational apps for kids,,2026-02-25T08:52:44.389Z,445,35,True,False,55,0
grok_sd_mm1s8b182bhxeisrna,grok,how to stop a child from lying,,2026-02-25T08:39:40.238Z,606,44,True,False,40,0
grok_sd_mm1s8b182bhxeisrna,grok,how did the Cold War end,,2026-02-25T08:42:43.025Z,575,33,True,False,35,0
grok_sd_mm1s8b182bhxeisrna,grok,what was the significance of the printing press,,2026-02-25T08:42:51.219Z,508,66,True,False,30,0
grok_sd_mm1s8b182bhxeisrna,grok,how did the civil rights movement change America,,2026-02-25T08:45:36.878Z,584,28,True,False,40,0
grok_sd_mm1s8b182bhxeisrna,grok,what caused the Great Depression,,2026-02-25T08:48:19.484Z,533,44,True,False,35,0
grok_sd_mm1s8b182bhxeisrna,grok,what was the Manhattan Project,,2026-02-25T08:49:16.865Z,328,13,True,False,30,0
grok_sd_mm1s8b182bhxeisrna,grok,what caused the fall of the Roman Empire,,2026-02-25T08:50:05.508Z,516,30,True,False,35,0
grok_sd_mm1s8b182bhxeisrna,grok,how did World War 1 start,,2026-02-25T08:50:56.174Z,591,26,True,False,30,0
grok_sd_mm1s8b182bhxeisrna,grok,how did the Industrial Revolution change society,,2026-02-25T08:53:41.237Z,609,37,True,True,35,0
grok_sd_mm1s8b182bhxeisrna,grok,what was the significance of the Magna Carta,,2026-02-25T08:53:49.759Z,442,21,True,False,35,0
grok_sd_mm1s8bls2pysozb9i5,grok,how did colonialism shape the modern world,,2026-02-25T08:42:00.124Z,792,47,True,True,45,0
grok_sd_mm1s8bls2pysozb9i5,grok,what is the history of the United Nations,,2026-02-25T08:44:40.065Z,576,38,True,False,35,0
grok_sd_mm1s8bls2pysozb9i5,grok,what caused World War 2,,2026-02-25T08:46:27.343Z,615,46,True,False,40,0
grok_sd_mm1s8bls2pysozb9i5,grok,how did the French Revolution start,,2026-02-25T08:50:35.918Z,612,27,True,False,35,0
grok_sd_mm1s8bls2pysozb9i5,grok,how did the Black Death change Europe,,2026-02-25T08:51:16.196Z,625,33,True,False,40,0
grok_sd_mm1s8bls2pysozb9i5,grok,how did the internet change the world,,2026-02-25T08:52:19.977Z,655,39,True,False,35,0
grok_sd_mm1s8bls2pysozb9i5,grok,what was the significance of the moon landing,,2026-02-25T08:53:09.012Z,529,24,True,False,30,0
grok_sd_mm1s8bls2pysozb9i5,grok,what was the Berlin Wall and why was it built,,2026-02-25T08:54:02.138Z,482,22,True,False,30,0
grok_sd_mm1s8bls2pysozb9i5,grok,what was the significance of the Treaty of Versailles,,2026-02-25T08:56:31.081Z,608,35,True,False,40,0
grok_sd_mm1s8bls2pysozb9i5,grok,how did slavery shape the American economy,,2026-02-25T08:57:16.375Z,724,62,True,False,45,0
grok_sd_mm1s8c682hyff8ugby,grok,what was the space race about,,2026-02-25T08:40:02.912Z,532,41,True,False,40,0
grok_sd_mm1s8c682hyff8ugby,grok,how does evolution work,,2026-02-25T08:41:51.399Z,604,20,True,True,25,0
grok_sd_mm1s8c682hyff8ugby,grok,what is epigenetics,,2026-02-25T08:44:26.329Z,443,28,True,False,25,0
grok_sd_mm1s8c682hyff8ugby,grok,how does the gut-brain axis work,,2026-02-25T08:45:58.757Z,585,44,True,False,35,0
grok_sd_mm1s8c682hyff8ugby,grok,what is dark matter,,2026-02-25T08:52:22.466Z,567,36,True,False,35,0
grok_sd_mm1s8c682hyff8ugby,grok,what is the difference between nuclear fission and fusion,,2026-02-25T08:53:08.500Z,544,14,True,True,25,0
grok_sd_mm1s8c682hyff8ugby,grok,how does quantum entanglement work,,2026-02-25T08:55:17.277Z,702,34,True,True,30,0
grok_sd_mm1s8c682hyff8ugby,grok,how does vaccination work,,2026-02-25T08:56:30.444Z,483,25,True,False,25,0
grok_sd_mm1s8c682hyff8ugby,grok,what is the theory of relativity explained simply,,2026-02-25T08:57:04.072Z,598,27,True,True,25,0
grok_sd_mm1s8c682hyff8ugby,grok,how does mRNA vaccine technology work,,2026-02-25T08:57:31.449Z,542,26,True,False,25,0
grok_sd_mm1s8cr211icm68vb8,grok,how to study effectively for exams,,2026-02-25T08:57:59.348Z,0,0,False,False,0,0
grok_sd_mm1s8cr211icm68vb8,grok,what is antibiotic resistance,,2026-02-25T08:39:51.658Z,523,27,True,False,25,0
grok_sd_mm1s8cr211icm68vb8,grok,what is neuroplasticity,,2026-02-25T08:41:00.869Z,442,47,True,False,25,0
grok_sd_mm1s8cr211icm68vb8,grok,what is the difference between GMO and hybrid crops,,2026-02-25T08:43:07.766Z,487,37,True,True,35,0
grok_sd_mm1s8cr211icm68vb8,grok,how does the carbon cycle work,,2026-02-25T08:47:15.610Z,569,33,True,False,20,0
grok_sd_mm1s8cr211icm68vb8,grok,what is the difference between a PhD and a professional doctorate,,2026-02-25T08:49:44.851Z,524,19,True,True,30,0
grok_sd_mm1s8cr211icm68vb8,grok,how did the universe begin,,2026-02-25T08:53:09.239Z,659,45,True,False,40,0
grok_sd_mm1s8cr211icm68vb8,grok,how does the human genome work,,2026-02-25T08:54:18.150Z,826,59,True,True,30,0
grok_sd_mm1s8cr211icm68vb8,grok,how does student loan forgiveness work,,2026-02-25T08:56:51.911Z,659,46,True,False,40,0
grok_sd_mm1s8cr211icm68vb8,grok,best online learning platforms comparison,,2026-02-25T08:57:53.431Z,555,21,True,True,45,0
grok_sd_mm1s8db22oltijnogs,grok,how does the US education system compare to other countries,,2026-02-25T08:44:46.037Z,608,44,True,False,45,0
grok_sd_mm1s8db22oltijnogs,grok,how to pay for college without student loans,,2026-02-25T08:46:39.658Z,574,47,True,False,45,0
grok_sd_mm1s8db22oltijnogs,grok,what is project-based learning,,2026-02-25T08:50:38.569Z,573,22,True,True,30,0
grok_sd_mm1s8db22oltijnogs,grok,how to speed read effectively,,2026-02-25T08:54:21.280Z,627,36,True,False,40,0
grok_sd_mm1s8db22oltijnogs,grok,how to choose a college major,,2026-02-25T08:56:30.095Z,858,50,True,True,40,0
grok_sd_mm1s8db22oltijnogs,grok,what is the difference between associate and bachelor degree,,2026-02-25T08:57:15.006Z,506,21,True,True,25,0
grok_sd_mm1s8db22oltijnogs,grok,how to memorize things quickly,,2026-02-25T08:57:33.283Z,647,58,True,False,30,0
grok_sd_mm1s8db22oltijnogs,grok,what is the Socratic method of teaching,,2026-02-25T08:57:45.767Z,657,47,True,False,30,0
grok_sd_mm1s8db22oltijnogs,grok,what is the Feynman technique for learning,,2026-02-25T08:58:12.151Z,537,34,True,False,30,0
grok_sd_mm1s8db22oltijnogs,grok,what are the best MOOCs for data science,,2026-02-25T08:58:33.821Z,618,57,True,True,40,0
grok_sd_mm1s8dvw2ekr6fh7l9,grok,how to get scholarships for college,,2026-02-25T08:40:02.153Z,718,71,True,False,35,0
grok_sd_mm1s8dvw2ekr6fh7l9,grok,what is experiential learning,,2026-02-25T08:41:13.312Z,392,22,True,False,40,0
grok_sd_mm1s8dvw2ekr6fh7l9,grok,how does monetary policy affect inflation,,2026-02-25T08:44:55.365Z,674,59,True,True,25,0
grok_sd_mm1s8dvw2ekr6fh7l9,grok,what is quantitative easing,,2026-02-25T08:46:51.218Z,586,19,True,True,25,0
grok_sd_mm1s8dvw2ekr6fh7l9,grok,how does the European Central Bank work,,2026-02-25T08:47:51.739Z,627,40,True,False,31,0
grok_sd_mm1s8dvw2ekr6fh7l9,grok,what is the difference between fiscal and monetary policy,,2026-02-25T08:50:42.148Z,506,17,True,True,25,0
grok_sd_mm1s8dvw2ekr6fh7l9,grok,what causes stagflation,,2026-02-25T08:50:55.708Z,468,27,True,False,35,0
grok_sd_mm1s8dvw2ekr6fh7l9,grok,what is GDP and how is it calculated,,2026-02-25T08:54:55.386Z,510,28,True,False,25,0
grok_sd_mm1s8dvw2ekr6fh7l9,grok,how does international trade work,,2026-02-25T08:55:37.853Z,674,37,True,True,30,0
grok_sd_mm1s8dvw2ekr6fh7l9,grok,what is a trade deficit,,2026-02-25T08:56:21.994Z,435,30,True,False,25,0
grok_sd_mm1s8egq6b4zxvkpe,grok,how does universal basic income work,,2026-02-25T08:58:56.160Z,0,0,False,False,0,0
grok_sd_mm1s8egq6b4zxvkpe,grok,what is game theory in economics,,2026-02-25T08:41:13.462Z,708,23,True,True,25,0
grok_sd_mm1s8egq6b4zxvkpe,grok,what is the Laffer curve,,2026-02-25T08:41:58.613Z,497,23,True,False,30,0
grok_sd_mm1s8egq6b4zxvkpe,grok,how do tariffs work,,2026-02-25T08:49:28.594Z,627,37,True,True,25,0
grok_sd_mm1s8egq6b4zxvkpe,grok,how does the minimum wage affect the economy,,2026-02-25T08:53:53.574Z,563,37,True,False,40,0
grok_sd_mm1s8egq6b4zxvkpe,grok,what is a competitive analysis,,2026-02-25T08:56:55.466Z,402,12,True,True,30,0
grok_sd_mm1s8egq6b4zxvkpe,grok,how does the debt ceiling work,,2026-02-25T08:56:56.070Z,599,48,True,False,40,0
grok_sd_mm1s8egq6b4zxvkpe,grok,how to validate a business idea,,2026-02-25T08:58:04.294Z,898,26,True,True,30,0
grok_sd_mm1s8egq6b4zxvkpe,grok,how does venture capital funding work,,2026-02-25T08:58:07.739Z,716,57,True,False,35,0
grok_sd_mm1s8egq6b4zxvkpe,grok,what is venture capital and how does it work,,2026-02-25T09:01:36.613Z,621,27,True,True,25,0
grok_sd_mm1s8f1q2k3421kig1,grok,how to create a minimum viable product,,2026-02-25T08:40:26.553Z,919,29,True,True,25,0
grok_sd_mm1s8f1q2k3421kig1,grok,what is product market fit,,2026-02-25T08:42:58.775Z,570,24,True,True,40,0
grok_sd_mm1s8f1q2k3421kig1,grok,how to create a pricing strategy,,2026-02-25T08:45:30.947Z,809,31,True,True,30,0
grok_sd_mm1s8f1q2k3421kig1,grok,how to scale a small business,,2026-02-25T08:48:30.088Z,846,37,True,True,40,0
grok_sd_mm1s8f1q2k3421kig1,grok,how does a franchise model work,,2026-02-25T08:50:00.739Z,646,34,True,True,30,0
grok_sd_mm1s8f1q2k3421kig1,grok,what is the difference between sole proprietorship and LLC,,2026-02-25T08:52:51.094Z,572,22,True,True,30,0
grok_sd_mm1s8f1q2k3421kig1,grok,what is the difference between B2B and B2C,,2026-02-25T08:53:47.414Z,435,15,True,True,25,0
grok_sd_mm1s8f1q2k3421kig1,grok,what is a SWOT analysis,,2026-02-25T08:56:27.395Z,443,15,True,True,30,0
grok_sd_mm1s8f1q2k3421kig1,grok,how to build a SaaS business,,2026-02-25T08:57:08.124Z,983,48,True,True,40,0
grok_sd_mm1s8f1q2k3421kig1,grok,what is a pitch deck and what should it include,,2026-02-25T08:58:09.332Z,621,49,True,False,30,0
grok_sd_mm1s8flu1nmpd7xbkd,grok,what is the difference between revenue and profit,,2026-02-25T08:41:04.800Z,458,20,True,True,30,0
grok_sd_mm1s8flu1nmpd7xbkd,grok,what is the difference between SEO and SEM,,2026-02-25T08:42:52.270Z,487,12,True,True,25,0
grok_sd_mm1s8flu1nmpd7xbkd,grok,what is influencer marketing,,2026-02-25T08:47:19.038Z,387,11,True,False,35,0
grok_sd_mm1s8flu1nmpd7xbkd,grok,how to measure business success with KPIs,,2026-02-25T08:48:54.389Z,794,33,True,True,30,0
grok_sd_mm1s8flu1nmpd7xbkd,grok,how does email marketing work,,2026-02-25T08:50:28.448Z,846,30,True,True,25,0
grok_sd_mm1s8flu1nmpd7xbkd,grok,how to build an email list from scratch,,2026-02-25T08:51:01.145Z,926,25,True,True,35,0
grok_sd_mm1s8flu1nmpd7xbkd,grok,what is conversion rate optimization,,2026-02-25T08:51:42.095Z,386,17,True,False,25,0
grok_sd_mm1s8flu1nmpd7xbkd,grok,how does programmatic advertising work,,2026-02-25T08:53:02.292Z,686,44,True,False,35,0
grok_sd_mm1s8flu1nmpd7xbkd,grok,how to create a social media strategy,,2026-02-25T08:56:17.154Z,885,33,True,True,30,0
grok_sd_mm1s8flu1nmpd7xbkd,grok,what is an exit strategy in business,,2026-02-25T08:57:40.309Z,461,42,True,False,30,0
grok_sd_mm1s8g7o17eeavdcsk,grok,what is cognitive behavioral therapy,,2026-02-25T08:47:05.842Z,441,19,True,False,30,0
grok_sd_mm1s8g7o17eeavdcsk,grok,how does Google Ads work,,2026-02-25T08:49:12.632Z,820,28,True,True,35,0
grok_sd_mm1s8g7o17eeavdcsk,grok,how to measure marketing ROI,,2026-02-25T08:51:02.588Z,782,49,True,True,35,0
grok_sd_mm1s8g7o17eeavdcsk,grok,what is brand positioning,,2026-02-25T08:52:29.466Z,411,12,True,False,30,0
grok_sd_mm1s8g7o17eeavdcsk,grok,what is a marketing funnel,,2026-02-25T08:55:46.460Z,522,29,True,False,30,0
grok_sd_mm1s8g7o17eeavdcsk,grok,what is the difference between organic and paid social media,,2026-02-25T08:56:14.223Z,440,13,True,True,25,0
grok_sd_mm1s8g7o17eeavdcsk,grok,what is the difference between a landing page and homepage,,2026-02-25T08:57:32.962Z,407,12,True,True,30,0
grok_sd_mm1s8g7o17eeavdcsk,grok,what is affiliate marketing,,2026-02-25T08:58:18.300Z,491,41,True,False,30,0
grok_sd_mm1s8g7o17eeavdcsk,grok,how does remarketing work,,2026-02-25T08:58:26.723Z,601,30,True,True,35,0
grok_sd_mm1s8g7o17eeavdcsk,grok,how to do keyword research for SEO,,2026-02-25T08:59:40.512Z,573,98,True,True,20,0
grok_sd_mm1s8grn21qek358km,grok,how does classical conditioning work,,2026-02-25T08:40:02.758Z,578,69,True,False,30,0
grok_sd_mm1s8grn21qek358km,grok,how does confirmation bias work,,2026-02-25T08:41:02.451Z,646,30,True,False,30,0
grok_sd_mm1s8grn21qek358km,grok,how does trauma affect the brain,,2026-02-25T08:42:48.149Z,495,31,True,False,40,0
grok_sd_mm1s8grn21qek358km,grok,how does social comparison theory work,,2026-02-25T08:48:08.672Z,608,33,True,True,35,0
grok_sd_mm1s8grn21qek358km,grok,what are the stages of grief,,2026-02-25T08:49:56.603Z,505,35,True,False,40,0
grok_sd_mm1s8grn21qek358km,grok,what are the Big 5 personality traits,,2026-02-25T08:51:08.604Z,399,30,True,False,30,0
grok_sd_mm1s8grn21qek358km,grok,what is the difference between psychologist and psychiatrist,,2026-02-25T08:53:19.795Z,418,20,True,True,25,0
grok_sd_mm1s8grn21qek358km,grok,how does Maslow hierarchy of needs work,,2026-02-25T08:55:12.142Z,591,62,True,False,30,0
grok_sd_mm1s8grn21qek358km,grok,what is attachment theory,,2026-02-25T08:55:41.723Z,531,32,True,False,35,0
grok_sd_mm1s8grn21qek358km,grok,what is the dunning-kruger effect,,2026-02-25T08:59:31.179Z,466,16,True,False,30,0
grok_sd_mm1s8hd5r4akzlkre,grok,how does positive reinforcement work,,2026-02-25T08:39:52.595Z,579,40,True,False,40,0
grok_sd_mm1s8hd5r4akzlkre,grok,how does therapy help with mental health,,2026-02-25T08:41:17.684Z,434,28,True,False,35,0
grok_sd_mm1s8hd5r4akzlkre,grok,how does solar energy work,,2026-02-25T08:44:40.983Z,600,84,True,False,20,0
grok_sd_mm1s8hd5r4akzlkre,grok,what is the difference between weather and climate,,2026-02-25T08:46:02.952Z,267,16,True,False,30,0
grok_sd_mm1s8hd5r4akzlkre,grok,what is the psychology of motivation,,2026-02-25T08:47:16.679Z,680,26,True,True,40,0
grok_sd_mm1s8hd5r4akzlkre,grok,what is emotional regulation and how to improve it,,2026-02-25T08:52:38.859Z,711,49,True,True,30,0
grok_sd_mm1s8hd5r4akzlkre,grok,what is the difference between anxiety and depression,,2026-02-25T08:55:28.584Z,467,19,True,True,35,0
grok_sd_mm1s8hd5r4akzlkre,grok,how does the placebo effect work,,2026-02-25T08:55:45.856Z,556,30,True,False,35,0
grok_sd_mm1s8hd5r4akzlkre,grok,how does carbon capture technology work,,2026-02-25T08:56:04.599Z,514,31,True,False,35,0
grok_sd_mm1s8hd5r4akzlkre,grok,what is biodiversity and why does it matter,,2026-02-25T09:01:52.318Z,464,61,True,False,25,0
grok_sd_mm1s8i0xl0hfhgocs,grok,what are the effects of microplastics on health,,2026-02-25T08:42:16.122Z,542,36,True,False,45,0
grok_sd_mm1s8i0xl0hfhgocs,grok,how to make your home more energy efficient,,2026-02-25T08:42:53.412Z,595,39,True,False,40,0
grok_sd_mm1s8i0xl0hfhgocs,grok,what is environmental justice,,2026-02-25T08:45:28.859Z,445,15,True,False,35,0
grok_sd_mm1s8i0xl0hfhgocs,grok,how does ocean acidification work,,2026-02-25T08:46:24.166Z,461,22,True,False,35,0
grok_sd_mm1s8i0xl0hfhgocs,grok,how does wind energy work,,2026-02-25T08:48:41.522Z,582,75,True,False,20,0
grok_sd_mm1s8i0xl0hfhgocs,grok,what is the circular economy,,2026-02-25T08:49:34.817Z,481,27,True,False,25,0
grok_sd_mm1s8i0xl0hfhgocs,grok,how does deforestation affect climate change,,2026-02-25T08:52:12.719Z,520,33,True,False,35,0
grok_sd_mm1s8i0xl0hfhgocs,grok,what is the Paris Agreement,,2026-02-25T08:54:35.823Z,357,16,True,False,30,0
grok_sd_mm1s8i0xl0hfhgocs,grok,how does electric vehicle adoption affect emissions,,2026-02-25T08:55:31.448Z,511,30,True,False,40,0
grok_sd_mm1s8i0xl0hfhgocs,grok,what is greenwashing,,2026-02-25T08:57:19.414Z,427,26,True,False,25,0
grok_sd_mm1s8inhnt83rod5g,grok,how do coral reefs die,,2026-02-25T08:40:02.563Z,548,25,True,False,35,0
grok_sd_mm1s8inhnt83rod5g,grok,what is the difference between renewable and nonrenewable energy,,2026-02-25T08:42:12.384Z,489,59,True,True,25,0
grok_sd_mm1s8inhnt83rod5g,grok,how does the US Supreme Court work,,2026-02-25T08:43:02.431Z,610,46,True,False,35,0
grok_sd_mm1s8inhnt83rod5g,grok,what is gerrymandering,,2026-02-25T08:44:02.128Z,437,25,True,False,30,0
grok_sd_mm1s8inhnt83rod5g,grok,what is the difference between the House and Senate,,2026-02-25T08:45:35.498Z,442,15,True,True,25,0
grok_sd_mm1s8inhnt83rod5g,grok,how does sustainable agriculture work,,2026-02-25T08:48:08.642Z,675,69,True,False,30,0
grok_sd_mm1s8inhnt83rod5g,grok,what is net zero emissions,,2026-02-25T08:49:48.027Z,364,37,True,False,35,0
grok_sd_mm1s8inhnt83rod5g,grok,how does ranked choice voting work,,2026-02-25T08:50:40.816Z,597,53,True,False,25,0
grok_sd_mm1s8inhnt83rod5g,grok,how does NATO work,,2026-02-25T08:51:25.807Z,591,34,True,False,30,0
grok_sd_mm1s8inhnt83rod5g,grok,what is lobbying and how does it affect politics,,2026-02-25T08:53:30.831Z,530,33,True,False,35,0
grok_sd_mm1s8j80vow56o9do,grok,how does a bill become a law in the US,,2026-02-25T08:39:52.413Z,571,58,True,False,25,0
grok_sd_mm1s8j80vow56o9do,grok,what is universal healthcare and how does it work,,2026-02-25T08:40:46.505Z,669,44,True,False,35,0
grok_sd_mm1s8j80vow56o9do,grok,how does immigration policy work in the US,,2026-02-25T08:44:49.373Z,723,60,True,False,40,0
grok_sd_mm1s8j80vow56o9do,grok,what is the difference between foreign policy and domestic policy,,2026-02-25T08:45:47.567Z,400,10,True,True,30,0
grok_sd_mm1s8j80vow56o9do,grok,how does the United Nations work,,2026-02-25T08:46:46.562Z,732,55,True,False,35,0
grok_sd_mm1s8j80vow56o9do,grok,how does the IMF work,,2026-02-25T08:48:33.349Z,609,36,True,False,31,0
grok_sd_mm1s8j80vow56o9do,grok,what is the difference between democracy and republic,,2026-02-25T08:52:14.412Z,448,24,True,True,0,0
grok_sd_mm1s8j80vow56o9do,grok,how does the World Bank work,,2026-02-25T08:54:41.158Z,593,38,True,False,35,0
grok_sd_mm1s8j80vow56o9do,grok,what is campaign finance reform,,2026-02-25T08:56:02.152Z,628,46,True,False,40,0
grok_sd_mm1s8j80vow56o9do,grok,what is political polarization,,2026-02-25T08:56:54.828Z,541,22,True,False,30,0
grok_sd_mm1s8jrql4yi4bulc,grok,how do sanctions work in international relations,,2026-02-25T08:40:04.372Z,814,41,True,True,35,0
grok_sd_mm1s8jrql4yi4bulc,grok,how to build better habits,,2026-02-25T08:41:06.547Z,697,48,True,True,30,0
grok_sd_mm1s8jrql4yi4bulc,grok,what are the benefits of journaling,,2026-02-25T08:43:55.821Z,436,18,True,False,30,0
grok_sd_mm1s8jrql4yi4bulc,grok,how to practice mindfulness for beginners,,2026-02-25T08:44:52.492Z,699,49,True,False,25,0
grok_sd_mm1s8jrql4yi4bulc,grok,what is the KonMari method,,2026-02-25T08:45:37.839Z,494,36,True,False,30,0
grok_sd_mm1s8jrql4yi4bulc,grok,what is the difference between left wing and right wing politics,,2026-02-25T08:46:41.992Z,567,18,True,True,30,0
grok_sd_mm1s8jrql4yi4bulc,grok,how to improve morning routine,,2026-02-25T08:50:43.119Z,687,49,True,False,35,0
grok_sd_mm1s8jrql4yi4bulc,grok,what is minimalism and how to practice it,,2026-02-25T08:51:45.089Z,700,34,True,False,25,0
grok_sd_mm1s8jrql4yi4bulc,grok,how to stop doom scrolling,,2026-02-25T08:53:12.046Z,657,43,True,False,30,0
grok_sd_mm1s8jrql4yi4bulc,grok,best books on self improvement,,2026-02-25T08:55:31.627Z,483,40,True,False,35,0
grok_sd_mm1s8kbu9s8mbkj6k,grok,how to create a capsule wardrobe,,2026-02-25T08:40:09.575Z,768,40,True,True,40,0
grok_sd_mm1s8kbu9s8mbkj6k,grok,how to break bad habits,,2026-02-25T08:41:11.799Z,595,40,True,True,30,0
grok_sd_mm1s8kbu9s8mbkj6k,grok,what is the difference between introversion and shyness,,2026-02-25T08:41:53.448Z,474,15,True,True,30,0
grok_sd_mm1s8kbu9s8mbkj6k,grok,what is digital minimalism,,2026-02-25T08:53:52.820Z,382,22,True,False,40,0
grok_sd_mm1s8kbu9s8mbkj6k,grok,what are the best personal finance books,,2026-02-25T08:56:24.031Z,474,45,True,False,55,0
grok_sd_mm1s8kbu9s8mbkj6k,grok,how to declutter your home,,2026-02-25T08:58:05.692Z,707,59,True,False,30,0
grok_sd_mm1s8kbu9s8mbkj6k,grok,what are the benefits of gratitude practice,,2026-02-25T08:58:16.367Z,410,19,True,False,45,0
grok_sd_mm1s8kbu9s8mbkj6k,grok,what are the benefits of cold showers,,2026-02-25T08:58:50.207Z,543,28,True,False,45,0
grok_sd_mm1s8kbu9s8mbkj6k,grok,how to set boundaries in relationships,,2026-02-25T08:59:10.661Z,756,54,True,True,35,0
grok_sd_mm1s8kbu9s8mbkj6k,grok,how to improve focus and concentration,,2026-02-25T09:00:08.565Z,668,45,True,True,40,0
perplexity_sd_mm13jsxy1x3awct43k,perplexity,what are the symptoms of type 2 diabetes,,2026-02-24T21:07:53.010Z,137,5,True,False,10,0
perplexity_sd_mm13jsxy1x3awct43k,perplexity,how long does it take to learn Python,,2026-02-24T21:07:57.368Z,254,22,True,False,10,0
perplexity_sd_mm13jsxy1x3awct43k,perplexity,how does a credit score work,,2026-02-24T21:08:04.334Z,381,25,True,False,10,0
perplexity_sd_mm13jsxy1x3awct43k,perplexity,what are the health benefits of intermittent fasting,,2026-02-24T21:08:07.508Z,416,39,True,False,10,0
perplexity_sd_mm13jsxy1x3awct43k,perplexity,what is the difference between machine learning and deep learning,,2026-02-24T21:08:11.811Z,271,21,True,False,10,0
perplexity_sd_mm13jsxy1x3awct43k,perplexity,how to treat a sprained ankle at home,,2026-02-24T21:08:20.294Z,493,41,True,False,10,0
perplexity_sd_mm13jsxy1x3awct43k,perplexity,what causes inflation,,2026-02-24T21:08:21.419Z,254,14,True,False,10,0
perplexity_sd_mm13jsxy1x3awct43k,perplexity,how does compound interest work,,2026-02-24T21:08:27.584Z,314,17,True,False,10,0
perplexity_sd_mm13jsxy1x3awct43k,perplexity,best cities to live in the United States,,2026-02-24T21:08:31.738Z,382,28,True,False,10,0
perplexity_sd_mm13jsxy1x3awct43k,perplexity,best programming languages to learn in 2024,,2026-02-24T21:08:33.046Z,557,44,True,False,10,0
perplexity_sd_mm13jtia23utulbmsg,perplexity,what is the FIRE movement,,2026-02-24T21:08:09.885Z,257,16,True,False,10,0
perplexity_sd_mm13jtia23utulbmsg,perplexity,how does the stock market work,,2026-02-24T21:08:10.709Z,384,22,True,False,10,0
perplexity_sd_mm13jtia23utulbmsg,perplexity,how to negotiate a salary,,2026-02-24T21:08:13.915Z,486,31,True,False,10,0
perplexity_sd_mm13jtia23utulbmsg,perplexity,how to start investing with little money,,2026-02-24T21:08:20.167Z,335,22,True,False,10,0
perplexity_sd_mm13jtia23utulbmsg,perplexity,explain blockchain technology,,2026-02-24T21:08:23.710Z,405,40,True,False,10,0
perplexity_sd_mm13jtia23utulbmsg,perplexity,what is the Mediterranean diet,,2026-02-24T21:08:29.349Z,217,28,True,False,10,0
perplexity_sd_mm13jtia23utulbmsg,perplexity,what are the best programming languages for AI,,2026-02-24T21:08:31.510Z,340,27,True,False,10,0
perplexity_sd_mm13jtia23utulbmsg,perplexity,what is quantum computing,,2026-02-24T21:08:36.784Z,264,13,True,False,10,0
perplexity_sd_mm13jtia23utulbmsg,perplexity,what is the difference between a Roth IRA and traditional IRA,,2026-02-24T21:08:46.840Z,424,22,True,False,10,0
perplexity_sd_mm13jtia23utulbmsg,perplexity,symptoms of vitamin D deficiency,,2026-02-24T21:09:09.778Z,220,10,True,False,10,0
perplexity_sd_mm13ju2b1fi5uva81o,perplexity,how does photosynthesis work,,2026-02-24T21:08:02.136Z,179,10,True,False,10,0
perplexity_sd_mm13ju2b1fi5uva81o,perplexity,what is DevOps,,2026-02-24T21:08:12.061Z,195,14,True,False,10,0
perplexity_sd_mm13ju2b1fi5uva81o,perplexity,how does the immune system work,,2026-02-24T21:08:15.094Z,433,26,True,False,10,0
perplexity_sd_mm13ju2b1fi5uva81o,perplexity,how to improve credit score fast,,2026-02-24T21:08:17.557Z,249,17,True,False,10,0
perplexity_sd_mm13ju2b1fi5uva81o,perplexity,what are the causes of climate change,,2026-02-24T21:08:29.416Z,295,14,True,False,10,0
perplexity_sd_mm13ju2b1fi5uva81o,perplexity,what is a 401k plan,,2026-02-24T21:08:50.604Z,195,9,True,False,10,0
perplexity_sd_mm13ju2b1fi5uva81o,perplexity,what foods are high in protein,,2026-02-24T21:09:00.385Z,180,6,True,False,8,0
perplexity_sd_mm13ju2b1fi5uva81o,perplexity,best practices for remote work productivity,,2026-02-24T21:09:08.179Z,431,38,True,False,10,0
perplexity_sd_mm13ju2b1fi5uva81o,perplexity,what is the difference between SQL and NoSQL,,2026-02-24T21:09:59.833Z,391,47,True,False,10,0
perplexity_sd_mm13ju2b1fi5uva81o,perplexity,how to write a cover letter,,2026-02-24T21:12:11.499Z,418,25,True,False,10,0
perplexity_sd_mm13junb2gnc5z6dip,perplexity,what is the gig economy,,2026-02-24T21:08:04.371Z,85,4,False,False,10,0
perplexity_sd_mm13junb2gnc5z6dip,perplexity,how does CRISPR gene editing work,,2026-02-24T21:08:13.879Z,310,28,True,False,10,0
perplexity_sd_mm13junb2gnc5z6dip,perplexity,how to lower blood pressure naturally,,2026-02-24T21:08:17.413Z,648,43,True,False,10,0
perplexity_sd_mm13junb2gnc5z6dip,perplexity,what are the benefits of meditation,,2026-02-24T21:08:19.888Z,289,24,True,False,10,0
perplexity_sd_mm13junb2gnc5z6dip,perplexity,what is search engine optimization,,2026-02-24T21:08:20.671Z,151,9,True,False,10,0
perplexity_sd_mm13junb2gnc5z6dip,perplexity,best ways to learn a new language,,2026-02-24T21:08:26.409Z,323,23,True,False,10,0
perplexity_sd_mm13junb2gnc5z6dip,perplexity,what are the best passive income ideas,,2026-02-24T21:08:32.718Z,478,21,True,False,10,0
perplexity_sd_mm13junb2gnc5z6dip,perplexity,how does electric car battery work,,2026-02-24T21:08:35.910Z,476,43,True,False,10,0
perplexity_sd_mm13junb2gnc5z6dip,perplexity,what is content marketing,,2026-02-24T21:08:51.683Z,255,16,True,False,10,0
perplexity_sd_mm13junb2gnc5z6dip,perplexity,how to start a podcast,,2026-02-24T21:08:58.398Z,544,36,True,False,10,0
perplexity_sd_mm13jv9q2ivz6uvrp0,perplexity,what are the symptoms of anxiety disorder,,2026-02-24T21:08:17.883Z,204,8,True,False,10,0
perplexity_sd_mm13jv9q2ivz6uvrp0,perplexity,what is the difference between HTTP and HTTPS,,2026-02-24T21:08:19.742Z,252,34,True,False,10,0
perplexity_sd_mm13jv9q2ivz6uvrp0,perplexity,what is project management methodology,,2026-02-24T21:08:22.403Z,245,13,True,False,9,0
perplexity_sd_mm13jv9q2ivz6uvrp0,perplexity,how to improve public speaking skills,,2026-02-24T21:08:28.211Z,387,24,True,False,10,0
perplexity_sd_mm13jv9q2ivz6uvrp0,perplexity,best ways to reduce stress,,2026-02-24T21:08:29.504Z,349,22,True,False,10,0
perplexity_sd_mm13jv9q2ivz6uvrp0,perplexity,how to create a budget,,2026-02-24T21:08:32.109Z,626,57,True,False,8,0
perplexity_sd_mm13jv9q2ivz6uvrp0,perplexity,how does a VPN work,,2026-02-24T21:08:32.156Z,577,36,True,False,9,0
perplexity_sd_mm13jv9q2ivz6uvrp0,perplexity,what is the difference between affect and effect,,2026-02-24T21:08:51.925Z,147,8,True,False,10,0
perplexity_sd_mm13jv9q2ivz6uvrp0,perplexity,how does the federal reserve work,,2026-02-24T21:08:56.436Z,485,35,True,False,10,0
perplexity_sd_mm13jv9q2ivz6uvrp0,perplexity,how to write a business plan,,2026-02-24T21:09:29.695Z,482,46,True,False,8,0
perplexity_sd_mm13jvuu3bi96qcca,perplexity,what is the Pomodoro technique,,2026-02-24T21:08:10.106Z,176,16,True,False,10,0
perplexity_sd_mm13jvuu3bi96qcca,perplexity,what are the best productivity apps,,2026-02-24T21:08:12.423Z,415,32,True,False,10,0
perplexity_sd_mm13jvuu3bi96qcca,perplexity,best exercises for weight loss,,2026-02-24T21:08:15.620Z,450,42,True,False,9,0
perplexity_sd_mm13jvuu3bi96qcca,perplexity,how does mortgage work,,2026-02-24T21:08:18.768Z,417,24,True,False,10,0
perplexity_sd_mm13jvuu3bi96qcca,perplexity,how to save money on groceries,,2026-02-24T21:08:20.541Z,485,39,True,False,9,0
perplexity_sd_mm13jvuu3bi96qcca,perplexity,how does artificial intelligence work,,2026-02-24T21:08:20.609Z,285,19,True,False,10,0
perplexity_sd_mm13jvuu3bi96qcca,perplexity,what is cloud computing,,2026-02-24T21:08:20.787Z,232,15,True,False,10,0
perplexity_sd_mm13jvuu3bi96qcca,perplexity,what is the difference between type 1 and type 2 diabetes,,2026-02-24T21:08:38.503Z,301,19,True,False,10,0
perplexity_sd_mm13jvuu3bi96qcca,perplexity,what is UX design,,2026-02-24T21:08:39.489Z,248,13,True,False,9,0
perplexity_sd_mm13jvuu3bi96qcca,perplexity,how to start a side hustle,,2026-02-24T21:08:46.213Z,486,37,True,False,10,0
perplexity_sd_mm13jwg8w1adx1pfb,perplexity,what are the best foods for gut health,,2026-02-24T21:08:11.083Z,376,26,True,False,10,0
perplexity_sd_mm13jwg8w1adx1pfb,perplexity,how does DNA testing work,,2026-02-24T21:08:12.952Z,319,18,True,False,10,0
perplexity_sd_mm13jwg8w1adx1pfb,perplexity,best ways to learn programming,,2026-02-24T21:08:16.150Z,443,33,True,False,10,0
perplexity_sd_mm13jwg8w1adx1pfb,perplexity,what is agile methodology,,2026-02-24T21:08:19.664Z,224,14,True,False,10,0
perplexity_sd_mm13jwg8w1adx1pfb,perplexity,how does inflation affect the economy,,2026-02-24T21:08:22.903Z,355,20,True,False,10,0
perplexity_sd_mm13jwg8w1adx1pfb,perplexity,how to reduce carbon footprint,,2026-02-24T21:08:23.035Z,311,19,True,False,10,0
perplexity_sd_mm13jwg8w1adx1pfb,perplexity,what is the difference between a virus and bacteria,,2026-02-24T21:08:29.740Z,185,15,True,False,10,0
perplexity_sd_mm13jwg8w1adx1pfb,perplexity,how does the human brain work,,2026-02-24T21:08:35.586Z,237,9,True,False,10,0
perplexity_sd_mm13jwg8w1adx1pfb,perplexity,how to write a resume with no experience,,2026-02-24T21:08:45.207Z,627,42,True,True,10,0
perplexity_sd_mm13jwg8w1adx1pfb,perplexity,what are the causes of insomnia,,2026-02-24T21:09:48.436Z,214,6,True,False,10,0
perplexity_sd_mm13jx1858kufvr82,perplexity,how does GPS work,,2026-02-24T21:08:11.328Z,224,34,True,False,10,0
perplexity_sd_mm13jx1858kufvr82,perplexity,how to set SMART goals,,2026-02-24T21:08:22.861Z,437,47,True,False,10,0
perplexity_sd_mm13jx1858kufvr82,perplexity,what is technical SEO,,2026-02-24T21:08:26.988Z,427,29,True,False,10,0
perplexity_sd_mm13jx1858kufvr82,perplexity,what is cryptocurrency mining,,2026-02-24T21:08:36.704Z,180,10,True,False,10,0
perplexity_sd_mm13jx1858kufvr82,perplexity,how to read a nutrition label,,2026-02-24T21:08:38.947Z,506,34,True,False,10,0
perplexity_sd_mm13jx1858kufvr82,perplexity,best ways to improve sleep quality,,2026-02-24T21:08:40.074Z,382,22,True,False,10,0
perplexity_sd_mm13jx1858kufvr82,perplexity,what is supply chain management,,2026-02-24T21:08:40.394Z,231,15,True,False,10,0
perplexity_sd_mm13jx1858kufvr82,perplexity,how does the electoral college work,,2026-02-24T21:08:40.512Z,351,20,True,False,10,0
perplexity_sd_mm13jx1858kufvr82,perplexity,what is the difference between socialism and capitalism,,2026-02-24T21:08:57.113Z,364,24,True,False,10,0
perplexity_sd_mm13jx1858kufvr82,perplexity,what are the benefits of exercise,,2026-02-24T21:09:00.965Z,326,21,True,False,10,0
perplexity_sd_mm13jydz2njul8mmx0,perplexity,what are the symptoms of depression,,2026-02-24T21:08:12.745Z,219,8,True,False,10,0
perplexity_sd_mm13jydz2njul8mmx0,perplexity,what is behavioral economics,,2026-02-24T21:08:19.528Z,250,20,True,False,10,0
perplexity_sd_mm13jydz2njul8mmx0,perplexity,what is the difference between introvert and extrovert,,2026-02-24T21:08:23.979Z,213,12,True,False,8,0
perplexity_sd_mm13jydz2njul8mmx0,perplexity,what is the difference between a trademark and a patent,,2026-02-24T21:08:37.473Z,281,17,True,False,10,0
perplexity_sd_mm13jydz2njul8mmx0,perplexity,how does a search engine work,,2026-02-24T21:08:37.501Z,262,13,True,False,10,0
perplexity_sd_mm13jydz2njul8mmx0,perplexity,how does stem cell therapy work,,2026-02-24T21:08:42.349Z,546,42,True,False,10,0
perplexity_sd_mm13jydz2njul8mmx0,perplexity,how to improve your credit score,,2026-02-24T21:08:48.920Z,392,32,True,False,10,0
perplexity_sd_mm13jydz2njul8mmx0,perplexity,how to prepare for a job interview,,2026-02-24T21:09:56.916Z,383,23,True,False,10,0
perplexity_sd_mm13jydz2njul8mmx0,perplexity,how to build an emergency fund,,2026-02-24T21:10:07.373Z,446,27,True,False,10,0
perplexity_sd_mm13jydz2njul8mmx0,perplexity,best ways to stay motivated,,2026-02-24T21:10:19.951Z,520,59,True,False,10,0
perplexity_sd_mm13jz05tty1mbxpg,perplexity,what is the difference between manager and leader,,2026-02-24T21:08:12.171Z,264,19,True,False,10,0
perplexity_sd_mm13jz05tty1mbxpg,perplexity,what is the difference between coaching and mentoring,,2026-02-24T21:08:15.015Z,342,22,True,False,10,0
perplexity_sd_mm13jz05tty1mbxpg,perplexity,how does social media algorithm work,,2026-02-24T21:08:15.202Z,438,11,True,False,10,0
perplexity_sd_mm13jz05tty1mbxpg,perplexity,what are the best investment strategies for beginners,,2026-02-24T21:08:19.034Z,570,42,True,False,10,0
perplexity_sd_mm13jz05tty1mbxpg,perplexity,how to overcome procrastination,,2026-02-24T21:08:28.179Z,470,37,True,False,10,0
perplexity_sd_mm13jz05tty1mbxpg,perplexity,what are the benefits of reading books,,2026-02-24T21:08:28.786Z,307,21,True,False,10,0
perplexity_sd_mm13jz05tty1mbxpg,perplexity,how to deal with imposter syndrome,,2026-02-24T21:08:31.119Z,621,32,True,False,8,0
perplexity_sd_mm13jz05tty1mbxpg,perplexity,how does a mutual fund work,,2026-02-24T21:08:48.681Z,461,37,True,False,10,0
perplexity_sd_mm13jz05tty1mbxpg,perplexity,what are the best ways to network professionally,,2026-02-24T21:11:02.843Z,619,40,True,False,10,0
perplexity_sd_mm1rdoew1t0ekv92ef,perplexity,how does the lymphatic system work,,2026-02-25T08:14:50.070Z,219,25,True,False,10,0
perplexity_sd_mm1rdoew1t0ekv92ef,perplexity,what are the benefits of omega-3 fatty acids,,2026-02-25T08:14:55.481Z,242,16,True,False,10,0
perplexity_sd_mm1rdoew1t0ekv92ef,perplexity,symptoms of thyroid problems in women,,2026-02-25T08:15:02.172Z,404,35,True,False,10,0
perplexity_sd_mm1rdoew1t0ekv92ef,perplexity,symptoms of kidney disease,,2026-02-25T08:15:05.887Z,246,4,True,False,10,0
perplexity_sd_mm1rdoew1t0ekv92ef,perplexity,how to lower cholesterol naturally,,2026-02-25T08:15:14.650Z,501,33,True,False,10,0
perplexity_sd_mm1rdoew1t0ekv92ef,perplexity,how to prevent type 2 diabetes,,2026-02-25T08:15:16.812Z,489,47,True,False,9,0
perplexity_sd_mm1rdoew1t0ekv92ef,perplexity,how does the digestive system work,,2026-02-25T08:15:25.021Z,341,46,True,False,10,0
perplexity_sd_mm1rdoew1t0ekv92ef,perplexity,what is the difference between HDL and LDL cholesterol,,2026-02-25T08:16:15.451Z,253,15,True,False,10,0
perplexity_sd_mm1rdoew1t0ekv92ef,perplexity,what is the DASH diet,,2026-02-25T08:16:22.258Z,210,13,True,False,10,0
perplexity_sd_mm1rdoew1t0ekv92ef,perplexity,what causes high blood pressure,,2026-02-25T08:18:52.973Z,463,27,True,False,10,0
perplexity_sd_mm1rdozi3kiix7f12,perplexity,how to boost immune system naturally,,2026-02-25T08:18:59.405Z,476,23,True,False,8,0
perplexity_sd_mm1rdozi3kiix7f12,perplexity,what is rheumatoid arthritis,,2026-02-25T08:19:05.954Z,62,3,False,False,10,0
perplexity_sd_mm1rdozi3kiix7f12,perplexity,how long does it take to see results from exercise,,2026-02-25T08:19:08.790Z,232,11,True,False,10,0
perplexity_sd_mm1rdozi3kiix7f12,perplexity,what is the difference between Alzheimer and dementia,,2026-02-25T08:19:28.125Z,172,15,True,False,10,0
perplexity_sd_mm1rdozi3kiix7f12,perplexity,best foods to eat for heart health,,2026-02-25T08:20:02.909Z,465,31,True,False,8,0
perplexity_sd_mm1rdozi3kiix7f12,perplexity,how does chemotherapy work,,2026-02-25T08:20:04.069Z,462,24,True,False,9,0
perplexity_sd_mm1rdozi3kiix7f12,perplexity,what causes migraines,,2026-02-25T08:20:04.895Z,320,15,True,False,10,0
perplexity_sd_mm1rdozi3kiix7f12,perplexity,what are the signs of a heart attack,,2026-02-25T08:20:27.223Z,242,14,True,False,10,0
perplexity_sd_mm1rdozi3kiix7f12,perplexity,what are symptoms of iron deficiency,,2026-02-25T08:21:00.502Z,324,23,True,False,10,0
perplexity_sd_mm1rdozi3kiix7f12,perplexity,how to manage chronic pain,,2026-02-25T08:21:54.153Z,487,25,True,False,10,0
perplexity_sd_mm1rdpk8zk1378p8m,perplexity,how to improve gut microbiome,,2026-02-25T08:18:18.769Z,430,32,True,False,10,0
perplexity_sd_mm1rdpk8zk1378p8m,perplexity,what causes autoimmune diseases,,2026-02-25T08:19:05.842Z,277,17,True,False,10,0
perplexity_sd_mm1rdpk8zk1378p8m,perplexity,symptoms of sleep apnea,,2026-02-25T08:19:13.424Z,215,5,True,False,10,0
perplexity_sd_mm1rdpk8zk1378p8m,perplexity,what is PCOS and how to treat it,,2026-02-25T08:19:19.051Z,829,48,True,False,9,0
perplexity_sd_mm1rdpk8zk1378p8m,perplexity,what is the difference between Python and JavaScript,,2026-02-25T08:19:20.563Z,361,27,True,False,10,0
perplexity_sd_mm1rdpk8zk1378p8m,perplexity,how does insulin work in the body,,2026-02-25T08:19:53.665Z,422,75,True,False,10,0
perplexity_sd_mm1rdpk8zk1378p8m,perplexity,what is the difference between a cold and the flu,,2026-02-25T08:20:02.589Z,431,23,True,False,10,0
perplexity_sd_mm1rdpk8zk1378p8m,perplexity,what foods to avoid with high cholesterol,,2026-02-25T08:20:10.303Z,395,22,True,False,10,0
perplexity_sd_mm1rdpk8zk1378p8m,perplexity,how does the respiratory system work,,2026-02-25T08:20:31.138Z,460,38,True,False,10,0
perplexity_sd_mm1rdpk8zk1378p8m,perplexity,how to recover from a torn ACL,,2026-02-25T08:20:46.244Z,450,31,True,False,10,0
perplexity_sd_mm1rdq4f2ldub059n6,perplexity,how does a neural network work,,2026-02-25T08:18:56.132Z,442,29,True,False,9,0
perplexity_sd_mm1rdq4f2ldub059n6,perplexity,how does public key cryptography work,,2026-02-25T08:19:01.073Z,358,19,True,False,10,0
perplexity_sd_mm1rdq4f2ldub059n6,perplexity,what is Kubernetes,,2026-02-25T08:19:02.705Z,258,12,True,False,10,0
perplexity_sd_mm1rdq4f2ldub059n6,perplexity,what is the difference between TCP and UDP,,2026-02-25T08:19:14.647Z,384,15,True,True,9,0
perplexity_sd_mm1rdq4f2ldub059n6,perplexity,how does a compiler work,,2026-02-25T08:19:18.456Z,518,41,True,False,7,0
perplexity_sd_mm1rdq4f2ldub059n6,perplexity,best practices for API design,,2026-02-25T08:19:23.692Z,663,76,True,False,10,0
perplexity_sd_mm1rdq4f2ldub059n6,perplexity,what is the difference between REST and GraphQL,,2026-02-25T08:19:24.353Z,646,33,True,True,10,0
perplexity_sd_mm1rdq4f2ldub059n6,perplexity,how does garbage collection work in programming,,2026-02-25T08:19:33.072Z,448,35,True,False,7,0
perplexity_sd_mm1rdq4f2ldub059n6,perplexity,what is a large language model,,2026-02-25T08:19:42.536Z,405,34,True,False,10,0
perplexity_sd_mm1rdq4f2ldub059n6,perplexity,what is Docker and how does it work,,2026-02-25T08:20:02.094Z,453,33,True,False,9,0
perplexity_sd_mm1rdqq0120ak7h5qr,perplexity,how does HTTPS encryption work,,2026-02-25T08:15:07.001Z,427,34,True,False,10,0
perplexity_sd_mm1rdqq0120ak7h5qr,perplexity,what is serverless computing,,2026-02-25T08:15:09.600Z,240,13,True,False,10,0
perplexity_sd_mm1rdqq0120ak7h5qr,perplexity,what is the difference between monolith and microservices,,2026-02-25T08:15:33.657Z,345,24,True,False,10,0
perplexity_sd_mm1rdqq0120ak7h5qr,perplexity,what is CI/CD pipeline,,2026-02-25T08:15:34.080Z,418,33,True,False,10,0
perplexity_sd_mm1rdqq0120ak7h5qr,perplexity,how does React state management work,,2026-02-25T08:15:34.945Z,534,38,True,False,9,0
perplexity_sd_mm1rdqq0120ak7h5qr,perplexity,best practices for database indexing,,2026-02-25T08:15:38.266Z,23,3,False,False,10,0
perplexity_sd_mm1rdqq0120ak7h5qr,perplexity,what is the difference between SQL JOIN types,,2026-02-25T08:16:12.365Z,353,25,True,False,10,0
perplexity_sd_mm1rdqq0120ak7h5qr,perplexity,how does rate limiting work in APIs,,2026-02-25T08:16:16.601Z,484,41,True,False,10,0
perplexity_sd_mm1rdqq0120ak7h5qr,perplexity,what is WebAssembly,,2026-02-25T08:17:11.382Z,184,10,True,False,10,0
perplexity_sd_mm1rdqq0120ak7h5qr,perplexity,how does OAuth 2.0 work,,2026-02-25T08:17:14.644Z,454,32,True,False,10,0
perplexity_sd_mm1rdrb928qn2xrlrs,perplexity,what is the difference between stack and heap memory,,2026-02-25T08:15:09.969Z,351,22,True,False,10,0
perplexity_sd_mm1rdrb928qn2xrlrs,perplexity,how does browser rendering work,,2026-02-25T08:15:13.680Z,418,32,True,False,9,0
perplexity_sd_mm1rdrb928qn2xrlrs,perplexity,what is TypeScript and why use it,,2026-02-25T08:15:29.825Z,298,21,True,False,10,0
perplexity_sd_mm1rdrb928qn2xrlrs,perplexity,how does Redis caching work,,2026-02-25T08:15:44.233Z,486,28,True,False,10,0
perplexity_sd_mm1rdrb928qn2xrlrs,perplexity,how does load balancing work,,2026-02-25T08:16:19.379Z,473,44,True,False,9,0
perplexity_sd_mm1rdrb928qn2xrlrs,perplexity,what is machine learning overfitting,,2026-02-25T08:17:05.856Z,217,18,True,False,10,0
perplexity_sd_mm1rdrb928qn2xrlrs,perplexity,what is the difference between SSD and HDD,,2026-02-25T08:17:54.195Z,312,16,True,False,10,0
perplexity_sd_mm1rdrb928qn2xrlrs,perplexity,best practices for web security,,2026-02-25T08:17:56.114Z,461,43,True,False,9,0
perplexity_sd_mm1rdrb928qn2xrlrs,perplexity,how does term life insurance work,,2026-02-25T08:18:22.506Z,500,23,True,False,9,0
perplexity_sd_mm1rdrb928qn2xrlrs,perplexity,how does a hash table work,,2026-02-25T08:19:45.038Z,420,25,True,False,10,0
perplexity_sd_mm1rdrvxk5vsxm846,perplexity,how does a health savings account work,,2026-02-25T08:19:00.978Z,394,19,True,False,10,0
perplexity_sd_mm1rdrvxk5vsxm846,perplexity,what is a good debt-to-income ratio,,2026-02-25T08:19:36.741Z,159,9,True,False,10,0
perplexity_sd_mm1rdrvxk5vsxm846,perplexity,what is the difference between chapter 7 and chapter 13 bankruptcy,,2026-02-25T08:19:40.668Z,446,20,True,False,10,0
perplexity_sd_mm1rdrvxk5vsxm846,perplexity,how does index fund investing work,,2026-02-25T08:19:43.709Z,530,43,True,False,10,0
perplexity_sd_mm1rdrvxk5vsxm846,perplexity,what is dollar cost averaging,,2026-02-25T08:20:01.172Z,218,18,True,False,10,0
perplexity_sd_mm1rdrvxk5vsxm846,perplexity,how to pay off student loans faster,,2026-02-25T08:20:34.359Z,455,28,True,False,7,0
perplexity_sd_mm1rdrvxk5vsxm846,perplexity,what is a home equity loan vs HELOC,,2026-02-25T08:20:40.166Z,413,21,True,False,10,0
perplexity_sd_mm1rdrvxk5vsxm846,perplexity,how does capital gains tax work,,2026-02-25T08:20:52.219Z,489,34,True,False,10,0
perplexity_sd_mm1rdrvxk5vsxm846,perplexity,how to calculate net worth,,2026-02-25T08:21:14.112Z,348,35,True,False,9,0
perplexity_sd_mm1rdrvxk5vsxm846,perplexity,what is the difference between stocks and bonds,,2026-02-25T08:23:58.860Z,298,24,True,False,10,0
perplexity_sd_mm1rdsi6dm0yxygtp,perplexity,what is an ETF and how does it work,,2026-02-25T08:15:10.948Z,310,16,True,False,10,0
perplexity_sd_mm1rdsi6dm0yxygtp,perplexity,how to save for retirement in your 30s,,2026-02-25T08:15:17.614Z,788,46,True,False,9,0
perplexity_sd_mm1rdsi6dm0yxygtp,perplexity,what is the 4 percent rule for retirement,,2026-02-25T08:15:37.639Z,305,14,True,False,10,0
perplexity_sd_mm1rdsi6dm0yxygtp,perplexity,how does a balance transfer work,,2026-02-25T08:15:37.214Z,448,26,True,False,10,0
perplexity_sd_mm1rdsi6dm0yxygtp,perplexity,how to invest in real estate with little money,,2026-02-25T08:15:53.860Z,1199,88,True,True,8,0
perplexity_sd_mm1rdsi6dm0yxygtp,perplexity,how does margin trading work,,2026-02-25T08:16:17.244Z,376,21,True,False,10,0
perplexity_sd_mm1rdsi6dm0yxygtp,perplexity,what is an adjustable rate mortgage,,2026-02-25T08:16:20.917Z,273,13,True,False,10,0
perplexity_sd_mm1rdsi6dm0yxygtp,perplexity,what are tax deductions vs tax credits,,2026-02-25T08:17:15.081Z,202,12,True,False,10,0
perplexity_sd_mm1rdsi6dm0yxygtp,perplexity,what is private mortgage insurance,,2026-02-25T08:17:15.593Z,363,22,True,False,10,0
perplexity_sd_mm1rdsi6dm0yxygtp,perplexity,how to create a debt snowball plan,,2026-02-25T08:17:46.706Z,613,59,True,False,9,0
perplexity_sd_mm1rdt2m1l1ixmacdn,perplexity,what is the difference between gross and net income,,2026-02-25T08:15:23.254Z,223,16,True,False,10,0
perplexity_sd_mm1rdt2m1l1ixmacdn,perplexity,how does options trading work,,2026-02-25T08:15:26.550Z,634,54,True,False,10,0
perplexity_sd_mm1rdt2m1l1ixmacdn,perplexity,what is a fiduciary financial advisor,,2026-02-25T08:15:33.971Z,278,12,True,False,10,0
perplexity_sd_mm1rdt2m1l1ixmacdn,perplexity,what is a target date fund,,2026-02-25T08:16:04.891Z,144,9,True,False,10,0
perplexity_sd_mm1rdt2m1l1ixmacdn,perplexity,how does Social Security work,,2026-02-25T08:16:09.973Z,388,24,True,False,10,0
perplexity_sd_mm1rdt2m1l1ixmacdn,perplexity,how to build wealth in your 20s,,2026-02-25T08:17:08.961Z,458,30,True,False,10,0
perplexity_sd_mm1rdt2m1l1ixmacdn,perplexity,what is a dividend reinvestment plan,,2026-02-25T08:17:36.155Z,134,5,False,False,9,0
perplexity_sd_mm1rdt2m1l1ixmacdn,perplexity,how to negotiate a lower interest rate on credit card,,2026-02-25T08:18:04.295Z,19,3,False,False,10,0
perplexity_sd_mm1rdt2m1l1ixmacdn,perplexity,how does real estate appreciation work,,2026-02-25T08:18:11.622Z,412,23,True,False,10,0
perplexity_sd_mm1rdt2m1l1ixmacdn,perplexity,what causes stock market crashes,,2026-02-25T08:20:15.837Z,485,26,True,False,8,0
perplexity_sd_mm1rdtnaa83xn8raq,perplexity,what are the best remote work jobs,,2026-02-25T08:18:53.752Z,386,20,True,False,10,0
perplexity_sd_mm1rdtnaa83xn8raq,perplexity,what is umbrella insurance,,2026-02-25T08:19:10.733Z,284,16,True,False,10,0
perplexity_sd_mm1rdtnaa83xn8raq,perplexity,what is the difference between hard skills and soft skills,,2026-02-25T08:19:11.597Z,152,9,True,False,10,0
perplexity_sd_mm1rdtnaa83xn8raq,perplexity,how to transition careers without experience,,2026-02-25T08:19:17.974Z,574,34,True,False,9,0
perplexity_sd_mm1rdtnaa83xn8raq,perplexity,how does peer to peer lending work,,2026-02-25T08:19:18.891Z,402,20,True,False,10,0
perplexity_sd_mm1rdtnaa83xn8raq,perplexity,what is emotional intelligence in the workplace,,2026-02-25T08:19:23.436Z,174,17,False,True,10,0
perplexity_sd_mm1rdtnaa83xn8raq,perplexity,how to ask for a promotion,,2026-02-25T08:19:30.413Z,653,54,True,False,10,0
perplexity_sd_mm1rdtnaa83xn8raq,perplexity,how to file taxes for the first time,,2026-02-25T08:20:07.786Z,474,33,True,False,10,0
perplexity_sd_mm1rdtnaa83xn8raq,perplexity,how to deal with a difficult coworker,,2026-02-25T08:20:20.634Z,456,35,True,False,10,0
perplexity_sd_mm1rdtnaa83xn8raq,perplexity,what is the difference between active and passive investing,,2026-02-25T08:20:31.848Z,293,15,True,False,10,0
perplexity_sd_mm1rdu7t2kfr15psw9,perplexity,how to deal with burnout at work,,2026-02-25T08:15:27.349Z,345,23,True,False,10,0
perplexity_sd_mm1rdu7t2kfr15psw9,perplexity,how to build a personal brand on LinkedIn,,2026-02-25T08:15:27.992Z,943,84,True,True,8,0
perplexity_sd_mm1rdu7t2kfr15psw9,perplexity,what are the best high paying jobs without a degree,,2026-02-25T08:15:34.571Z,528,24,True,False,10,0
perplexity_sd_mm1rdu7t2kfr15psw9,perplexity,what is the difference between a resume and a CV,,2026-02-25T08:16:11.637Z,223,15,True,False,10,0
perplexity_sd_mm1rdu7t2kfr15psw9,perplexity,how to become a project manager,,2026-02-25T08:16:17.196Z,499,33,True,False,10,0
perplexity_sd_mm1rdu7t2kfr15psw9,perplexity,what is work-life balance and how to achieve it,,2026-02-25T08:16:54.204Z,313,16,True,False,10,0
perplexity_sd_mm1rdu7t2kfr15psw9,perplexity,how to negotiate a job offer,,2026-02-25T08:17:08.665Z,875,95,True,False,9,0
perplexity_sd_mm1rdu7t2kfr15psw9,perplexity,how to become a UX designer with no experience,,2026-02-25T08:18:00.331Z,1303,126,True,False,6,0
perplexity_sd_mm1rdu7t2kfr15psw9,perplexity,what is the best way to find a job in 2024,,2026-02-25T08:18:05.583Z,476,22,True,True,10,0
perplexity_sd_mm1rdu7t2kfr15psw9,perplexity,what is a performance improvement plan,,2026-02-25T08:18:22.670Z,197,15,True,False,10,0
perplexity_sd_mm1rdusf1tw0pefokb,perplexity,what skills do employers look for most,,2026-02-25T08:15:32.553Z,265,23,True,False,7,0
perplexity_sd_mm1rdusf1tw0pefokb,perplexity,what is the gig economy and is it worth it,,2026-02-25T08:15:39.215Z,505,25,True,False,10,0
perplexity_sd_mm1rdusf1tw0pefokb,perplexity,how to write a LinkedIn profile summary,,2026-02-25T08:15:43.304Z,568,46,True,False,8,0
perplexity_sd_mm1rdusf1tw0pefokb,perplexity,how to handle a layoff,,2026-02-25T08:15:53.995Z,412,28,True,False,10,0
perplexity_sd_mm1rdusf1tw0pefokb,perplexity,what is upskilling and why does it matter,,2026-02-25T08:16:24.247Z,205,14,True,False,10,0
perplexity_sd_mm1rdusf1tw0pefokb,perplexity,what makes a good manager,,2026-02-25T08:17:06.335Z,232,15,True,False,10,0
perplexity_sd_mm1rdusf1tw0pefokb,perplexity,how to get a job at a top tech company,,2026-02-25T08:17:07.635Z,496,33,True,False,10,0
perplexity_sd_mm1rdusf1tw0pefokb,perplexity,how to give constructive feedback at work,,2026-02-25T08:17:39.539Z,571,52,True,False,10,0
perplexity_sd_mm1rdusf1tw0pefokb,perplexity,how to become a data scientist,,2026-02-25T08:17:45.061Z,603,56,True,False,9,0
perplexity_sd_mm1rdusf1tw0pefokb,perplexity,what is a side hustle and how to start one,,2026-02-25T08:18:20.395Z,615,30,True,False,10,0
perplexity_sd_mm1rdvdq1q7s68w1tn,perplexity,best certifications for career advancement in tech,,2026-02-25T08:15:17.863Z,432,25,True,False,10,0
perplexity_sd_mm1rdvdq1q7s68w1tn,perplexity,how to build confidence at work,,2026-02-25T08:15:55.418Z,354,26,True,False,10,0
perplexity_sd_mm1rdvdq1q7s68w1tn,perplexity,what are the benefits of mentorship,,2026-02-25T08:15:56.464Z,142,10,True,False,10,0
perplexity_sd_mm1rdvdq1q7s68w1tn,perplexity,how to network when you are introverted,,2026-02-25T08:16:16.265Z,452,37,True,False,8,0
perplexity_sd_mm1rdvdq1q7s68w1tn,perplexity,what is the difference between leadership and management,,2026-02-25T08:16:44.552Z,165,18,True,False,10,0
perplexity_sd_mm1rdvdq1q7s68w1tn,perplexity,what is organizational culture,,2026-02-25T08:16:54.039Z,287,19,True,False,10,0
perplexity_sd_mm1rdvdq1q7s68w1tn,perplexity,how to improve time management skills,,2026-02-25T08:17:01.092Z,356,27,True,False,10,0
perplexity_sd_mm1rdvdq1q7s68w1tn,perplexity,how to create a 5-year career plan,,2026-02-25T08:17:09.735Z,549,41,True,False,10,0
perplexity_sd_mm1rdvdq1q7s68w1tn,perplexity,what is professional development,,2026-02-25T08:17:41.739Z,187,15,True,False,10,0
perplexity_sd_mm1rdvdq1q7s68w1tn,perplexity,how to become a freelancer,,2026-02-25T08:17:49.311Z,1023,84,True,False,9,0
perplexity_sd_mm1rdw0dhxb11dwrw,perplexity,how to ace a technical interview,,2026-02-25T08:15:17.403Z,489,30,True,False,10,0
perplexity_sd_mm1rdw0dhxb11dwrw,perplexity,best places to visit in Europe on a budget,,2026-02-25T08:15:53.798Z,641,44,True,False,9,0
perplexity_sd_mm1rdw0dhxb11dwrw,perplexity,how to travel cheaply around the world,,2026-02-25T08:16:27.265Z,712,53,True,False,8,0
perplexity_sd_mm1rdw0dhxb11dwrw,perplexity,best travel insurance companies,,2026-02-25T08:16:45.198Z,402,21,True,False,10,0
perplexity_sd_mm1rdw0dhxb11dwrw,perplexity,how to avoid jet lag,,2026-02-25T08:16:47.710Z,271,15,True,False,10,0
perplexity_sd_mm1rdw0dhxb11dwrw,perplexity,what documents do you need to travel internationally,,2026-02-25T08:17:12.105Z,404,22,True,False,10,0
perplexity_sd_mm1rdw0dhxb11dwrw,perplexity,best countries for digital nomads,,2026-02-25T08:17:20.067Z,402,36,True,False,10,0
perplexity_sd_mm1rdw0dhxb11dwrw,perplexity,how to stay safe when traveling alone,,2026-02-25T08:17:54.201Z,555,38,True,False,10,0
perplexity_sd_mm1rdw0dhxb11dwrw,perplexity,what is the difference between visa types,,2026-02-25T08:18:17.157Z,425,48,True,False,10,0
perplexity_sd_mm1rdw0dhxb11dwrw,perplexity,what is travel hacking with credit card points,,2026-02-25T08:18:23.846Z,238,9,True,False,10,0
perplexity_sd_mm1rdwl116qgyrcapb,perplexity,best countries to retire abroad,,2026-02-25T08:18:59.752Z,318,29,True,False,10,0
perplexity_sd_mm1rdwl116qgyrcapb,perplexity,how to find cheap flights,,2026-02-25T08:19:00.641Z,471,43,True,False,9,0
perplexity_sd_mm1rdwl116qgyrcapb,perplexity,how does travel rewards credit card work,,2026-02-25T08:19:04.699Z,17,2,False,False,10,0
perplexity_sd_mm1rdwl116qgyrcapb,perplexity,what vaccinations do you need for international travel,,2026-02-25T08:19:19.234Z,473,26,True,False,10,0
perplexity_sd_mm1rdwl116qgyrcapb,perplexity,best carry on luggage for frequent flyers,,2026-02-25T08:19:20.618Z,414,28,True,False,10,0
perplexity_sd_mm1rdwl116qgyrcapb,perplexity,best time to visit Japan,,2026-02-25T08:19:23.738Z,243,19,False,True,10,0
perplexity_sd_mm1rdwl116qgyrcapb,perplexity,how to pack light for a long trip,,2026-02-25T08:19:34.627Z,439,16,True,False,10,0
perplexity_sd_mm1rdwl116qgyrcapb,perplexity,best apps for traveling internationally,,2026-02-25T08:19:44.960Z,568,44,True,True,9,0
perplexity_sd_mm1rdwl116qgyrcapb,perplexity,what to do if your passport is stolen abroad,,2026-02-25T08:20:22.521Z,651,64,True,False,10,0
perplexity_sd_mm1rdwl116qgyrcapb,perplexity,what is slow travel,,2026-02-25T08:20:36.926Z,212,11,True,False,9,0
perplexity_sd_mm1rdx5x2arwm344xz,perplexity,what are the most underrated travel destinations,,2026-02-25T08:18:36.807Z,373,31,True,False,10,0
perplexity_sd_mm1rdx5x2arwm344xz,perplexity,best meal prep ideas for the week,,2026-02-25T08:19:03.458Z,601,61,True,False,8,0
perplexity_sd_mm1rdx5x2arwm344xz,perplexity,what is a travel itinerary and how to plan one,,2026-02-25T08:19:10.084Z,269,18,True,False,10,0
perplexity_sd_mm1rdx5x2arwm344xz,perplexity,what is the difference between baking soda and baking powder,,2026-02-25T08:19:22.766Z,364,16,True,False,10,0
perplexity_sd_mm1rdx5x2arwm344xz,perplexity,how to season a cast iron skillet,,2026-02-25T08:19:26.120Z,439,38,True,False,10,0
perplexity_sd_mm1rdx5x2arwm344xz,perplexity,how to make sourdough bread from scratch,,2026-02-25T08:19:31.468Z,922,84,True,False,10,0
perplexity_sd_mm1rdx5x2arwm344xz,perplexity,how to travel solo safely as a woman,,2026-02-25T08:19:44.107Z,325,19,True,False,10,0
perplexity_sd_mm1rdx5x2arwm344xz,perplexity,how to travel with dietary restrictions,,2026-02-25T08:20:00.996Z,539,41,True,False,10,0
perplexity_sd_mm1rdx5x2arwm344xz,perplexity,best way to exchange currency when traveling,,2026-02-25T08:20:03.684Z,419,21,True,False,10,0
perplexity_sd_mm1rdx5x2arwm344xz,perplexity,how to get global entry and TSA precheck,,2026-02-25T08:21:20.715Z,349,20,True,False,10,0
perplexity_sd_mm1rdxqb2lwebdu5ll,perplexity,what is the difference between vegan and plant-based diet,,2026-02-25T08:15:15.606Z,232,11,True,False,10,0
perplexity_sd_mm1rdxqb2lwebdu5ll,perplexity,how to make homemade pasta,,2026-02-25T08:16:11.653Z,672,71,True,False,9,0
perplexity_sd_mm1rdxqb2lwebdu5ll,perplexity,how to reduce food waste at home,,2026-02-25T08:16:52.149Z,346,21,True,False,10,0
perplexity_sd_mm1rdxqb2lwebdu5ll,perplexity,what are the healthiest cooking oils,,2026-02-25T08:16:57.827Z,327,19,True,False,6,0
perplexity_sd_mm1rdxqb2lwebdu5ll,perplexity,best fermented foods for gut health,,2026-02-25T08:17:37.324Z,410,50,True,False,7,0
perplexity_sd_mm1rdxqb2lwebdu5ll,perplexity,what is the difference between stock and broth,,2026-02-25T08:17:40.586Z,271,15,True,False,7,0
perplexity_sd_mm1rdxqb2lwebdu5ll,perplexity,how long does cooked chicken last in the fridge,,2026-02-25T08:18:13.013Z,89,9,True,False,10,0
perplexity_sd_mm1rdxqb2lwebdu5ll,perplexity,best high protein meals for muscle building,,2026-02-25T08:18:29.806Z,530,23,True,False,10,0
perplexity_sd_mm1rdxqb2lwebdu5ll,perplexity,what is the glycemic index of foods,,2026-02-25T08:18:31.568Z,304,14,True,False,9,0
perplexity_sd_mm1rdxqb2lwebdu5ll,perplexity,how to meal prep for a week on a budget,,2026-02-25T08:24:07.932Z,657,45,True,False,10,0
perplexity_sd_mm1rdyuqalh0a9znl,perplexity,what are the best anti-inflammatory foods,,2026-02-25T08:15:29.689Z,456,25,True,False,8,0
perplexity_sd_mm1rdyuqalh0a9znl,perplexity,how does food coloring affect children,,2026-02-25T08:19:13.903Z,456,31,True,False,10,0
perplexity_sd_mm1rdyuqalh0a9znl,perplexity,how to read a food nutrition label,,2026-02-25T08:19:16.801Z,592,46,True,False,10,0
perplexity_sd_mm1rdyuqalh0a9znl,perplexity,best foods to eat before a workout,,2026-02-25T08:19:24.754Z,348,30,True,False,10,0
perplexity_sd_mm1rdyuqalh0a9znl,perplexity,what is the carnivore diet,,2026-02-25T08:19:29.601Z,248,12,True,False,10,0
perplexity_sd_mm1rdyuqalh0a9znl,perplexity,what are superfoods and are they real,,2026-02-25T08:19:35.025Z,236,14,True,False,10,0
perplexity_sd_mm1rdyuqalh0a9znl,perplexity,what is intuitive eating,,2026-02-25T08:19:43.263Z,217,16,True,False,10,0
perplexity_sd_mm1rdyuqalh0a9znl,perplexity,how to preserve food without refrigeration,,2026-02-25T08:19:56.285Z,466,31,True,False,10,0
perplexity_sd_mm1rdyuqalh0a9znl,perplexity,how to make cold brew coffee at home,,2026-02-25T08:20:20.711Z,359,21,True,False,10,0
perplexity_sd_mm1rdyuqalh0a9znl,perplexity,best meal delivery kits comparison,,2026-02-25T08:20:20.895Z,462,26,True,False,10,0
perplexity_sd_mm1rdzfwleowkwr2j,perplexity,what is the difference between a will and a trust,,2026-02-25T08:15:40.418Z,485,27,True,False,10,0
perplexity_sd_mm1rdzfwleowkwr2j,perplexity,how to build a healthy plate according to nutritionists,,2026-02-25T08:15:49.592Z,378,24,True,False,10,0
perplexity_sd_mm1rdzfwleowkwr2j,perplexity,how to write a last will and testament,,2026-02-25T08:16:59.544Z,980,73,True,False,9,0
perplexity_sd_mm1rdzfwleowkwr2j,perplexity,how to dispute a medical bill,,2026-02-25T08:17:15.671Z,508,33,True,False,10,0
perplexity_sd_mm1rdzfwleowkwr2j,perplexity,what is the difference between civil and criminal law,,2026-02-25T08:17:37.464Z,359,20,True,False,10,0
perplexity_sd_mm1rdzfwleowkwr2j,perplexity,what are tenant rights when renting,,2026-02-25T08:17:51.989Z,405,22,True,False,10,0
perplexity_sd_mm1rdzfwleowkwr2j,perplexity,what is fair use in copyright law,,2026-02-25T08:18:28.364Z,474,34,True,False,10,0
perplexity_sd_mm1rdzfwleowkwr2j,perplexity,how to file a complaint against a company,,2026-02-25T08:18:30.635Z,322,29,True,False,10,0
perplexity_sd_mm1rdzfwleowkwr2j,perplexity,what is power of attorney and how does it work,,2026-02-25T08:18:30.805Z,494,32,True,False,10,0
perplexity_sd_mm1rdzfwleowkwr2j,perplexity,how does small claims court work,,2026-02-25T08:18:32.463Z,445,25,True,False,10,0
perplexity_sd_mm1re0191u8gujyh3x,perplexity,what rights do employees have in the workplace,,2026-02-25T08:15:37.102Z,419,23,True,False,10,0
perplexity_sd_mm1re0191u8gujyh3x,perplexity,how to protect your intellectual property,,2026-02-25T08:15:48.783Z,725,67,True,False,10,0
perplexity_sd_mm1re0191u8gujyh3x,perplexity,what is an LLC and how to form one,,2026-02-25T08:16:40.049Z,688,42,True,False,9,0
perplexity_sd_mm1re0191u8gujyh3x,perplexity,what is GDPR and who does it apply to,,2026-02-25T08:17:17.606Z,303,16,True,False,9,0
perplexity_sd_mm1re0191u8gujyh3x,perplexity,how to sue someone in small claims court,,2026-02-25T08:17:24.928Z,1057,78,True,False,9,0
perplexity_sd_mm1re0191u8gujyh3x,perplexity,how to get out of a contract legally,,2026-02-25T08:17:36.307Z,526,33,True,False,10,0
perplexity_sd_mm1re0191u8gujyh3x,perplexity,what is defamation and how to prove it,,2026-02-25T08:18:00.696Z,670,68,True,False,10,0
perplexity_sd_mm1re0191u8gujyh3x,perplexity,how does the probate process work,,2026-02-25T08:18:15.288Z,192,16,True,False,10,0
perplexity_sd_mm1re0191u8gujyh3x,perplexity,how does workers compensation work,,2026-02-25T08:18:21.964Z,420,22,True,False,10,0
perplexity_sd_mm1re0191u8gujyh3x,perplexity,what are your rights if you are arrested,,2026-02-25T08:21:14.650Z,377,21,True,False,10,0
perplexity_sd_mm1re0lj23wiw1fm3n,perplexity,how to build muscle as a beginner,,2026-02-25T08:19:11.682Z,343,23,True,False,10,0
perplexity_sd_mm1re0lj23wiw1fm3n,perplexity,how to dispute a credit report error,,2026-02-25T08:19:23.596Z,495,26,True,False,9,0
perplexity_sd_mm1re0lj23wiw1fm3n,perplexity,how to trademark a business name,,2026-02-25T08:19:24.846Z,820,60,True,False,9,0
perplexity_sd_mm1re0lj23wiw1fm3n,perplexity,what is the statute of limitations,,2026-02-25T08:19:33.251Z,142,9,True,False,9,0
perplexity_sd_mm1re0lj23wiw1fm3n,perplexity,what is progressive overload in weightlifting,,2026-02-25T08:19:35.741Z,322,18,True,False,9,0
perplexity_sd_mm1re0lj23wiw1fm3n,perplexity,what is the difference between a misdemeanor and a felony,,2026-02-25T08:19:42.021Z,181,8,True,False,10,0
perplexity_sd_mm1re0lj23wiw1fm3n,perplexity,best workout routine for weight loss,,2026-02-25T08:19:51.133Z,534,38,True,False,10,0
perplexity_sd_mm1re0lj23wiw1fm3n,perplexity,how does medical malpractice work,,2026-02-25T08:20:01.333Z,309,14,True,False,10,0
perplexity_sd_mm1re0lj23wiw1fm3n,perplexity,how many calories should I eat to lose weight,,2026-02-25T08:20:17.004Z,332,25,True,False,10,0
perplexity_sd_mm1re0lj23wiw1fm3n,perplexity,what is a non-disclosure agreement,,2026-02-25T08:20:39.616Z,229,18,True,False,8,0
perplexity_sd_mm1re16kgqg9drimn,perplexity,how to improve running endurance,,2026-02-25T08:15:25.086Z,317,39,False,True,10,0
perplexity_sd_mm1re16kgqg9drimn,perplexity,what is the difference between cardio and HIIT,,2026-02-25T08:15:32.415Z,405,20,True,True,10,0
perplexity_sd_mm1re16kgqg9drimn,perplexity,best supplements for muscle growth,,2026-02-25T08:15:55.929Z,557,64,True,False,9,0
perplexity_sd_mm1re16kgqg9drimn,perplexity,what is the best time of day to work out,,2026-02-25T08:15:55.994Z,292,27,True,False,10,0
perplexity_sd_mm1re16kgqg9drimn,perplexity,what is the difference between free weights and machines,,2026-02-25T08:16:18.040Z,310,15,True,False,10,0
perplexity_sd_mm1re16kgqg9drimn,perplexity,how to train for a marathon as a beginner,,2026-02-25T08:16:48.600Z,859,71,True,False,10,0
perplexity_sd_mm1re16kgqg9drimn,perplexity,how does protein synthesis work in muscles,,2026-02-25T08:17:07.357Z,519,45,True,False,10,0
perplexity_sd_mm1re16kgqg9drimn,perplexity,best home workout equipment on a budget,,2026-02-25T08:17:14.585Z,532,33,True,True,16,0
perplexity_sd_mm1re16kgqg9drimn,perplexity,how to fix bad posture from sitting,,2026-02-25T08:18:19.227Z,698,39,True,False,8,0
perplexity_sd_mm1re16kgqg9drimn,perplexity,how to stretch properly before and after exercise,,2026-02-25T08:20:10.468Z,363,24,True,False,10,0
perplexity_sd_mm1re1qq2frldkk0u1,perplexity,how to create a workout schedule,,2026-02-25T08:16:07.642Z,631,44,True,False,8,0
perplexity_sd_mm1re1qq2frldkk0u1,perplexity,how to recover from overtraining,,2026-02-25T08:18:50.857Z,712,52,True,False,9,0
perplexity_sd_mm1re1qq2frldkk0u1,perplexity,how does zone 2 cardio training work,,2026-02-25T08:19:10.777Z,455,21,True,False,10,0
perplexity_sd_mm1re1qq2frldkk0u1,perplexity,how to improve flexibility and mobility,,2026-02-25T08:19:11.582Z,648,68,True,False,9,0
perplexity_sd_mm1re1qq2frldkk0u1,perplexity,what is a caloric deficit and how to calculate it,,2026-02-25T08:19:16.809Z,328,19,True,False,10,0
perplexity_sd_mm1re1qq2frldkk0u1,perplexity,what causes delayed onset muscle soreness,,2026-02-25T08:20:00.793Z,248,33,True,False,10,0
perplexity_sd_mm1re1qq2frldkk0u1,perplexity,best exercises for core strength,,2026-02-25T08:20:06.263Z,401,33,True,False,10,0
perplexity_sd_mm1re1qq2frldkk0u1,perplexity,what is the best exercise for mental health,,2026-02-25T08:20:13.925Z,361,32,True,False,7,0
perplexity_sd_mm1re1qq2frldkk0u1,perplexity,best exercises for lower back pain,,2026-02-25T08:20:27.555Z,544,36,True,False,10,0
perplexity_sd_mm1re1qq2frldkk0u1,perplexity,how to lose belly fat effectively,,2026-02-25T08:21:55.368Z,645,47,True,False,8,0
perplexity_sd_mm1re2as1z3llg7c86,perplexity,what is the difference between aerobic and anaerobic exercise,,2026-02-25T08:15:41.417Z,255,20,True,False,10,0
perplexity_sd_mm1re2as1z3llg7c86,perplexity,how to handle a toddler meltdown,,2026-02-25T08:16:01.111Z,743,87,True,False,8,0
perplexity_sd_mm1re2as1z3llg7c86,perplexity,what is gentle parenting,,2026-02-25T08:16:25.099Z,144,15,True,False,10,0
perplexity_sd_mm1re2as1z3llg7c86,perplexity,best books for new parents,,2026-02-25T08:16:29.992Z,478,23,True,False,10,0
perplexity_sd_mm1re2as1z3llg7c86,perplexity,how much screen time is too much for kids,,2026-02-25T08:17:23.012Z,338,18,True,False,10,0
perplexity_sd_mm1re2as1z3llg7c86,perplexity,what is the difference between authoritative and authoritarian parenting,,2026-02-25T08:17:23.040Z,257,15,True,False,10,0
perplexity_sd_mm1re2as1z3llg7c86,perplexity,how to raise financially responsible children,,2026-02-25T08:18:18.478Z,467,32,True,False,10,0
perplexity_sd_mm1re2as1z3llg7c86,perplexity,how to talk to kids about death,,2026-02-25T08:18:20.164Z,474,43,True,False,10,0
perplexity_sd_mm1re2as1z3llg7c86,perplexity,what age should kids start learning to read,,2026-02-25T08:18:21.843Z,278,15,True,False,10,0
perplexity_sd_mm1re2as1z3llg7c86,perplexity,best ways to discipline a child without yelling,,2026-02-25T08:18:31.219Z,395,27,True,False,10,0
perplexity_sd_mm1re2x417gd31lzn1,perplexity,how to help a child with anxiety,,2026-02-25T08:15:26.377Z,586,29,True,False,9,0
perplexity_sd_mm1re2x417gd31lzn1,perplexity,what is helicopter parenting and its effects,,2026-02-25T08:15:32.702Z,847,47,True,False,8,0
perplexity_sd_mm1re2x417gd31lzn1,perplexity,how to encourage a growth mindset in children,,2026-02-25T08:16:17.674Z,496,33,True,False,10,0
perplexity_sd_mm1re2x417gd31lzn1,perplexity,how to talk to teens about social media,,2026-02-25T08:16:48.089Z,667,47,True,False,10,0
perplexity_sd_mm1re2x417gd31lzn1,perplexity,what are signs of ADHD in children,,2026-02-25T08:16:52.876Z,334,14,True,False,10,0
perplexity_sd_mm1re2x417gd31lzn1,perplexity,what is attachment theory in child development,,2026-02-25T08:17:25.719Z,406,27,True,False,10,0
perplexity_sd_mm1re2x417gd31lzn1,perplexity,how to co-parent effectively after divorce,,2026-02-25T08:17:32.040Z,627,40,True,False,9,0
perplexity_sd_mm1re2x417gd31lzn1,perplexity,what are the stages of child development,,2026-02-25T08:18:06.760Z,269,22,True,False,10,0
perplexity_sd_mm1re2x417gd31lzn1,perplexity,how to prepare a child for a new sibling,,2026-02-25T08:18:14.357Z,608,39,True,False,7,0
perplexity_sd_mm1re2x417gd31lzn1,perplexity,best educational apps for kids,,2026-02-25T08:18:41.205Z,573,35,True,True,7,0
perplexity_sd_mm1re3ie13hh2hcb52,perplexity,how did the Industrial Revolution change society,,2026-02-25T08:18:39.212Z,348,17,True,False,10,0
perplexity_sd_mm1re3ie13hh2hcb52,perplexity,what caused the fall of the Roman Empire,,2026-02-25T08:19:03.262Z,177,9,True,False,10,0
perplexity_sd_mm1re3ie13hh2hcb52,perplexity,what was the significance of the Magna Carta,,2026-02-25T08:19:06.712Z,185,7,True,False,10,0
perplexity_sd_mm1re3ie13hh2hcb52,perplexity,what was the Manhattan Project,,2026-02-25T08:19:10.023Z,199,13,True,False,9,0
perplexity_sd_mm1re3ie13hh2hcb52,perplexity,how did World War 1 start,,2026-02-25T08:19:15.038Z,192,13,True,False,10,0
perplexity_sd_mm1re3ie13hh2hcb52,perplexity,what was the significance of the printing press,,2026-02-25T08:19:15.047Z,302,14,True,False,10,0
perplexity_sd_mm1re3ie13hh2hcb52,perplexity,what caused the Great Depression,,2026-02-25T08:19:19.300Z,360,19,True,False,7,0
perplexity_sd_mm1re3ie13hh2hcb52,perplexity,how did the civil rights movement change America,,2026-02-25T08:19:47.292Z,478,26,True,False,10,0
perplexity_sd_mm1re3ie13hh2hcb52,perplexity,how to stop a child from lying,,2026-02-25T08:20:24.944Z,576,52,True,False,10,0
perplexity_sd_mm1re3ie13hh2hcb52,perplexity,how did the Cold War end,,2026-02-25T08:21:04.527Z,198,14,True,False,10,0
perplexity_sd_mm1re43u1c7w4ffmib,perplexity,how did the internet change the world,,2026-02-25T08:15:55.786Z,237,11,True,False,10,0
perplexity_sd_mm1re43u1c7w4ffmib,perplexity,how did colonialism shape the modern world,,2026-02-25T08:15:59.025Z,192,21,False,False,10,0
perplexity_sd_mm1re43u1c7w4ffmib,perplexity,what caused World War 2,,2026-02-25T08:16:06.221Z,201,16,True,False,10,0
perplexity_sd_mm1re43u1c7w4ffmib,perplexity,what was the Berlin Wall and why was it built,,2026-02-25T08:16:07.528Z,641,53,True,False,10,0
perplexity_sd_mm1re43u1c7w4ffmib,perplexity,how did the French Revolution start,,2026-02-25T08:16:27.656Z,287,24,True,False,10,0
perplexity_sd_mm1re43u1c7w4ffmib,perplexity,what was the significance of the moon landing,,2026-02-25T08:16:37.050Z,287,17,True,False,10,0
perplexity_sd_mm1re43u1c7w4ffmib,perplexity,how did the Black Death change Europe,,2026-02-25T08:17:13.901Z,329,16,True,False,10,0
perplexity_sd_mm1re43u1c7w4ffmib,perplexity,what is the history of the United Nations,,2026-02-25T08:17:18.566Z,652,27,True,False,10,0
perplexity_sd_mm1re43u1c7w4ffmib,perplexity,what was the significance of the Treaty of Versailles,,2026-02-25T08:18:00.894Z,424,19,True,False,10,0
perplexity_sd_mm1re43u1c7w4ffmib,perplexity,how did slavery shape the American economy,,2026-02-25T08:18:05.160Z,347,20,True,False,10,0
perplexity_sd_mm1re4p7pqp9rt2vu,perplexity,what was the space race about,,2026-02-25T08:15:21.527Z,309,19,True,False,7,0
perplexity_sd_mm1re4p7pqp9rt2vu,perplexity,how does evolution work,,2026-02-25T08:16:21.924Z,319,20,True,False,10,0
perplexity_sd_mm1re4p7pqp9rt2vu,perplexity,what is the difference between nuclear fission and fusion,,2026-02-25T08:16:22.909Z,383,25,True,False,10,0
perplexity_sd_mm1re4p7pqp9rt2vu,perplexity,how does vaccination work,,2026-02-25T08:16:56.706Z,270,23,True,False,10,0
perplexity_sd_mm1re4p7pqp9rt2vu,perplexity,how does mRNA vaccine technology work,,2026-02-25T08:17:55.436Z,435,42,True,False,10,0
perplexity_sd_mm1re4p7pqp9rt2vu,perplexity,how does the gut-brain axis work,,2026-02-25T08:18:11.556Z,610,68,True,False,8,0
perplexity_sd_mm1re4p7pqp9rt2vu,perplexity,how does quantum entanglement work,,2026-02-25T08:18:16.556Z,608,29,True,False,8,0
perplexity_sd_mm1re4p7pqp9rt2vu,perplexity,what is dark matter,,2026-02-25T08:18:18.159Z,432,38,True,False,9,0
perplexity_sd_mm1re4p7pqp9rt2vu,perplexity,what is epigenetics,,2026-02-25T08:18:26.743Z,464,27,True,False,10,0
perplexity_sd_mm1re4p7pqp9rt2vu,perplexity,what is the theory of relativity explained simply,,2026-02-25T08:18:44.224Z,342,24,True,False,10,0
perplexity_sd_mm1re5961d784hoczu,perplexity,how does student loan forgiveness work,,2026-02-25T08:19:00.179Z,734,36,True,False,10,0
perplexity_sd_mm1re5961d784hoczu,perplexity,what is neuroplasticity,,2026-02-25T08:19:08.548Z,199,13,True,False,10,0
perplexity_sd_mm1re5961d784hoczu,perplexity,how does the carbon cycle work,,2026-02-25T08:19:08.569Z,318,34,True,False,10,0
perplexity_sd_mm1re5961d784hoczu,perplexity,how to study effectively for exams,,2026-02-25T08:19:11.364Z,335,25,True,False,10,0
perplexity_sd_mm1re5961d784hoczu,perplexity,best online learning platforms comparison,,2026-02-25T08:19:15.545Z,440,29,True,False,10,0
perplexity_sd_mm1re5961d784hoczu,perplexity,what is the difference between a PhD and a professional doctorate,,2026-02-25T08:19:16.561Z,254,12,True,False,10,0
perplexity_sd_mm1re5961d784hoczu,perplexity,what is antibiotic resistance,,2026-02-25T08:19:21.915Z,195,11,True,False,10,0
perplexity_sd_mm1re5961d784hoczu,perplexity,how did the universe begin,,2026-02-25T08:19:32.080Z,275,18,True,False,10,0
perplexity_sd_mm1re5961d784hoczu,perplexity,how does the human genome work,,2026-02-25T08:19:55.320Z,415,45,True,False,10,0
perplexity_sd_mm1re5961d784hoczu,perplexity,what is the difference between GMO and hybrid crops,,2026-02-25T08:20:54.920Z,482,24,True,False,10,0
perplexity_sd_mm1re5tpjpu4l081s,perplexity,how to choose a college major,,2026-02-25T08:18:17.140Z,770,62,True,True,9,0
perplexity_sd_mm1re5tpjpu4l081s,perplexity,how to memorize things quickly,,2026-02-25T08:19:02.798Z,400,43,True,False,6,0
perplexity_sd_mm1re5tpjpu4l081s,perplexity,what are the best MOOCs for data science,,2026-02-25T08:19:09.989Z,374,30,True,False,10,0
perplexity_sd_mm1re5tpjpu4l081s,perplexity,what is the Feynman technique for learning,,2026-02-25T08:19:12.371Z,244,18,True,False,10,0
perplexity_sd_mm1re5tpjpu4l081s,perplexity,how to speed read effectively,,2026-02-25T08:19:17.025Z,580,48,True,False,10,0
perplexity_sd_mm1re5tpjpu4l081s,perplexity,what is project-based learning,,2026-02-25T08:19:21.870Z,221,14,True,False,10,0
perplexity_sd_mm1re5tpjpu4l081s,perplexity,what is the Socratic method of teaching,,2026-02-25T08:19:28.186Z,305,20,True,False,10,0
perplexity_sd_mm1re5tpjpu4l081s,perplexity,how does the US education system compare to other countries,,2026-02-25T08:19:33.457Z,517,50,True,True,9,0
perplexity_sd_mm1re5tpjpu4l081s,perplexity,what is the difference between associate and bachelor degree,,2026-02-25T08:19:39.764Z,384,27,True,False,10,0
perplexity_sd_mm1re5tpjpu4l081s,perplexity,how to pay for college without student loans,,2026-02-25T08:21:12.538Z,479,40,True,False,8,0
perplexity_sd_mm1re6fo1hv3eodkra,perplexity,how does international trade work,,2026-02-25T08:18:54.968Z,423,18,True,False,10,0
perplexity_sd_mm1re6fo1hv3eodkra,perplexity,what is experiential learning,,2026-02-25T08:19:04.781Z,205,13,True,False,10,0
perplexity_sd_mm1re6fo1hv3eodkra,perplexity,what causes stagflation,,2026-02-25T08:19:18.908Z,65,4,False,False,10,0
perplexity_sd_mm1re6fo1hv3eodkra,perplexity,what is GDP and how is it calculated,,2026-02-25T08:19:22.775Z,327,9,True,False,10,0
perplexity_sd_mm1re6fo1hv3eodkra,perplexity,what is a trade deficit,,2026-02-25T08:19:24.327Z,61,3,False,False,10,0
perplexity_sd_mm1re6fo1hv3eodkra,perplexity,how to get scholarships for college,,2026-02-25T08:19:34.062Z,537,48,True,False,9,0
perplexity_sd_mm1re6fo1hv3eodkra,perplexity,what is the difference between fiscal and monetary policy,,2026-02-25T08:19:43.093Z,372,20,True,False,10,0
perplexity_sd_mm1re6fo1hv3eodkra,perplexity,what is quantitative easing,,2026-02-25T08:20:17.664Z,269,16,True,False,10,0
perplexity_sd_mm1re6fo1hv3eodkra,perplexity,how does monetary policy affect inflation,,2026-02-25T08:24:06.644Z,322,20,True,False,10,0
perplexity_sd_mm1re6fo1hv3eodkra,perplexity,how does the European Central Bank work,,2026-02-25T08:24:22.329Z,394,39,True,False,10,0
perplexity_sd_mm1re70bjrw3zpu84,perplexity,what is game theory in economics,,2026-02-25T08:15:54.870Z,245,20,True,False,10,0
perplexity_sd_mm1re70bjrw3zpu84,perplexity,how does the minimum wage affect the economy,,2026-02-25T08:16:03.734Z,623,26,True,False,8,0
perplexity_sd_mm1re70bjrw3zpu84,perplexity,what is the Laffer curve,,2026-02-25T08:16:06.973Z,250,31,True,False,8,0
perplexity_sd_mm1re70bjrw3zpu84,perplexity,how does universal basic income work,,2026-02-25T08:16:09.067Z,658,49,True,False,8,0
perplexity_sd_mm1re70bjrw3zpu84,perplexity,how do tariffs work,,2026-02-25T08:16:39.212Z,274,19,True,False,10,0
perplexity_sd_mm1re70bjrw3zpu84,perplexity,what is venture capital and how does it work,,2026-02-25T08:16:40.767Z,433,23,True,False,10,0
perplexity_sd_mm1re70bjrw3zpu84,perplexity,how does the debt ceiling work,,2026-02-25T08:17:04.429Z,376,24,True,False,10,0
perplexity_sd_mm1re70bjrw3zpu84,perplexity,how to validate a business idea,,2026-02-25T08:17:15.739Z,440,20,True,False,10,0
perplexity_sd_mm1re70bjrw3zpu84,perplexity,what is a competitive analysis,,2026-02-25T08:17:40.777Z,213,12,True,False,10,0
perplexity_sd_mm1re70bjrw3zpu84,perplexity,how does venture capital funding work,,2026-02-25T08:19:00.831Z,538,29,True,False,10,0
perplexity_sd_mm1re7lq2hvqxxvreb,perplexity,what is a SWOT analysis,,2026-02-25T08:19:14.072Z,200,24,True,False,10,0
perplexity_sd_mm1re7lq2hvqxxvreb,perplexity,what is a pitch deck and what should it include,,2026-02-25T08:19:18.674Z,386,23,True,False,10,0
perplexity_sd_mm1re7lq2hvqxxvreb,perplexity,how to build a SaaS business,,2026-02-25T08:19:20.718Z,417,21,True,False,10,0
perplexity_sd_mm1re7lq2hvqxxvreb,perplexity,what is the difference between B2B and B2C,,2026-02-25T08:19:23.292Z,404,21,True,True,10,0
perplexity_sd_mm1re7lq2hvqxxvreb,perplexity,how to scale a small business,,2026-02-25T08:19:25.618Z,670,88,True,False,10,0
perplexity_sd_mm1re7lq2hvqxxvreb,perplexity,how does a franchise model work,,2026-02-25T08:19:44.274Z,410,21,True,False,10,0
perplexity_sd_mm1re7lq2hvqxxvreb,perplexity,how to create a pricing strategy,,2026-02-25T08:19:53.490Z,766,79,True,True,8,0
perplexity_sd_mm1re7lq2hvqxxvreb,perplexity,how to create a minimum viable product,,2026-02-25T08:19:56.749Z,756,91,True,False,9,0
perplexity_sd_mm1re7lq2hvqxxvreb,perplexity,what is the difference between sole proprietorship and LLC,,2026-02-25T08:20:29.505Z,480,31,True,False,10,0
perplexity_sd_mm1re7lq2hvqxxvreb,perplexity,what is product market fit,,2026-02-25T08:21:24.998Z,328,13,True,False,9,0
perplexity_sd_mm1re86y1cfnhxw2vi,perplexity,how to measure business success with KPIs,,2026-02-25T08:16:39.235Z,996,118,True,True,8,0
perplexity_sd_mm1re86y1cfnhxw2vi,perplexity,what is conversion rate optimization,,2026-02-25T08:18:13.306Z,244,21,True,False,10,0
perplexity_sd_mm1re86y1cfnhxw2vi,perplexity,what is the difference between revenue and profit,,2026-02-25T08:19:02.764Z,260,26,True,False,10,0
perplexity_sd_mm1re86y1cfnhxw2vi,perplexity,how does email marketing work,,2026-02-25T08:19:03.068Z,450,28,True,False,10,0
perplexity_sd_mm1re86y1cfnhxw2vi,perplexity,what is influencer marketing,,2026-02-25T08:19:09.331Z,246,17,True,False,10,0
perplexity_sd_mm1re86y1cfnhxw2vi,perplexity,what is the difference between SEO and SEM,,2026-02-25T08:19:25.071Z,235,11,True,False,10,0
perplexity_sd_mm1re86y1cfnhxw2vi,perplexity,how does programmatic advertising work,,2026-02-25T08:20:01.733Z,516,33,True,False,10,0
perplexity_sd_mm1re86y1cfnhxw2vi,perplexity,how to create a social media strategy,,2026-02-25T08:20:41.268Z,794,76,True,False,10,0
perplexity_sd_mm1re86y1cfnhxw2vi,perplexity,what is an exit strategy in business,,2026-02-25T08:20:43.397Z,330,21,True,False,10,0
perplexity_sd_mm1re86y1cfnhxw2vi,perplexity,how to build an email list from scratch,,2026-02-25T08:25:11.573Z,535,38,True,False,10,0
perplexity_sd_mm1re8rly4fmb6dc5,perplexity,what is a marketing funnel,,2026-02-25T08:16:21.674Z,314,21,True,False,10,0
perplexity_sd_mm1re8rly4fmb6dc5,perplexity,how does Google Ads work,,2026-02-25T08:17:00.167Z,444,36,True,False,8,0
perplexity_sd_mm1re8rly4fmb6dc5,perplexity,what is affiliate marketing,,2026-02-25T08:17:40.641Z,259,12,True,False,10,0
perplexity_sd_mm1re8rly4fmb6dc5,perplexity,how to do keyword research for SEO,,2026-02-25T08:17:52.327Z,407,24,True,False,10,0
perplexity_sd_mm1re8rly4fmb6dc5,perplexity,what is brand positioning,,2026-02-25T08:18:04.202Z,109,9,True,False,10,0
perplexity_sd_mm1re8rly4fmb6dc5,perplexity,how does remarketing work,,2026-02-25T08:18:04.325Z,330,22,True,False,10,0
perplexity_sd_mm1re8rly4fmb6dc5,perplexity,what is the difference between a landing page and homepage,,2026-02-25T08:18:28.989Z,253,18,True,False,10,0
perplexity_sd_mm1re8rly4fmb6dc5,perplexity,what is the difference between organic and paid social media,,2026-02-25T08:18:31.443Z,372,19,True,True,10,0
perplexity_sd_mm1re8rly4fmb6dc5,perplexity,what is cognitive behavioral therapy,,2026-02-25T08:18:31.490Z,230,19,True,False,10,0
perplexity_sd_mm1re8rly4fmb6dc5,perplexity,how to measure marketing ROI,,2026-02-25T08:20:07.571Z,396,30,True,False,10,0
perplexity_sd_mm1re9c213quqrikzu,perplexity,how does social comparison theory work,,2026-02-25T08:19:00.896Z,501,40,True,False,9,0
perplexity_sd_mm1re9c213quqrikzu,perplexity,what are the stages of grief,,2026-02-25T08:19:16.534Z,71,6,False,False,10,0
perplexity_sd_mm1re9c213quqrikzu,perplexity,how does confirmation bias work,,2026-02-25T08:19:16.752Z,258,14,True,False,10,0
perplexity_sd_mm1re9c213quqrikzu,perplexity,how does trauma affect the brain,,2026-02-25T08:19:23.108Z,461,30,True,False,10,0
perplexity_sd_mm1re9c213quqrikzu,perplexity,how does Maslow hierarchy of needs work,,2026-02-25T08:19:24.688Z,430,27,True,False,8,0
perplexity_sd_mm1re9c213quqrikzu,perplexity,what is attachment theory,,2026-02-25T08:19:39.113Z,218,13,True,False,10,0
perplexity_sd_mm1re9c213quqrikzu,perplexity,what are the Big 5 personality traits,,2026-02-25T08:19:42.732Z,96,8,True,False,10,0
perplexity_sd_mm1re9c213quqrikzu,perplexity,what is the difference between psychologist and psychiatrist,,2026-02-25T08:19:44.917Z,294,16,True,False,10,0
perplexity_sd_mm1re9c213quqrikzu,perplexity,what is the dunning-kruger effect,,2026-02-25T08:19:47.107Z,276,20,True,False,10,0
perplexity_sd_mm1re9c213quqrikzu,perplexity,how does classical conditioning work,,2026-02-25T08:20:25.077Z,324,22,True,False,10,0
perplexity_sd_mm1re9wf23mxbz8f2l,perplexity,what is the difference between weather and climate,,2026-02-25T08:19:09.670Z,268,14,True,False,10,0
perplexity_sd_mm1re9wf23mxbz8f2l,perplexity,how does carbon capture technology work,,2026-02-25T08:19:11.992Z,480,37,True,False,10,0
perplexity_sd_mm1re9wf23mxbz8f2l,perplexity,how does the placebo effect work,,2026-02-25T08:19:14.204Z,295,16,True,False,10,0
perplexity_sd_mm1re9wf23mxbz8f2l,perplexity,how does solar energy work,,2026-02-25T08:19:17.656Z,621,82,True,True,9,0
perplexity_sd_mm1re9wf23mxbz8f2l,perplexity,how does positive reinforcement work,,2026-02-25T08:19:20.687Z,258,26,True,False,10,0
perplexity_sd_mm1re9wf23mxbz8f2l,perplexity,what is biodiversity and why does it matter,,2026-02-25T08:19:25.894Z,210,14,True,False,10,0
perplexity_sd_mm1re9wf23mxbz8f2l,perplexity,how does therapy help with mental health,,2026-02-25T08:19:31.290Z,393,27,True,False,10,0
perplexity_sd_mm1re9wf23mxbz8f2l,perplexity,what is emotional regulation and how to improve it,,2026-02-25T08:19:50.998Z,356,22,True,False,10,0
perplexity_sd_mm1re9wf23mxbz8f2l,perplexity,what is the difference between anxiety and depression,,2026-02-25T08:20:22.681Z,385,25,True,False,10,0
perplexity_sd_mm1re9wf23mxbz8f2l,perplexity,what is the psychology of motivation,,2026-02-25T08:25:07.115Z,374,30,True,False,10,0
perplexity_sd_mm1reahq2khmnawe2n,perplexity,what is the Paris Agreement,,2026-02-25T08:16:08.139Z,93,6,False,False,10,0
perplexity_sd_mm1reahq2khmnawe2n,perplexity,what are the effects of microplastics on health,,2026-02-25T08:17:27.274Z,550,58,True,False,10,0
perplexity_sd_mm1reahq2khmnawe2n,perplexity,how to make your home more energy efficient,,2026-02-25T08:17:42.109Z,687,40,True,False,8,0
perplexity_sd_mm1reahq2khmnawe2n,perplexity,what is environmental justice,,2026-02-25T08:18:20.902Z,193,10,True,False,9,0
perplexity_sd_mm1reahq2khmnawe2n,perplexity,how does deforestation affect climate change,,2026-02-25T08:18:25.410Z,435,30,True,False,8,0
perplexity_sd_mm1reahq2khmnawe2n,perplexity,how does wind energy work,,2026-02-25T08:18:34.776Z,448,46,True,False,9,0
perplexity_sd_mm1reahq2khmnawe2n,perplexity,what is greenwashing,,2026-02-25T08:18:44.249Z,207,14,True,False,10,0
perplexity_sd_mm1reahq2khmnawe2n,perplexity,how does electric vehicle adoption affect emissions,,2026-02-25T08:18:48.303Z,496,31,True,False,10,0
perplexity_sd_mm1reahq2khmnawe2n,perplexity,how does ocean acidification work,,2026-02-25T08:18:54.068Z,374,22,True,False,9,0
perplexity_sd_mm1reahq2khmnawe2n,perplexity,what is the circular economy,,2026-02-25T08:19:06.324Z,193,15,True,False,10,0
perplexity_sd_mm1reb1k1lc8foqyks,perplexity,how does the US Supreme Court work,,2026-02-25T08:18:10.287Z,570,33,True,False,9,0
perplexity_sd_mm1reb1k1lc8foqyks,perplexity,how do coral reefs die,,2026-02-25T08:18:58.950Z,343,17,True,False,10,0
perplexity_sd_mm1reb1k1lc8foqyks,perplexity,what is net zero emissions,,2026-02-25T08:19:03.801Z,185,8,True,False,10,0
perplexity_sd_mm1reb1k1lc8foqyks,perplexity,what is the difference between renewable and nonrenewable energy,,2026-02-25T08:19:21.039Z,274,9,True,False,10,0
perplexity_sd_mm1reb1k1lc8foqyks,perplexity,what is lobbying and how does it affect politics,,2026-02-25T08:19:22.793Z,358,20,True,False,10,0
perplexity_sd_mm1reb1k1lc8foqyks,perplexity,how does NATO work,,2026-02-25T08:19:38.816Z,294,15,True,False,10,0
perplexity_sd_mm1reb1k1lc8foqyks,perplexity,what is gerrymandering,,2026-02-25T08:19:48.749Z,277,14,True,False,10,0
perplexity_sd_mm1reb1k1lc8foqyks,perplexity,how does ranked choice voting work,,2026-02-25T08:19:52.178Z,231,20,True,False,10,0
perplexity_sd_mm1reb1k1lc8foqyks,perplexity,what is the difference between the House and Senate,,2026-02-25T08:19:54.949Z,318,22,True,False,10,0
perplexity_sd_mm1reb1k1lc8foqyks,perplexity,how does sustainable agriculture work,,2026-02-25T08:21:33.521Z,429,25,True,False,10,0
perplexity_sd_mm1reblh1y4c64c2s4,perplexity,what is campaign finance reform,,2026-02-25T08:19:00.653Z,237,13,True,False,10,0
perplexity_sd_mm1reblh1y4c64c2s4,perplexity,how does the United Nations work,,2026-02-25T08:19:09.132Z,581,23,True,False,10,0
perplexity_sd_mm1reblh1y4c64c2s4,perplexity,how does a bill become a law in the US,,2026-02-25T08:19:14.291Z,491,35,True,False,10,0
perplexity_sd_mm1reblh1y4c64c2s4,perplexity,what is political polarization,,2026-02-25T08:19:21.236Z,192,17,True,False,9,0
perplexity_sd_mm1reblh1y4c64c2s4,perplexity,what is the difference between democracy and republic,,2026-02-25T08:19:24.014Z,363,22,True,False,10,0
perplexity_sd_mm1reblh1y4c64c2s4,perplexity,how does immigration policy work in the US,,2026-02-25T08:19:25.802Z,626,67,True,False,8,0
perplexity_sd_mm1reblh1y4c64c2s4,perplexity,how does the IMF work,,2026-02-25T08:19:36.641Z,264,20,True,False,10,0
perplexity_sd_mm1reblh1y4c64c2s4,perplexity,what is the difference between foreign policy and domestic policy,,2026-02-25T08:19:47.927Z,227,16,True,False,10,0
perplexity_sd_mm1reblh1y4c64c2s4,perplexity,what is universal healthcare and how does it work,,2026-02-25T08:20:26.144Z,421,42,True,False,10,0
perplexity_sd_mm1reblh1y4c64c2s4,perplexity,how does the World Bank work,,2026-02-25T08:23:06.979Z,459,16,True,False,9,0
perplexity_sd_mm1rec5d1g2dh1n714,perplexity,how to build better habits,,2026-02-25T08:19:04.574Z,640,61,True,False,9,0
perplexity_sd_mm1rec5d1g2dh1n714,perplexity,what are the benefits of journaling,,2026-02-25T08:19:20.099Z,344,23,True,False,9,0
perplexity_sd_mm1rec5d1g2dh1n714,perplexity,how to practice mindfulness for beginners,,2026-02-25T08:19:21.005Z,913,79,True,False,9,0
perplexity_sd_mm1rec5d1g2dh1n714,perplexity,how to improve morning routine,,2026-02-25T08:19:26.382Z,596,37,True,False,10,0
perplexity_sd_mm1rec5d1g2dh1n714,perplexity,how do sanctions work in international relations,,2026-02-25T08:19:28.606Z,595,40,True,False,8,0
perplexity_sd_mm1rec5d1g2dh1n714,perplexity,what is minimalism and how to practice it,,2026-02-25T08:19:34.577Z,765,52,True,False,8,0
perplexity_sd_mm1rec5d1g2dh1n714,perplexity,what is the KonMari method,,2026-02-25T08:19:39.416Z,415,54,True,False,10,0
perplexity_sd_mm1rec5d1g2dh1n714,perplexity,how to stop doom scrolling,,2026-02-25T08:19:55.775Z,672,53,True,False,7,0
perplexity_sd_mm1rec5d1g2dh1n714,perplexity,what is the difference between left wing and right wing politics,,2026-02-25T08:20:12.545Z,627,21,True,True,10,0
perplexity_sd_mm1rec5d1g2dh1n714,perplexity,best books on self improvement,,2026-02-25T08:21:01.710Z,259,9,True,False,10,0
perplexity_sd_mm1recqhywvcyd86o,perplexity,what are the best personal finance books,,2026-02-25T08:18:23.545Z,536,20,True,False,8,0
perplexity_sd_mm1recqhywvcyd86o,perplexity,how to break bad habits,,2026-02-25T08:18:59.875Z,723,83,True,False,9,0
perplexity_sd_mm1recqhywvcyd86o,perplexity,how to improve focus and concentration,,2026-02-25T08:19:11.218Z,302,18,True,False,10,0
perplexity_sd_mm1recqhywvcyd86o,perplexity,how to set boundaries in relationships,,2026-02-25T08:19:12.999Z,607,38,True,False,9,0
perplexity_sd_mm1recqhywvcyd86o,perplexity,what are the benefits of cold showers,,2026-02-25T08:19:14.084Z,379,23,True,False,8,0
perplexity_sd_mm1recqhywvcyd86o,perplexity,what is the difference between introversion and shyness,,2026-02-25T08:19:14.488Z,287,17,True,False,10,0
perplexity_sd_mm1recqhywvcyd86o,perplexity,how to declutter your home,,2026-02-25T08:19:28.974Z,604,54,True,False,10,0
perplexity_sd_mm1recqhywvcyd86o,perplexity,how to create a capsule wardrobe,,2026-02-25T08:19:33.088Z,698,73,True,False,9,0
perplexity_sd_mm1recqhywvcyd86o,perplexity,what are the benefits of gratitude practice,,2026-02-25T08:20:01.042Z,207,14,True,False,10,0
perplexity_sd_mm1recqhywvcyd86o,perplexity,what is digital minimalism,,2026-02-25T08:20:31.309Z,118,9,True,False,10,0
